order_id,order_date,customer_id,customer_age,region,channel,category,product,unit_price,quantity,discount_pct,revenue,payment_method,order_status,rating
ORD-000001,2025-12-26,CUST-00143,31.0,North,Mobile App,Clothing,Running Shoes,158.92,2,0,317.84,Gift Card,Completed,1.1
ORD-000002,2025-11-13,CUST-00734,69.0,Central,Mobile App,Books,Fiction Novel,23.7,1,10,21.33,Crypto,Completed,1.0
ORD-000003,2026-07-18,CUST-00981,69.0,East,Website,Home & Kitchen,Bed Sheets,49.47,2,0,98.94,Crypto,Completed,3.4
ORD-000004,2026-07-01,CUST-00388,22.0,North,Mobile App,Electronics,USB-C Hub,49.15,4,25,147.45,Gift Card,Cancelled,1.8
ORD-000005,2025-11-03,CUST-00876,41.0,South,Marketplace,Electronics,Smartwatch,430.2,1,25,322.65,Crypto,Completed,2.5
ORD-000006,2026-07-02,CUST-00700,35.0,North,Mobile App,Beauty,Moisturizer,47.42,1,15,40.31,Debit Card,Completed,2.8
ORD-000007,2026-05-21,CUST-00235,63.0,North,Marketplace,Books,Business Mindset,32.04,4,15,108.94,Crypto,Completed,4.8
ORD-000008,2025-12-27,CUST-00937,55.0,West,Website,Beauty,Moisturizer,71.19,2,5,135.26,Debit Card,Completed,2.1
ORD-000009,2026-03-16,CUST-00142,61.0,Central,Mobile App,Toys,Doll Set,29.42,1,0,29.42,Credit Card,Cancelled,1.6
ORD-000010,2025-03-03,CUST-00480,64.0,Central,Website,Toys,Doll Set,16.79,2,5,31.9,Gift Card,Cancelled,
ORD-000011,2025-03-15,CUST-00349,34.0,North,Website,Clothing,Winter Coat,166.12,1,15,141.2,Debit Card,Completed,4.5
ORD-000012,2024-09-27,CUST-00306,51.0,Central,Mobile App,Home & Kitchen,Blender,106.94,1,20,85.55,Debit Card,Completed,4.8
ORD-000013,2026-08-10,CUST-00952,23.0,East,Marketplace,Electronics,Bluetooth Speaker,72.28,1,0,72.28,PayPal,Completed,3.3
ORD-000014,2026-08-30,CUST-00546,56.0,South,Website,Clothing,Polo Shirt,51.72,1,25,38.79,Crypto,Pending,3.1
ORD-000015,2026-07-11,CUST-00707,51.0,South,Marketplace,Toys,Remote Car,79.52,1,15,67.59,Crypto,Pending,2.8
ORD-000016,2025-02-28,CUST-00022,58.0,Central,Mobile App,Automotive,Car Phone Mount,11.33,1,0,11.33,Gift Card,Completed,
ORD-000017,2025-01-16,CUST-00339,54.0,North,Mobile App,Electronics,Smartwatch,83.45,1,0,83.45,PayPal,Completed,1.5
ORD-000018,2025-08-09,CUST-00195,21.0,North,Website,Automotive,Dash Cam,126.31,1,15,107.36,Crypto,Completed,4.5
ORD-000019,2026-02-24,CUST-00883,29.0,North,Website,Clothing,Running Shoes,46.94,1,5,44.59,Debit Card,Completed,
ORD-000020,2025-06-11,CUST-00454,33.0,Central,Website,Sports,Jump Rope,8.75,1,20,7.0,Gift Card,Returned,4.7
ORD-000021,2025-01-01,CUST-00411,47.0,North,Website,Home & Kitchen,Bed Sheets,39.6,3,0,118.8,Credit Card,Pending,4.1
ORD-000022,2025-02-20,CUST-00803,55.0,Central,Mobile App,Sports,Jump Rope,10.04,1,15,8.53,Crypto,Completed,4.9
ORD-000023,2024-12-01,CUST-00515,61.0,Central,Website,Electronics,Laptop Stand,45.03,1,10,40.53,Gift Card,Completed,3.4
ORD-000024,2025-10-02,CUST-00253,38.0,Central,Mobile App,Books,Cook Book,19.49,1,20,15.59,Gift Card,Completed,3.3
ORD-000025,2026-03-25,CUST-00272,18.0,West,Website,Sports,Resistance Bands,24.07,1,5,22.87,PayPal,Completed,4.7
ORD-000026,2025-11-18,CUST-00076,33.0,Central,Website,Automotive,Car Vacuum,90.9,1,25,68.18,PayPal,Completed,1.3
ORD-000027,2025-10-23,CUST-00721,60.0,East,Mobile App,Beauty,Perfume,48.62,1,15,41.33,Gift Card,Completed,2.2
ORD-000028,2026-08-09,CUST-00761,58.0,Central,Website,Clothing,Denim Jacket,67.48,2,20,107.97,PayPal,Completed,1.8
ORD-000029,2025-11-14,CUST-00867,39.0,North,Website,Sports,Gym Bag,57.75,1,20,46.2,Crypto,Returned,
ORD-000030,2025-06-27,CUST-00723,52.0,West,Mobile App,Home & Kitchen,Knife Set,32.93,1,5,31.28,Credit Card,Completed,4.6
ORD-000031,2026-06-29,CUST-00131,24.0,North,Website,Electronics,Laptop Stand,57.04,1,0,57.04,Credit Card,Cancelled,2.0
ORD-000032,2025-10-18,CUST-00636,44.0,South,In-Store,Beauty,Hair Dryer,100.44,5,5,477.09,Debit Card,Cancelled,4.2
ORD-000033,2024-12-06,CUST-00954,20.0,West,Marketplace,Electronics,Smartwatch,511.95,1,5,486.35,Debit Card,Completed,1.4
ORD-000034,2026-02-10,CUST-00359,35.0,East,Marketplace,Automotive,Dash Cam,40.27,1,20,32.22,Debit Card,Completed,2.6
ORD-000035,2024-11-09,CUST-00696,34.0,Central,Website,Clothing,Yoga Pants,55.32,2,10,99.58,Credit Card,Completed,1.7
ORD-000036,2026-07-04,CUST-00806,20.0,East,Mobile App,Electronics,Wireless Earbuds,114.09,1,5,108.39,Gift Card,Completed,1.8
ORD-000037,2025-04-03,CUST-00704,60.0,South,Website,Toys,LEGO Set,54.39,1,15,46.23,Credit Card,Pending,3.5
ORD-000038,2025-12-16,CUST-00335,61.0,West,Mobile App,Clothing,Yoga Pants,80.57,1,10,72.51,Gift Card,Completed,4.8
ORD-000039,2025-05-22,CUST-00854,47.0,North,Website,Home & Kitchen,Blender,75.04,1,5,71.29,Debit Card,Completed,3.6
ORD-000040,2025-11-25,CUST-00813,70.0,South,Mobile App,Automotive,Tire Inflator,100.48,1,10,90.43,PayPal,Completed,2.3
ORD-000041,2026-05-05,CUST-00026,58.0,North,Website,Books,Business Mindset,16.46,2,0,32.92,Crypto,Completed,2.8
ORD-000042,2025-11-12,CUST-00672,62.0,North,Marketplace,Books,Cook Book,38.12,1,0,38.12,Credit Card,Completed,4.2
ORD-000043,2025-04-15,CUST-00125,66.0,West,Website,Automotive,Car Phone Mount,22.71,1,20,18.17,Crypto,Completed,3.4
ORD-000044,2025-08-02,CUST-00437,33.0,Central,Mobile App,Automotive,Car Vacuum,60.75,1,20,48.6,Debit Card,Completed,2.0
ORD-000045,2025-03-30,CUST-00451,26.0,North,Marketplace,Sports,Gym Bag,35.38,1,0,35.38,Debit Card,Completed,3.2
ORD-000046,2026-03-11,CUST-00220,44.0,North,Mobile App,Home & Kitchen,Coffee Maker,60.77,1,0,60.77,PayPal,Completed,1.8
ORD-000047,2024-10-05,CUST-00902,44.0,Central,Website,Toys,Doll Set,68.71,1,0,68.71,Credit Card,Pending,2.6
ORD-000048,2025-04-15,CUST-00030,57.0,West,Website,Books,Cook Book,17.68,3,5,50.39,Crypto,Completed,4.7
ORD-000049,2026-03-03,CUST-00086,47.0,West,Website,Electronics,USB-C Hub,39.68,2,10,71.42,Crypto,Completed,2.3
ORD-000050,2025-03-07,CUST-00771,40.0,West,Website,Beauty,Perfume,78.81,1,5,74.87,Credit Card,Completed,1.2
ORD-000051,2024-12-28,CUST-00773,48.0,North,In-Store,Books,Python Programming,67.75,2,10,121.95,Debit Card,Returned,2.0
ORD-000052,2026-01-29,CUST-00263,28.0,East,Website,Clothing,Winter Coat,168.78,1,5,160.34,Gift Card,Pending,4.1
ORD-000053,2025-09-23,CUST-00590,24.0,West,Website,Sports,Yoga Mat,38.99,1,20,31.19,Debit Card,Completed,3.5
ORD-000054,2025-06-28,CUST-00580,59.0,North,Website,Sports,Gym Bag,60.28,2,15,102.48,Crypto,Completed,
ORD-000055,2026-01-20,CUST-00109,59.0,West,In-Store,Beauty,Face Serum,49.68,3,15,126.68,Crypto,Completed,3.9
ORD-000056,2026-03-31,CUST-00496,23.0,West,Mobile App,Sports,Gym Bag,48.33,2,10,86.99,Gift Card,Completed,4.3
ORD-000057,2025-03-26,CUST-00625,69.0,West,Website,Sports,Jump Rope,6.93,1,5,6.58,Crypto,Returned,1.8
ORD-000058,2024-11-24,CUST-00902,64.0,East,Mobile App,Sports,Water Bottle,20.22,1,10,18.2,Gift Card,Pending,
ORD-000059,2026-07-08,CUST-00488,37.0,West,Mobile App,Toys,Puzzle 1000pc,28.92,2,0,57.84,Credit Card,Completed,3.8
ORD-000060,2025-12-03,CUST-00764,30.0,Central,Website,Beauty,Lip Gloss Set,38.14,2,5,72.47,Crypto,Completed,1.5
ORD-000061,2026-01-27,CUST-00707,56.0,South,Website,Beauty,Face Serum,45.2,1,25,33.9,Crypto,Completed,4.0
ORD-000062,2025-06-18,CUST-00370,21.0,South,Website,Sports,Yoga Mat,52.47,1,0,52.47,Gift Card,Completed,
ORD-000063,2026-04-13,CUST-00106,34.0,North,Mobile App,Sports,Resistance Bands,24.77,1,15,21.05,Crypto,Completed,4.9
ORD-000064,2025-12-27,CUST-00076,23.0,Central,Mobile App,Automotive,Car Phone Mount,55.46,1,5,52.69,Credit Card,Completed,4.8
ORD-000065,2026-08-08,CUST-00611,55.0,Central,Website,Books,Python Programming,34.53,2,5,65.61,Gift Card,Completed,2.2
ORD-000066,2024-10-28,CUST-00984,33.0,North,In-Store,Toys,Board Game,41.52,3,0,124.56,Debit Card,Completed,1.3
ORD-000067,2026-01-07,CUST-00462,47.0,Central,Mobile App,Home & Kitchen,Blender,28.97,1,0,28.97,Credit Card,Completed,3.8
ORD-000068,2026-07-03,CUST-00641,35.0,Central,Mobile App,Clothing,Denim Jacket,129.71,3,15,330.76,Debit Card,Completed,3.6
ORD-000069,2025-07-18,CUST-00610,35.0,Central,In-Store,Home & Kitchen,Air Fryer,71.77,2,15,122.01,Crypto,Completed,3.8
ORD-000070,2024-12-17,CUST-00443,54.0,East,Mobile App,Automotive,Tire Inflator,57.01,1,0,57.01,Credit Card,Completed,4.3
ORD-000071,2025-09-22,CUST-00180,58.0,West,Mobile App,Electronics,Laptop Stand,53.86,2,15,91.56,Crypto,Cancelled,3.3
ORD-000072,2025-09-12,CUST-00329,43.0,North,Marketplace,Automotive,Car Phone Mount,22.9,4,5,87.02,PayPal,Completed,3.7
ORD-000073,2025-10-16,CUST-00119,30.0,West,Marketplace,Electronics,USB-C Hub,26.84,1,0,26.84,Credit Card,Completed,2.7
ORD-000074,2026-09-04,CUST-00779,49.0,North,Website,Beauty,Hair Dryer,77.65,4,10,279.54,Gift Card,Completed,4.5
ORD-000075,2026-06-04,CUST-00246,25.0,South,Website,Clothing,Running Shoes,117.85,1,10,106.06,Credit Card,Completed,
ORD-000076,2025-04-22,CUST-00956,47.0,East,Mobile App,Automotive,Car Phone Mount,25.02,2,0,50.04,PayPal,Completed,2.9
ORD-000077,2025-01-13,CUST-00765,68.0,South,Marketplace,Home & Kitchen,Bed Sheets,26.17,1,10,23.55,PayPal,Completed,2.4
ORD-000078,2025-01-29,CUST-00602,39.0,Central,In-Store,Sports,Yoga Mat,19.41,1,0,19.41,Crypto,Cancelled,2.9
ORD-000079,2026-05-25,CUST-00715,48.0,South,Mobile App,Toys,Puzzle 1000pc,34.31,1,20,27.45,Debit Card,Returned,2.3
ORD-000080,2026-08-29,CUST-00668,,,Mobile App,Toys,Puzzle 1000pc,39.68,1,15,33.73,Credit Card,Completed,
ORD-000081,2026-04-09,CUST-00740,57.0,South,Mobile App,Automotive,Car Phone Mount,21.91,1,5,20.81,Debit Card,Completed,2.1
ORD-000082,2025-10-31,CUST-00880,52.0,Central,Website,Toys,LEGO Set,97.77,2,20,156.43,PayPal,Completed,3.0
ORD-000083,2025-12-15,CUST-00944,58.0,East,In-Store,Electronics,Bluetooth Speaker,68.59,4,10,246.92,Credit Card,Completed,
ORD-000084,2026-02-17,CUST-00030,51.0,North,Website,Clothing,Polo Shirt,14.62,1,0,14.62,Credit Card,Completed,1.6
ORD-000085,2025-05-16,CUST-00180,27.0,North,Mobile App,Toys,Doll Set,45.04,1,0,45.04,Crypto,Completed,4.7
ORD-000086,2026-05-26,CUST-00683,46.0,North,Marketplace,Books,Cook Book,30.4,1,5,28.88,Crypto,Cancelled,1.6
ORD-000087,2026-06-05,CUST-00707,33.0,East,Mobile App,Beauty,Hair Dryer,47.44,2,25,71.16,PayPal,Completed,2.9
ORD-000088,2025-05-06,CUST-00717,65.0,East,Website,Toys,Doll Set,31.38,2,0,62.76,Crypto,Completed,3.7
ORD-000089,2025-07-22,CUST-00925,57.0,East,Marketplace,Electronics,Bluetooth Speaker,126.73,1,15,-107.72,Debit Card,Completed,3.5
ORD-000090,2026-06-24,CUST-00662,36.0,North,Website,Sports,Resistance Bands,28.85,2,20,46.16,Crypto,Completed,1.5
ORD-000091,2026-07-28,CUST-00553,48.0,East,Mobile App,Beauty,Lip Gloss Set,15.11,1,0,15.11,PayPal,Returned,4.3
ORD-000092,2025-02-16,CUST-00078,69.0,South,Marketplace,Sports,Water Bottle,19.31,2,5,36.69,Debit Card,Cancelled,4.9
ORD-000093,2025-10-31,CUST-00550,24.0,North,Mobile App,Beauty,Face Serum,74.19,1,0,74.19,PayPal,Completed,4.8
ORD-000094,2025-10-27,CUST-00575,62.0,East,In-Store,Books,Cook Book,16.25,1,20,13.0,Debit Card,Completed,2.9
ORD-000095,2025-06-30,CUST-00039,47.0,East,In-Store,Sports,Jump Rope,6.75,1,0,6.75,Credit Card,Completed,1.5
ORD-000096,2026-06-27,CUST-00159,62.0,West,Mobile App,Beauty,Hair Dryer,56.43,1,15,47.97,Crypto,Completed,2.1
ORD-000097,2026-03-17,CUST-00876,43.0,East,Website,Beauty,Moisturizer,27.96,1,25,20.97,PayPal,Completed,2.4
ORD-000098,2025-07-02,CUST-00844,68.0,West,Website,Sports,Resistance Bands,41.0,1,20,32.8,Debit Card,Completed,1.1
ORD-000099,2025-02-21,CUST-00211,39.0,North,Marketplace,Beauty,Moisturizer,38.67,1,15,32.87,Gift Card,Completed,
ORD-000100,2025-11-10,CUST-00149,40.0,South,Mobile App,Home & Kitchen,Blender,45.81,1,20,36.65,Debit Card,Completed,1.5
ORD-000101,2025-02-22,CUST-00054,46.0,South,Marketplace,Books,Fiction Novel,8.78,1,0,8.78,Gift Card,Completed,
ORD-000102,2025-09-27,CUST-00227,48.0,Central,Website,Beauty,Hair Dryer,66.05,1,5,62.75,Gift Card,Completed,1.1
ORD-000103,2025-12-22,CUST-00932,26.0,West,Website,Toys,Puzzle 1000pc,49.94,1,5,47.44,Credit Card,Completed,
ORD-000104,2026-02-24,CUST-00333,68.0,West,In-Store,Sports,Gym Bag,33.57,1,10,30.21,Gift Card,Completed,2.7
ORD-000105,2025-02-27,CUST-00463,38.0,South,Mobile App,Clothing,Winter Coat,131.65,1,0,131.65,Crypto,Completed,2.3
ORD-000106,2026-08-05,CUST-00486,65.0,North,Website,Sports,Water Bottle,33.75,2,10,60.75,Credit Card,Completed,
ORD-000107,2025-05-20,CUST-00576,45.0,Central,Website,Beauty,Moisturizer,36.03,5,10,162.14,Credit Card,Completed,4.8
ORD-000108,2024-11-06,CUST-00592,53.0,Central,Website,Electronics,Laptop Stand,75.43,1,5,71.66,Crypto,Completed,
ORD-000109,2026-02-09,CUST-00827,60.0,West,Marketplace,Beauty,Face Serum,42.74,1,10,38.47,Gift Card,Completed,1.1
ORD-000110,2025-01-14,CUST-00317,27.0,East,Website,Sports,Yoga Mat,16.18,1,15,13.75,Debit Card,Cancelled,2.6
ORD-000111,2025-11-06,CUST-00430,56.0,West,Website,Electronics,Wireless Earbuds,160.69,1,0,160.69,PayPal,Completed,4.8
ORD-000112,2026-01-05,CUST-00051,66.0,North,Website,Clothing,Running Shoes,36.71,1,15,31.2,Crypto,Completed,2.1
ORD-000113,2026-06-05,CUST-00695,18.0,Central,Mobile App,Clothing,Yoga Pants,46.5,1,0,46.5,PayPal,Completed,3.4
ORD-000114,2025-10-16,CUST-00783,42.0,East,Website,Books,Business Mindset,42.32,7,15,251.8,Credit Card,Completed,1.7
ORD-000115,2025-01-25,CUST-00363,38.0,North,Website,Books,Fiction Novel,12.25,1,10,11.03,Credit Card,Completed,1.3
ORD-000116,2026-02-24,CUST-00297,62.0,North,Mobile App,Toys,Doll Set,24.06,1,10,21.65,PayPal,Completed,2.8
ORD-000117,2025-01-16,CUST-00447,39.0,Central,Mobile App,Beauty,Face Serum,32.34,1,0,32.34,Credit Card,Completed,2.4
ORD-000118,2025-01-10,CUST-00523,27.0,South,In-Store,Home & Kitchen,Air Fryer,92.03,1,0,92.03,PayPal,Completed,3.6
ORD-000119,2026-02-21,CUST-00617,66.0,South,Marketplace,Books,Python Programming,13.08,3,0,39.24,Credit Card,Completed,3.0
ORD-000120,2024-10-02,CUST-00331,55.0,East,Website,Automotive,Car Vacuum,57.36,2,25,86.04,Credit Card,Completed,4.2
ORD-000121,2026-03-17,CUST-00463,57.0,North,Website,Electronics,Laptop Stand,42.32,2,5,80.41,PayPal,Completed,4.4
ORD-000122,2025-01-27,CUST-00757,27.0,North,Mobile App,Toys,Puzzle 1000pc,19.77,1,25,14.83,Gift Card,Completed,2.9
ORD-000123,2026-06-24,CUST-00352,51.0,North,Mobile App,Electronics,USB-C Hub,25.18,3,20,60.43,Debit Card,Completed,5.0
ORD-000124,2025-04-24,CUST-00419,24.0,East,Mobile App,Home & Kitchen,Knife Set,42.35,1,0,42.35,Credit Card,Returned,1.3
ORD-000125,2026-07-12,CUST-00988,37.0,Central,Marketplace,Toys,Board Game,26.33,2,20,42.13,PayPal,Completed,4.7
ORD-000126,2025-08-07,CUST-00318,65.0,Central,Website,Toys,Remote Car,55.7,6,20,267.36,PayPal,Returned,4.3
ORD-000127,2025-09-24,CUST-00317,26.0,South,In-Store,Clothing,Polo Shirt,35.99,1,0,35.99,PayPal,Pending,1.9
ORD-000128,2025-06-18,CUST-00520,26.0,Central,Marketplace,Home & Kitchen,Air Fryer,101.41,1,15,86.2,Gift Card,Completed,4.1
ORD-000129,2026-08-26,CUST-00790,41.0,Central,Marketplace,Toys,Remote Car,29.73,1,15,25.27,Debit Card,Completed,
ORD-000130,2026-02-24,CUST-00803,30.0,West,Website,Books,Cook Book,21.4,1,15,18.19,Debit Card,Completed,2.9
ORD-000131,2025-09-15,CUST-00289,26.0,West,Mobile App,Beauty,Hair Dryer,93.89,1,5,89.2,Crypto,Pending,4.2
ORD-000132,2026-09-23,CUST-00568,35.0,North,Marketplace,Sports,Yoga Mat,41.66,1,20,33.33,Gift Card,Returned,4.1
ORD-000133,2026-07-26,CUST-00970,41.0,South,Marketplace,Automotive,Car Vacuum,28.74,1,5,27.3,PayPal,Cancelled,2.6
ORD-000134,2025-12-29,CUST-00029,36.0,East,In-Store,Books,Cook Book,71.73,2,5,136.29,PayPal,Returned,
ORD-000135,2025-09-19,CUST-00631,64.0,North,In-Store,Automotive,Dash Cam,117.3,1,5,111.43,Credit Card,Completed,3.2
ORD-000136,2025-09-05,CUST-00125,49.0,North,Website,Toys,LEGO Set,79.05,4,0,316.2,Gift Card,Completed,
ORD-000137,2025-12-24,CUST-00299,23.0,West,Website,Electronics,Bluetooth Speaker,161.81,1,15,137.54,PayPal,Completed,3.7
ORD-000138,2025-12-06,CUST-00806,42.0,Central,Mobile App,Beauty,Face Serum,123.53,1,10,111.18,Crypto,Cancelled,
ORD-000139,2025-08-09,CUST-00070,20.0,East,Website,Beauty,Perfume,97.26,2,5,184.79,Credit Card,Completed,2.3
ORD-000140,2024-11-27,CUST-00851,67.0,West,In-Store,Beauty,Hair Dryer,65.51,1,10,58.96,Crypto,Completed,1.3
ORD-000141,2024-11-29,CUST-00205,34.0,North,Website,Automotive,Car Phone Mount,24.44,1,0,24.44,PayPal,Completed,3.2
ORD-000142,2025-06-17,CUST-00049,42.0,East,Website,Electronics,Smartwatch,184.83,3,20,443.59,PayPal,Completed,2.8
ORD-000143,2025-07-27,CUST-00947,56.0,Central,Website,Beauty,Moisturizer,39.2,1,5,37.24,Credit Card,Completed,
ORD-000144,2025-03-04,CUST-00336,46.0,East,Website,Home & Kitchen,Blender,47.98,1,0,47.98,Gift Card,Completed,2.8
ORD-000145,2026-01-06,CUST-00655,19.0,North,Website,Electronics,Laptop Stand,41.17,1,5,39.11,Crypto,Completed,3.7
ORD-000146,2025-08-29,CUST-00130,27.0,North,Website,Home & Kitchen,Blender,92.64,2,5,176.02,PayPal,Completed,1.1
ORD-000147,2024-10-22,CUST-00588,19.0,South,Mobile App,Automotive,Seat Covers,54.1,1,15,45.98,Crypto,Completed,4.8
ORD-000148,2026-06-06,CUST-00121,49.0,East,Marketplace,Home & Kitchen,Bed Sheets,58.65,1,20,46.92,Crypto,Completed,3.8
ORD-000149,2025-05-04,CUST-00177,36.0,West,In-Store,Books,Python Programming,17.78,2,0,35.56,PayPal,Completed,3.2
ORD-000150,2026-02-23,CUST-00654,33.0,South,Marketplace,Sports,Resistance Bands,20.38,1,20,16.3,Gift Card,Completed,4.2
ORD-000151,2025-03-20,CUST-00479,48.0,Central,Website,Automotive,Car Phone Mount,16.66,1,10,14.99,Credit Card,Completed,3.9
ORD-000152,2025-12-14,CUST-00996,67.0,East,Mobile App,Toys,Puzzle 1000pc,56.09,2,0,112.18,Crypto,Completed,1.5
ORD-000153,2025-08-09,CUST-00057,40.0,North,Mobile App,Home & Kitchen,Coffee Maker,81.91,1,20,65.53,PayPal,Completed,3.8
ORD-000154,2025-07-21,CUST-00565,59.0,East,Website,Sports,Yoga Mat,27.59,1,10,24.83,PayPal,Completed,
ORD-000155,2024-10-10,CUST-00675,19.0,Central,Marketplace,Home & Kitchen,Blender,126.54,1,0,126.54,Gift Card,Completed,1.2
ORD-000156,2025-10-22,CUST-00272,58.0,South,Marketplace,Clothing,Running Shoes,127.47,1,15,108.35,Crypto,Completed,
ORD-000157,2025-07-10,CUST-00702,47.0,West,Website,Sports,Water Bottle,22.09,5,15,93.88,Credit Card,Completed,2.7
ORD-000158,2026-06-25,CUST-00736,41.0,East,Marketplace,Books,Business Mindset,28.99,2,5,55.08,PayPal,Pending,
ORD-000159,2025-01-30,CUST-00461,33.0,South,Website,Clothing,Yoga Pants,25.96,1,0,25.96,Credit Card,Completed,3.5
ORD-000160,2025-10-02,CUST-00195,23.0,South,Mobile App,Home & Kitchen,Knife Set,104.17,2,15,177.09,Gift Card,Completed,3.0
ORD-000161,2025-07-03,CUST-00598,48.0,East,Website,Toys,Doll Set,41.46,1,0,41.46,PayPal,Completed,3.6
ORD-000162,2026-01-30,CUST-00138,30.0,East,Marketplace,Sports,Gym Bag,14.29,2,0,28.58,Crypto,Completed,3.3
ORD-000163,2026-08-11,CUST-00462,24.0,Central,Website,Beauty,Hair Dryer,46.65,3,5,132.95,Gift Card,Completed,
ORD-000164,2025-11-30,CUST-00962,20.0,East,Marketplace,Toys,Board Game,60.83,1,5,57.79,Debit Card,Completed,1.2
ORD-000165,2024-11-19,CUST-00153,57.0,Central,Marketplace,Home & Kitchen,Knife Set,109.61,2,10,197.3,Debit Card,Completed,1.7
ORD-000166,2025-08-22,CUST-00546,39.0,West,Marketplace,Sports,Gym Bag,36.82,2,15,62.59,PayPal,Completed,
ORD-000167,2026-04-03,CUST-00743,54.0,North,Mobile App,Clothing,Polo Shirt,35.08,2,15,59.64,PayPal,Pending,4.1
ORD-000168,2025-01-16,CUST-00645,62.0,Central,Marketplace,Books,Python Programming,24.8,5,0,124.0,Crypto,Completed,1.1
ORD-000169,2024-11-26,CUST-00156,65.0,West,Mobile App,Clothing,Denim Jacket,60.59,1,5,57.56,Crypto,Completed,2.9
ORD-000170,2025-09-18,CUST-00679,52.0,West,Mobile App,Electronics,Smartwatch,241.87,1,10,217.68,PayPal,Pending,
ORD-000171,2025-12-08,CUST-00253,63.0,East,Mobile App,Beauty,Perfume,135.85,1,0,135.85,Debit Card,Pending,4.1
ORD-000172,2024-10-05,CUST-00957,70.0,East,Website,Books,Cook Book,26.21,1,5,24.9,Gift Card,Completed,4.9
ORD-000173,2026-06-04,CUST-00732,70.0,North,Website,Beauty,Moisturizer,28.07,1,0,28.07,Crypto,Completed,1.9
ORD-000174,2025-10-31,CUST-00631,21.0,Central,Website,Sports,Gym Bag,60.29,2,0,120.58,Credit Card,Completed,3.6
ORD-000175,2025-12-16,CUST-00698,48.0,South,Website,Clothing,Polo Shirt,47.78,1,5,45.39,Gift Card,Pending,3.6
ORD-000176,2025-10-01,CUST-00293,20.0,North,In-Store,Automotive,Dash Cam,135.47,2,0,270.94,Credit Card,Completed,4.0
ORD-000177,2026-05-24,CUST-00942,36.0,North,In-Store,Home & Kitchen,Bed Sheets,74.11,1,0,74.11,Crypto,Returned,4.0
ORD-000178,2024-09-24,CUST-00951,50.0,East,Website,Electronics,Wireless Earbuds,74.9,3,10,202.23,Gift Card,Completed,1.5
ORD-000179,2025-04-30,CUST-00167,61.0,West,Mobile App,Automotive,Seat Covers,31.9,1,0,31.9,Debit Card,Completed,2.2
ORD-000180,2026-08-11,CUST-00416,26.0,West,Mobile App,Books,Data Science Guide,40.61,8,10,292.39,Credit Card,Completed,
ORD-000181,2025-03-18,CUST-00393,18.0,South,Mobile App,Automotive,Seat Covers,68.66,2,0,137.32,PayPal,Pending,3.9
ORD-000182,2024-10-06,CUST-00122,67.0,West,Website,Sports,Water Bottle,29.38,1,0,29.38,Crypto,Completed,4.6
ORD-000183,2026-08-21,CUST-00377,41.0,Central,Website,Sports,Yoga Mat,43.74,1,20,34.99,Debit Card,Completed,5.0
ORD-000184,2026-06-22,CUST-00822,46.0,South,Marketplace,Toys,Doll Set,60.9,2,15,103.53,Gift Card,Cancelled,
ORD-000185,2025-11-21,CUST-00849,38.0,Central,In-Store,Beauty,Face Serum,97.55,1,0,97.55,Debit Card,Completed,
ORD-000186,2025-01-02,CUST-00501,47.0,North,Marketplace,Automotive,Car Phone Mount,21.29,2,15,36.19,Crypto,Returned,3.1
ORD-000187,2025-04-11,CUST-00741,40.0,North,Website,Electronics,Bluetooth Speaker,74.95,2,15,127.42,Credit Card,Completed,1.2
ORD-000188,2025-09-26,CUST-00071,59.0,West,Website,Clothing,Winter Coat,236.55,1,20,189.24,Crypto,Completed,
ORD-000189,2024-10-05,CUST-00891,52.0,West,Website,Toys,Board Game,60.19,1,5,57.18,Gift Card,Completed,1.5
ORD-000190,2025-12-14,CUST-00855,42.0,North,Marketplace,Toys,Doll Set,38.38,1,25,28.79,PayPal,Completed,2.7
ORD-000191,2026-03-06,CUST-00194,33.0,North,Website,Books,Data Science Guide,28.03,1,0,28.03,Crypto,Completed,4.6
ORD-000192,2025-06-21,CUST-00613,67.0,North,Website,Books,Python Programming,18.53,2,0,37.06,Credit Card,Completed,1.9
ORD-000193,2026-02-12,CUST-00836,27.0,Central,Website,Electronics,Smartwatch,162.61,1,0,162.61,Gift Card,Completed,1.9
ORD-000194,2025-03-02,CUST-00972,40.0,Central,Marketplace,Books,Cook Book,18.65,1,0,18.65,Debit Card,Completed,3.0
ORD-000195,2025-12-22,CUST-00153,63.0,East,Website,Toys,Doll Set,52.77,1,5,50.13,Gift Card,Completed,2.2
ORD-000196,2026-05-19,CUST-00992,23.0,West,Mobile App,Home & Kitchen,Bed Sheets,76.01,2,10,136.82,Debit Card,Completed,2.3
ORD-000197,2026-04-29,CUST-00196,66.0,North,Website,Automotive,Seat Covers,26.36,1,15,22.41,Gift Card,Completed,1.8
ORD-000198,2025-07-18,CUST-00311,66.0,North,Website,Books,Cook Book,21.5,1,20,17.2,Debit Card,Pending,
ORD-000199,2025-05-07,CUST-00407,34.0,South,Mobile App,Automotive,Dash Cam,104.87,1,15,89.14,PayPal,Completed,2.4
ORD-000200,2024-12-01,CUST-00823,54.0,West,Marketplace,Beauty,Hair Dryer,145.94,1,5,138.64,PayPal,Cancelled,2.7
ORD-000201,2025-11-23,CUST-00599,,,Marketplace,Books,Data Science Guide,24.18,2,10,43.52,PayPal,Completed,
ORD-000202,2026-07-25,CUST-00264,26.0,West,In-Store,Automotive,Car Vacuum,55.37,2,10,99.67,Crypto,Completed,2.4
ORD-000203,2026-04-10,CUST-00658,44.0,North,Mobile App,Automotive,Dash Cam,119.73,3,10,323.27,Credit Card,Pending,4.1
ORD-000204,2024-10-01,CUST-00224,48.0,Central,Mobile App,Home & Kitchen,Coffee Maker,41.97,3,0,125.91,Credit Card,Completed,3.5
ORD-000205,2025-02-21,CUST-00013,62.0,North,Mobile App,Automotive,Car Phone Mount,6.63,1,10,5.97,PayPal,Completed,3.0
ORD-000206,2024-12-11,CUST-00153,23.0,South,Website,Toys,Remote Car,42.27,1,0,42.27,Gift Card,Completed,4.2
ORD-000207,2026-08-02,CUST-00714,23.0,South,Website,Beauty,Lip Gloss Set,21.47,2,0,42.94,Credit Card,Completed,
ORD-000208,2025-12-25,CUST-00653,54.0,North,Marketplace,Toys,Puzzle 1000pc,36.1,2,5,68.59,Credit Card,Completed,4.1
ORD-000209,2025-03-04,CUST-00923,52.0,Central,Mobile App,Clothing,Winter Coat,189.0,2,0,378.0,Credit Card,Cancelled,2.1
ORD-000210,2025-03-27,CUST-00985,54.0,South,Mobile App,Electronics,Smartwatch,302.1,16,5,4591.92,Crypto,Cancelled,3.3
ORD-000211,2026-08-16,CUST-00144,39.0,North,Mobile App,Toys,Doll Set,33.59,2,15,57.1,PayPal,Completed,4.4
ORD-000212,2026-05-26,CUST-00462,60.0,West,Website,Toys,Board Game,14.57,3,0,43.71,Gift Card,Pending,3.7
ORD-000213,2026-05-22,CUST-00253,42.0,North,Website,Toys,LEGO Set,74.62,2,0,149.24,Debit Card,Completed,1.6
ORD-000214,2026-01-21,CUST-00316,45.0,West,Website,Beauty,Perfume,27.71,2,0,55.42,PayPal,Completed,
ORD-000215,2025-03-04,CUST-00027,18.0,North,Website,Automotive,Car Vacuum,38.19,1,5,36.28,Credit Card,Completed,4.5
ORD-000216,2025-03-04,CUST-00923,26.0,Central,In-Store,Sports,Jump Rope,8.65,2,0,17.3,Debit Card,Completed,2.5
ORD-000217,2025-08-12,CUST-00172,34.0,West,Website,Sports,Water Bottle,15.25,1,0,15.25,PayPal,Completed,
ORD-000218,2024-12-27,CUST-00110,39.0,South,Website,Books,Cook Book,51.85,1,0,51.85,Crypto,Completed,4.2
ORD-000219,2024-10-24,CUST-00667,29.0,Central,Website,Automotive,Seat Covers,58.29,1,15,49.55,PayPal,Completed,2.9
ORD-000220,2026-01-14,CUST-00503,,Central,Marketplace,Toys,Board Game,18.66,1,10,16.79,PayPal,Completed,
ORD-000221,2026-09-07,CUST-00787,62.0,Central,Website,Books,Fiction Novel,23.71,6,0,142.26,Crypto,Pending,4.2
ORD-000222,2026-05-27,CUST-00311,56.0,South,Website,Clothing,Polo Shirt,40.76,1,0,40.76,Debit Card,Completed,1.3
ORD-000223,2026-02-14,CUST-00943,23.0,West,Mobile App,Automotive,Car Vacuum,26.03,2,10,46.85,PayPal,Completed,3.4
ORD-000224,2025-12-06,CUST-00663,24.0,Central,Website,Clothing,Denim Jacket,161.43,1,5,153.36,Crypto,Pending,4.2
ORD-000225,2025-03-17,CUST-00532,61.0,Central,Mobile App,Electronics,Wireless Earbuds,59.9,1,10,53.91,Gift Card,Completed,2.9
ORD-000226,2026-08-09,CUST-00303,37.0,West,In-Store,Home & Kitchen,Knife Set,99.82,3,5,284.49,Credit Card,Completed,1.6
ORD-000227,2025-11-26,CUST-00357,25.0,West,Website,Beauty,Lip Gloss Set,38.49,1,10,34.64,Crypto,Completed,4.2
ORD-000228,2026-07-23,CUST-00169,32.0,South,Mobile App,Electronics,Laptop Stand,63.67,1,10,57.3,Gift Card,Completed,4.8
ORD-000229,2025-01-19,CUST-00406,31.0,North,Marketplace,Toys,Remote Car,21.83,1,10,19.65,Debit Card,Completed,1.0
ORD-000230,2026-02-15,CUST-00065,34.0,Central,Website,Books,Business Mindset,21.49,2,15,36.53,Gift Card,Completed,2.8
ORD-000231,2025-03-09,CUST-00398,70.0,Central,Website,Automotive,Car Vacuum,54.64,1,5,51.91,Credit Card,Completed,3.5
ORD-000232,2025-11-06,CUST-00321,44.0,North,Website,Sports,Gym Bag,64.36,1,10,57.92,Credit Card,Completed,3.0
ORD-000233,2026-04-09,CUST-00651,38.0,Central,Mobile App,Home & Kitchen,Blender,57.47,1,0,57.47,Debit Card,Completed,1.6
ORD-000234,2024-09-25,CUST-00010,61.0,West,Website,Automotive,Car Vacuum,21.55,1,5,20.47,Crypto,Pending,3.0
ORD-000235,2025-08-09,CUST-00172,28.0,North,Mobile App,Automotive,Tire Inflator,79.71,5,5,378.62,Debit Card,Completed,3.2
ORD-000236,2026-09-20,CUST-00563,52.0,Central,Website,Automotive,Car Vacuum,54.27,2,15,92.26,Credit Card,Completed,5.0
ORD-000237,2024-11-05,CUST-00105,46.0,South,Website,Electronics,USB-C Hub,61.51,1,25,46.13,Credit Card,Completed,4.3
ORD-000238,2026-05-06,CUST-00706,31.0,East,Marketplace,Clothing,Denim Jacket,56.56,1,15,48.08,Gift Card,Completed,1.6
ORD-000239,2025-03-05,CUST-00612,61.0,Central,Website,Books,Python Programming,27.96,1,10,25.16,PayPal,Completed,4.4
ORD-000240,2026-07-28,CUST-00941,27.0,North,In-Store,Clothing,Denim Jacket,133.18,2,15,226.41,Debit Card,Completed,
ORD-000241,2025-10-18,CUST-00502,68.0,South,Mobile App,Beauty,Moisturizer,54.19,1,10,48.77,PayPal,Completed,1.3
ORD-000242,2025-10-24,CUST-00959,67.0,East,Mobile App,Clothing,Polo Shirt,42.02,0,0,42.02,Crypto,Completed,
ORD-000243,2025-11-04,CUST-00871,35.0,North,Marketplace,Clothing,Polo Shirt,56.64,2,10,101.95,Crypto,Completed,1.8
ORD-000244,2025-11-27,CUST-00580,19.0,West,Marketplace,Beauty,Perfume,78.52,2,10,141.34,Credit Card,Completed,4.3
ORD-000245,2024-11-22,CUST-00982,35.0,West,Website,Clothing,Denim Jacket,107.26,1,0,107.26,Debit Card,Cancelled,4.5
ORD-000246,2026-07-01,CUST-00926,23.0,South,Website,Clothing,Yoga Pants,39.4,1,5,37.43,PayPal,Completed,2.7
ORD-000247,2025-01-16,CUST-00608,45.0,South,Mobile App,Clothing,Running Shoes,39.95,1,0,39.95,Crypto,Completed,4.3
ORD-000248,2025-06-15,CUST-00749,67.0,North,Website,Home & Kitchen,Bed Sheets,29.6,1,5,28.12,PayPal,Cancelled,
ORD-000249,2026-08-20,CUST-00625,61.0,South,Mobile App,Home & Kitchen,Coffee Maker,38.21,4,10,137.56,Debit Card,Completed,
ORD-000250,2025-07-04,CUST-00771,33.0,North,Mobile App,Automotive,Dash Cam,52.01,2,0,104.02,Crypto,Completed,4.2
ORD-000251,2026-07-16,CUST-00739,51.0,Central,Website,Sports,Yoga Mat,27.48,1,10,24.73,Credit Card,Returned,2.2
ORD-000252,2026-06-14,CUST-00920,18.0,South,Mobile App,Books,Cook Book,23.16,2,0,46.32,Credit Card,Completed,1.3
ORD-000253,2024-12-15,CUST-00583,19.0,West,Website,Beauty,Perfume,67.01,5,20,268.04,Debit Card,Completed,4.1
ORD-000254,2025-05-02,CUST-00062,58.0,West,Mobile App,Clothing,Running Shoes,54.88,3,0,164.64,Gift Card,Completed,2.6
ORD-000255,2026-09-12,CUST-00944,59.0,South,In-Store,Home & Kitchen,Knife Set,25.35,1,0,25.35,Debit Card,Completed,3.5
ORD-000256,2024-11-10,CUST-00867,57.0,South,Website,Clothing,Yoga Pants,77.91,1,15,66.22,Credit Card,Cancelled,
ORD-000257,2025-04-27,CUST-00180,51.0,North,Website,Electronics,Laptop Stand,52.39,3,10,141.45,Debit Card,Completed,4.8
ORD-000258,2026-04-08,CUST-00895,69.0,East,Marketplace,Sports,Resistance Bands,17.98,1,15,15.28,Credit Card,Completed,
ORD-000259,2026-08-09,CUST-00999,54.0,Central,Mobile App,Toys,Board Game,35.95,2,0,71.9,Crypto,Completed,3.0
ORD-000260,2025-10-30,CUST-00916,18.0,Central,Mobile App,Home & Kitchen,Knife Set,35.84,2,15,60.93,Credit Card,Completed,1.2
ORD-000261,2025-07-16,CUST-00154,44.0,South,In-Store,Books,Python Programming,33.09,1,5,31.44,Credit Card,Completed,4.0
ORD-000262,2025-05-16,CUST-00328,29.0,East,Marketplace,Books,Business Mindset,17.06,1,20,13.65,Gift Card,Completed,4.6
ORD-000263,2026-08-11,CUST-00071,30.0,West,Marketplace,Books,Fiction Novel,24.68,1,25,18.51,PayPal,Completed,1.0
ORD-000264,2025-08-14,CUST-00249,52.0,West,Website,Sports,Gym Bag,59.23,1,15,50.35,Crypto,Pending,3.9
ORD-000265,2024-11-02,CUST-00239,60.0,Central,Website,Books,Data Science Guide,23.71,1,5,22.52,Credit Card,Pending,
ORD-000266,2026-02-01,CUST-00244,35.0,West,Mobile App,Toys,Board Game,12.45,1,10,11.21,Credit Card,Pending,
ORD-000267,2026-04-10,CUST-00533,50.0,West,Marketplace,Clothing,Running Shoes,96.65,4,20,309.28,PayPal,Completed,3.3
ORD-000268,2025-02-20,CUST-00446,65.0,South,Website,Home & Kitchen,Bed Sheets,19.41,1,10,17.47,PayPal,Returned,2.6
ORD-000269,2025-07-05,CUST-00967,46.0,South,Website,Beauty,Perfume,74.29,1,0,74.29,Gift Card,Completed,
ORD-000270,2026-08-27,CUST-00988,28.0,South,Mobile App,Automotive,Seat Covers,51.42,1,10,46.28,Crypto,Completed,
ORD-000271,2025-10-18,CUST-00336,37.0,South,Website,Sports,Gym Bag,24.22,3,15,61.76,Debit Card,Pending,1.2
ORD-000272,2025-08-18,CUST-00464,68.0,Central,Marketplace,Sports,Resistance Bands,10.93,1,5,10.38,Debit Card,Completed,
ORD-000273,2024-10-25,CUST-00228,55.0,South,Website,Home & Kitchen,Air Fryer,67.84,3,15,172.99,Crypto,Completed,3.6
ORD-000274,2026-02-21,CUST-00925,20.0,West,Marketplace,Sports,Yoga Mat,10.39,1,0,10.39,Credit Card,Cancelled,2.3
ORD-000275,2026-05-20,CUST-00842,29.0,West,Mobile App,Automotive,Car Phone Mount,13.54,1,10,12.19,Crypto,Completed,1.9
ORD-000276,2024-11-18,CUST-00629,23.0,Central,Mobile App,Sports,Water Bottle,26.06,2,0,52.12,PayPal,Completed,2.9
ORD-000277,2025-09-09,CUST-00906,40.0,Central,Website,Sports,Jump Rope,6.71,1,0,6.71,Gift Card,Returned,4.1
ORD-000278,2024-12-03,CUST-00580,69.0,Central,Website,Automotive,Car Vacuum,94.51,1,5,89.78,PayPal,Completed,1.9
ORD-000279,2026-06-08,CUST-00367,70.0,Central,In-Store,Sports,Yoga Mat,51.39,1,5,48.82,Debit Card,Completed,2.1
ORD-000280,2026-02-10,CUST-00398,62.0,East,In-Store,Electronics,Smartwatch,176.61,1,25,132.46,Debit Card,Completed,4.2
ORD-000281,2026-04-29,CUST-00971,,,Mobile App,Beauty,Hair Dryer,23.05,1,15,19.59,Gift Card,Pending,
ORD-000282,2024-09-26,CUST-00239,69.0,Central,Website,Sports,Resistance Bands,23.48,2,0,46.96,Gift Card,Completed,3.5
ORD-000283,2025-02-05,CUST-00865,51.0,East,Website,Home & Kitchen,Knife Set,50.28,4,20,160.9,Debit Card,Completed,4.1
ORD-000284,2026-07-26,CUST-00406,45.0,Central,Website,Beauty,Face Serum,44.54,1,20,35.63,PayPal,Completed,3.9
ORD-000285,2025-10-22,CUST-00711,64.0,Central,Marketplace,Automotive,Seat Covers,39.96,5,25,149.85,Debit Card,Completed,2.5
ORD-000286,2030-01-01 00:00:00,CUST-00719,57.0,Central,Website,Sports,Resistance Bands,13.8,0,0,13.8,Gift Card,Completed,
ORD-000287,2025-10-17,CUST-00340,63.0,North,Website,Books,Fiction Novel,10.75,1,5,10.21,PayPal,Completed,1.4
ORD-000288,2024-09-24,CUST-00710,46.0,North,Website,Beauty,Lip Gloss Set,9.77,2,0,19.54,Credit Card,Completed,
ORD-000289,2024-12-19,CUST-00388,66.0,East,Mobile App,Toys,Remote Car,116.92,1,5,111.07,Credit Card,Returned,3.3
ORD-000290,2025-12-26,CUST-00035,28.0,East,Website,Books,Data Science Guide,55.52,1,15,47.19,PayPal,Pending,
ORD-000291,2025-11-09,CUST-00920,59.0,North,Website,Toys,Remote Car,83.09,1,10,74.78,Gift Card,Cancelled,2.7
ORD-000292,2025-06-13,CUST-00104,52.0,East,Website,Home & Kitchen,Blender,110.63,1,0,110.63,Debit Card,Completed,4.7
ORD-000293,2026-03-08,CUST-00403,36.0,Central,Mobile App,Sports,Water Bottle,12.82,1,0,12.82,Crypto,Completed,2.7
ORD-000294,2024-10-30,CUST-00654,49.0,East,In-Store,Automotive,Dash Cam,55.74,2,0,111.48,Crypto,Returned,2.6
ORD-000295,2026-07-04,CUST-00380,35.0,West,Website,Sports,Yoga Mat,46.08,2,5,87.55,Crypto,Completed,2.1
ORD-000296,2025-06-05,CUST-00088,42.0,East,Marketplace,Electronics,Smartwatch,324.67,1,10,292.2,Crypto,Pending,3.2
ORD-000297,2024-10-23,CUST-00587,54.0,South,Mobile App,Toys,Doll Set,55.32,2,20,88.51,Credit Card,Completed,1.1
ORD-000298,2025-08-05,CUST-00972,45.0,South,In-Store,Home & Kitchen,Air Fryer,192.9,1,5,183.25,Debit Card,Completed,5.0
ORD-000299,2024-11-18,CUST-00933,47.0,North,Website,Books,Data Science Guide,63.52,2,0,127.04,Gift Card,Completed,2.1
ORD-000300,2025-03-02,CUST-00116,24.0,West,Website,Electronics,Bluetooth Speaker,82.06,2,15,139.5,Gift Card,Completed,4.8
ORD-000301,2024-10-27,CUST-00899,43.0,West,Website,Clothing,Yoga Pants,75.21,1,20,60.17,Crypto,Completed,1.7
ORD-000302,2024-09-30,CUST-00040,48.0,West,Marketplace,Home & Kitchen,Blender,82.4,1,10,74.16,PayPal,Completed,
ORD-000303,2025-08-19,CUST-00311,32.0,East,Website,Sports,Water Bottle,8.55,2,15,14.54,Crypto,Returned,4.9
ORD-000304,2026-09-18,CUST-00846,46.0,East,Website,Home & Kitchen,Knife Set,93.04,2,5,176.78,Crypto,Completed,
ORD-000305,2026-09-21,CUST-00889,63.0,East,Marketplace,Books,Cook Book,35.12,1,15,29.85,Gift Card,Returned,
ORD-000306,2025-03-14,CUST-00583,41.0,North,Website,Toys,Remote Car,53.46,1,10,48.11,Debit Card,Returned,2.8
ORD-000307,2025-12-17,CUST-00407,48.0,North,Mobile App,Books,Business Mindset,35.7,3,5,101.75,Debit Card,Completed,1.7
ORD-000308,2026-08-05,CUST-00767,31.0,North,Website,Beauty,Perfume,44.72,1,20,35.78,Crypto,Completed,4.1
ORD-000309,2025-04-16,CUST-00420,29.0,Central,Website,Books,Data Science Guide,36.61,2,0,73.22,Credit Card,Completed,
ORD-000310,2026-01-10,CUST-00313,37.0,East,Mobile App,Electronics,Smartwatch,122.3,1,15,103.95,Crypto,Returned,1.9
ORD-000311,2025-07-11,CUST-00679,22.0,East,Mobile App,Toys,Doll Set,23.95,1,10,21.55,Gift Card,Completed,1.4
ORD-000312,2025-06-27,CUST-00268,69.0,East,Website,Beauty,Perfume,87.65,3,20,210.36,Gift Card,Completed,4.2
ORD-000313,2024-10-08,CUST-00672,55.0,West,In-Store,Toys,Board Game,46.45,2,15,78.97,PayPal,Cancelled,3.9
ORD-000314,2025-04-16,CUST-00548,53.0,West,In-Store,Books,Business Mindset,27.49,2,0,54.98,PayPal,Completed,4.4
ORD-000315,2025-03-03,CUST-00265,32.0,Central,Marketplace,Home & Kitchen,Knife Set,22.25,3,0,66.75,Debit Card,Pending,3.6
ORD-000316,2026-08-04,CUST-00808,58.0,East,Website,Beauty,Moisturizer,48.49,1,5,46.07,Gift Card,Completed,2.9
ORD-000317,2025-09-28,CUST-00889,30.0,West,Mobile App,Clothing,Polo Shirt,52.27,2,10,94.09,Crypto,Completed,1.5
ORD-000318,2026-07-31,CUST-00469,29.0,South,Website,Beauty,Lip Gloss Set,36.41,1,20,-29.13,Debit Card,Completed,3.5
ORD-000319,2025-01-22,CUST-00780,57.0,South,Mobile App,Beauty,Face Serum,14.2,2,0,28.4,Debit Card,Completed,1.4
ORD-000320,2024-11-23,CUST-00393,66.0,North,Website,Toys,Puzzle 1000pc,30.28,1,25,22.71,Debit Card,Completed,4.6
ORD-000321,2026-03-07,CUST-00255,50.0,South,Mobile App,Books,Python Programming,30.95,1,10,27.86,PayPal,Completed,
ORD-000322,2025-08-21,CUST-00972,26.0,East,Mobile App,Sports,Resistance Bands,11.96,2,0,23.92,Gift Card,Completed,4.6
ORD-000323,2025-08-06,CUST-00971,64.0,West,Website,Beauty,Lip Gloss Set,18.98,1,0,18.98,Debit Card,Completed,
ORD-000324,2025-04-26,CUST-00729,21.0,North,Website,Electronics,Bluetooth Speaker,79.08,5,0,395.4,PayPal,Completed,3.4
ORD-000325,2025-01-03,CUST-00455,58.0,West,Website,Clothing,Running Shoes,30.7,1,0,30.7,PayPal,Completed,3.8
ORD-000326,2024-12-10,CUST-00533,,,Mobile App,Electronics,Laptop Stand,77.04,1,0,77.04,Debit Card,Completed,
ORD-000327,2024-12-12,CUST-00204,44.0,Central,Website,Clothing,Yoga Pants,49.12,3,0,147.36,PayPal,Returned,2.4
ORD-000328,2026-02-11,CUST-00213,25.0,West,Website,Sports,Resistance Bands,7.27,2,5,13.81,Credit Card,Completed,
ORD-000329,2026-08-06,CUST-00077,21.0,North,In-Store,Automotive,Dash Cam,144.44,2,15,245.55,Debit Card,Completed,2.1
ORD-000330,2026-07-08,CUST-00369,26.0,East,Mobile App,Clothing,Denim Jacket,125.27,2,20,200.43,Credit Card,Completed,1.2
ORD-000331,2026-07-13,CUST-00637,43.0,East,Marketplace,Home & Kitchen,Knife Set,51.03,1,5,48.48,Credit Card,Completed,1.5
ORD-000332,2026-07-05,CUST-00490,28.0,West,Mobile App,Automotive,Seat Covers,83.29,1,10,74.96,Debit Card,Completed,1.2
ORD-000333,2026-01-23,CUST-00583,64.0,West,Website,Clothing,Polo Shirt,39.2,1,5,37.24,Crypto,Completed,4.5
ORD-000334,2024-11-22,CUST-00422,61.0,West,Website,Home & Kitchen,Bed Sheets,110.27,1,0,110.27,PayPal,Completed,
ORD-000335,2025-11-06,CUST-00634,27.0,North,Mobile App,Books,Business Mindset,34.5,2,10,62.1,Debit Card,Completed,3.6
ORD-000336,2025-05-26,CUST-00870,35.0,West,Marketplace,Electronics,Wireless Earbuds,102.01,1,0,102.01,Debit Card,Completed,2.0
ORD-000337,2026-04-20,CUST-00413,46.0,South,Website,Electronics,Bluetooth Speaker,51.52,1,10,46.37,Crypto,Returned,4.4
ORD-000338,2026-01-01,CUST-00019,23.0,North,Mobile App,Beauty,Face Serum,55.19,1,15,46.91,Credit Card,Completed,
ORD-000339,2026-02-02,CUST-00468,67.0,East,Website,Sports,Gym Bag,31.28,2,10,56.3,Credit Card,Returned,2.3
ORD-000340,2025-11-15,CUST-00778,51.0,South,Website,Automotive,Seat Covers,92.99,1,0,92.99,PayPal,Returned,2.2
ORD-000341,2025-05-07,CUST-00144,43.0,West,Website,Beauty,Face Serum,20.47,1,0,20.47,Gift Card,Completed,
ORD-000342,2026-08-06,CUST-00347,67.0,North,Marketplace,Books,Cook Book,39.56,1,0,39.56,Credit Card,Cancelled,3.4
ORD-000343,2026-02-06,CUST-00138,50.0,West,Website,Automotive,Tire Inflator,49.46,1,25,37.09,Credit Card,Completed,3.3
ORD-000344,2025-09-18,CUST-00107,56.0,West,Mobile App,Home & Kitchen,Blender,47.27,1,15,40.18,Gift Card,Cancelled,2.5
ORD-000345,2026-04-02,CUST-00302,37.0,West,Marketplace,Books,Business Mindset,19.67,1,5,18.69,Debit Card,Completed,4.0
ORD-000346,2024-10-04,CUST-00640,50.0,East,Mobile App,Beauty,Hair Dryer,79.69,1,0,79.69,Debit Card,Pending,4.8
ORD-000347,2025-07-29,CUST-00597,45.0,Central,In-Store,Beauty,Face Serum,68.93,1,10,62.04,Crypto,Completed,3.1
ORD-000348,2025-06-13,CUST-00055,21.0,North,Website,Electronics,Bluetooth Speaker,47.24,1,5,44.88,Debit Card,Pending,1.6
ORD-000349,2024-11-09,CUST-00834,,,Website,Sports,Resistance Bands,42.39,1,0,42.39,Gift Card,Cancelled,
ORD-000350,2025-12-12,CUST-00980,,,In-Store,Sports,Yoga Mat,90.71,1,5,86.17,Credit Card,Completed,
ORD-000351,2024-11-21,CUST-00664,30.0,East,Marketplace,Automotive,Dash Cam,182.34,1,15,154.99,Gift Card,Completed,3.9
ORD-000352,2025-01-03,CUST-00192,26.0,South,Marketplace,Sports,Jump Rope,5.36,3,10,14.47,Credit Card,Completed,3.2
ORD-000353,2024-12-05,CUST-00478,60.0,South,Website,Home & Kitchen,Blender,171.06,2,0,342.12,PayPal,Completed,3.5
ORD-000354,2025-04-16,CUST-00075,52.0,East,Mobile App,Sports,Jump Rope,14.32,1,10,12.89,Debit Card,Completed,1.6
ORD-000355,2025-11-13,CUST-00680,53.0,East,Website,Toys,LEGO Set,66.57,1,20,53.26,PayPal,Completed,3.1
ORD-000356,2024-12-16,CUST-00927,68.0,Central,In-Store,Electronics,Wireless Earbuds,185.43,1,5,176.16,Debit Card,Pending,2.3
ORD-000357,2025-11-08,CUST-00026,36.0,Central,Marketplace,Clothing,Polo Shirt,34.51,1,15,29.33,PayPal,Completed,2.9
ORD-000358,2026-08-13,CUST-00172,61.0,Central,Mobile App,Books,Business Mindset,26.39,1,20,21.11,Credit Card,Completed,1.9
ORD-000359,2026-08-01,CUST-00900,39.0,West,Mobile App,Toys,LEGO Set,40.42,2,15,68.71,Credit Card,Completed,2.8
ORD-000360,2024-12-09,CUST-00258,43.0,Central,Website,Electronics,Wireless Earbuds,90.12,1,0,90.12,Debit Card,Cancelled,2.8
ORD-000361,2025-02-05,CUST-00548,22.0,North,Mobile App,Toys,Board Game,10.19,2,10,18.34,Gift Card,Completed,1.2
ORD-000362,2026-09-06,CUST-00309,28.0,Central,Website,Beauty,Hair Dryer,31.31,4,15,106.45,Crypto,Completed,1.1
ORD-000363,2025-08-28,CUST-00870,64.0,Central,Website,Books,Data Science Guide,45.63,1,15,38.79,Debit Card,Completed,4.9
ORD-000364,2025-05-24,CUST-00127,31.0,North,Website,Beauty,Face Serum,47.89,2,10,86.2,Gift Card,Completed,1.3
ORD-000365,2025-12-16,CUST-00525,60.0,South,Website,Beauty,Moisturizer,53.71,2,10,96.68,Debit Card,Completed,1.5
ORD-000366,2025-03-05,CUST-00298,26.0,North,Website,Electronics,Bluetooth Speaker,70.44,1,10,63.4,Debit Card,Completed,2.3
ORD-000367,2025-11-09,CUST-00199,54.0,East,Mobile App,Books,Python Programming,32.47,1,0,32.47,PayPal,Completed,3.3
ORD-000368,2026-06-28,CUST-00321,39.0,South,Marketplace,Beauty,Perfume,116.28,1,0,116.28,Crypto,Completed,3.7
ORD-000369,2026-01-11,CUST-00499,52.0,Central,Website,Automotive,Tire Inflator,42.82,1,15,36.4,Gift Card,Completed,4.3
ORD-000370,2025-12-05,CUST-00745,67.0,North,Marketplace,Books,Business Mindset,52.06,1,10,46.85,Gift Card,Completed,3.3
ORD-000371,2025-06-25,CUST-00553,64.0,West,Mobile App,Books,Python Programming,34.31,1,10,30.88,Debit Card,Completed,4.1
ORD-000372,2026-07-06,CUST-00407,28.0,East,Mobile App,Sports,Resistance Bands,25.14,2,10,45.25,Debit Card,Returned,3.5
ORD-000373,2025-04-15,CUST-00580,66.0,South,Marketplace,Home & Kitchen,Bed Sheets,30.05,3,10,81.14,Crypto,Cancelled,
ORD-000374,2026-01-30,CUST-00044,20.0,South,Mobile App,Automotive,Dash Cam,32.84,2,5,62.4,PayPal,Completed,4.5
ORD-000375,2026-05-27,CUST-00850,42.0,East,Marketplace,Beauty,Face Serum,56.0,6,10,302.4,PayPal,Completed,2.5
ORD-000376,2025-08-05,CUST-00530,49.0,East,Website,Beauty,Hair Dryer,74.0,1,15,62.9,Debit Card,Completed,4.5
ORD-000377,2026-02-23,CUST-00451,41.0,South,Website,Automotive,Car Vacuum,13.21,2,20,21.14,Gift Card,Completed,1.7
ORD-000378,2026-01-12,CUST-00117,19.0,West,Mobile App,Clothing,Denim Jacket,56.17,1,5,53.36,Crypto,Completed,4.3
ORD-000379,2025-04-03,CUST-00138,51.0,Central,Website,Books,Python Programming,16.55,6,10,89.37,Gift Card,Completed,4.7
ORD-000380,2025-08-29,CUST-00900,28.0,East,In-Store,Toys,Doll Set,63.55,1,10,57.2,Debit Card,Completed,4.5
ORD-000381,2025-09-13,CUST-00841,47.0,South,Mobile App,Books,Cook Book,30.99,1,15,26.34,Gift Card,Completed,2.4
ORD-000382,2025-09-13,CUST-00017,29.0,South,Mobile App,Clothing,Denim Jacket,73.29,1,0,73.29,Gift Card,Completed,3.4
ORD-000383,2026-07-21,CUST-00545,56.0,Central,Marketplace,Automotive,Car Vacuum,52.49,1,20,41.99,Credit Card,Completed,
ORD-000384,2026-02-19,CUST-00045,65.0,Central,Mobile App,Electronics,USB-C Hub,29.97,1,5,28.47,Crypto,Returned,3.4
ORD-000385,2025-01-03,CUST-00239,68.0,North,Website,Clothing,Polo Shirt,14.72,1,5,13.98,Gift Card,Completed,3.8
ORD-000386,2025-09-02,CUST-00385,45.0,South,Mobile App,Electronics,Bluetooth Speaker,90.34,1,10,81.31,PayPal,Completed,
ORD-000387,2026-08-19,CUST-00375,48.0,Central,Website,Sports,Water Bottle,31.08,2,5,59.05,Crypto,Completed,4.1
ORD-000388,2026-09-22,CUST-00315,65.0,Central,Website,Home & Kitchen,Knife Set,61.49,5,5,292.08,Crypto,Completed,3.6
ORD-000389,2025-03-18,CUST-00103,21.0,South,Mobile App,Books,Cook Book,30.62,2,20,48.99,PayPal,Returned,3.7
ORD-000390,2025-10-23,CUST-00094,32.0,South,Mobile App,Home & Kitchen,Bed Sheets,96.47,1,0,96.47,Gift Card,Completed,
ORD-000391,2025-12-07,CUST-00954,67.0,West,Mobile App,Beauty,Face Serum,90.47,1,15,76.9,Gift Card,Completed,1.2
ORD-000392,2025-09-25,CUST-00673,57.0,Central,Website,Home & Kitchen,Bed Sheets,50.86,2,0,101.72,Credit Card,Returned,3.8
ORD-000393,2026-04-10,CUST-01000,55.0,South,Website,Home & Kitchen,Air Fryer,93.81,1,10,84.43,PayPal,Completed,2.6
ORD-000394,2026-03-27,CUST-00942,35.0,North,Mobile App,Books,Fiction Novel,6.61,4,15,22.47,Gift Card,Cancelled,4.9
ORD-000395,2025-02-24,CUST-00414,22.0,Central,Website,Books,Fiction Novel,15.84,3,5,45.14,Debit Card,Completed,
ORD-000396,2025-06-24,CUST-00980,48.0,East,Marketplace,Sports,Water Bottle,33.57,1,15,28.53,Gift Card,Completed,2.5
ORD-000397,2025-11-23,CUST-00472,58.0,Central,Marketplace,Books,Business Mindset,50.59,1,5,48.06,Crypto,Completed,
ORD-000398,2026-04-16,CUST-00362,61.0,Central,Mobile App,Books,Data Science Guide,40.47,3,5,115.34,PayPal,Completed,
ORD-000399,2025-04-13,CUST-00322,30.0,East,Website,Beauty,Face Serum,45.28,1,0,45.28,Gift Card,Completed,3.7
ORD-000400,2025-08-25,CUST-00272,25.0,South,Website,Automotive,Dash Cam,65.83,3,0,197.49,Debit Card,Returned,4.1
ORD-000401,2024-10-11,CUST-00555,54.0,North,Marketplace,Clothing,Polo Shirt,46.88,1,15,39.85,PayPal,Completed,4.9
ORD-000402,2024-12-15,CUST-00524,52.0,East,Website,Sports,Jump Rope,12.39,1,15,10.53,Gift Card,Completed,2.7
ORD-000403,2025-11-17,CUST-00795,18.0,South,Mobile App,Electronics,Bluetooth Speaker,97.42,1,20,77.94,Credit Card,Completed,3.8
ORD-000404,2025-04-09,CUST-00628,41.0,East,Website,Books,Cook Book,27.21,1,5,25.85,PayPal,Completed,3.5
ORD-000405,2025-12-22,CUST-00771,54.0,East,Website,Home & Kitchen,Bed Sheets,84.09,1,5,79.89,Crypto,Completed,1.5
ORD-000406,2026-04-03,CUST-00569,69.0,West,Marketplace,Books,Python Programming,34.19,2,15,58.12,Debit Card,Completed,1.6
ORD-000407,2026-03-29,CUST-00915,54.0,Central,Mobile App,Electronics,Smartwatch,180.36,1,0,180.36,PayPal,Returned,3.2
ORD-000408,2025-01-16,CUST-00221,53.0,East,Mobile App,Electronics,USB-C Hub,17.46,1,0,17.46,Credit Card,Completed,2.4
ORD-000409,2026-07-03,CUST-00889,36.0,Central,Website,Sports,Water Bottle,8.96,1,0,8.96,Gift Card,Completed,4.9
ORD-000410,2024-10-31,CUST-00755,28.0,West,Marketplace,Beauty,Perfume,99.65,2,5,189.34,Crypto,Completed,4.8
ORD-000411,2024-10-30,CUST-00870,35.0,North,Website,Beauty,Lip Gloss Set,28.36,2,10,51.05,PayPal,Completed,2.2
ORD-000412,2025-06-27,CUST-00962,19.0,East,Marketplace,Toys,Board Game,50.51,1,15,42.93,Gift Card,Pending,1.7
ORD-000413,2025-03-10,CUST-00718,48.0,North,Website,Home & Kitchen,Coffee Maker,87.55,1,20,70.04,Crypto,Completed,
ORD-000414,2025-08-07,CUST-00086,32.0,North,Website,Electronics,Wireless Earbuds,126.09,3,10,340.44,Debit Card,Completed,2.6
ORD-000415,2025-01-01,CUST-00540,52.0,South,Website,Books,Business Mindset,17.09,2,0,34.18,PayPal,Cancelled,2.9
ORD-000416,2024-09-23,CUST-00715,45.0,Central,Website,Sports,Gym Bag,40.13,1,25,30.1,Gift Card,Completed,4.5
ORD-000417,2025-08-16,CUST-00092,70.0,West,Website,Sports,Water Bottle,21.0,4,0,84.0,Crypto,Completed,1.0
ORD-000418,2024-11-28,CUST-00705,56.0,West,In-Store,Home & Kitchen,Knife Set,55.82,1,10,50.24,Crypto,Completed,4.2
ORD-000419,2026-05-10,CUST-00904,42.0,Central,Mobile App,Books,Python Programming,30.77,3,0,92.31,Debit Card,Completed,2.6
ORD-000420,2026-05-04,CUST-00530,44.0,Central,Marketplace,Books,Business Mindset,12.8,1,10,11.52,PayPal,Completed,4.2
ORD-000421,2025-02-19,CUST-00653,27.0,West,Mobile App,Books,Python Programming,13.9,5,0,69.5,PayPal,Completed,2.3
ORD-000422,2025-07-25,CUST-00289,49.0,East,Website,Electronics,Bluetooth Speaker,39.42,4,25,118.26,Crypto,Completed,1.6
ORD-000423,2025-10-11,CUST-00511,21.0,East,Mobile App,Books,Business Mindset,26.14,1,15,22.22,Credit Card,Completed,4.8
ORD-000424,2024-12-26,CUST-00197,67.0,East,Marketplace,Sports,Jump Rope,9.71,2,5,18.45,Credit Card,Completed,2.0
ORD-000425,2026-01-30,CUST-00472,38.0,North,Mobile App,Automotive,Dash Cam,84.8,2,0,169.6,Debit Card,Completed,2.2
ORD-000426,2026-08-08,CUST-00126,31.0,East,Mobile App,Home & Kitchen,Air Fryer,164.26,3,10,443.5,PayPal,Completed,4.5
ORD-000427,2025-06-25,CUST-00172,20.0,East,Mobile App,Clothing,Denim Jacket,98.8,1,5,93.86,Crypto,Returned,
ORD-000428,2025-01-26,CUST-00255,21.0,South,Mobile App,Automotive,Car Vacuum,19.42,2,15,33.01,Gift Card,Completed,4.0
ORD-000429,2026-03-24,CUST-00811,40.0,North,Website,Electronics,Laptop Stand,48.36,3,15,123.32,Debit Card,Completed,
ORD-000430,2026-04-12,CUST-00742,62.0,South,Website,Automotive,Dash Cam,36.0,1,5,34.2,Credit Card,Completed,2.2
ORD-000431,2025-04-18,CUST-00332,27.0,West,Website,Automotive,Dash Cam,86.99,1,10,78.29,Gift Card,Cancelled,1.3
ORD-000432,2025-04-26,CUST-00465,41.0,North,Marketplace,Automotive,Seat Covers,66.52,1,10,59.87,Gift Card,Completed,1.1
ORD-000433,2025-09-15,CUST-00552,44.0,West,Website,Books,Business Mindset,30.58,1,10,27.52,Crypto,Completed,2.1
ORD-000434,2026-06-01,CUST-00045,54.0,South,Website,Beauty,Face Serum,25.78,2,10,46.4,Credit Card,Completed,1.4
ORD-000435,2026-05-11,CUST-00263,31.0,North,Website,Toys,Puzzle 1000pc,24.05,4,15,81.77,Gift Card,Completed,
ORD-000436,2025-04-16,CUST-00370,57.0,Central,Marketplace,Automotive,Car Phone Mount,20.44,1,10,18.4,Crypto,Returned,1.2
ORD-000437,2025-08-17,CUST-00312,30.0,North,In-Store,Sports,Gym Bag,22.03,4,0,88.12,Gift Card,Completed,3.1
ORD-000438,2025-11-25,CUST-00971,58.0,South,Mobile App,Books,Fiction Novel,24.92,1,10,22.43,Gift Card,Completed,
ORD-000439,2026-09-16,CUST-00107,56.0,South,Marketplace,Beauty,Lip Gloss Set,26.19,1,5,24.88,Gift Card,Completed,1.6
ORD-000440,2026-08-02,CUST-00333,52.0,East,Mobile App,Automotive,Seat Covers,83.66,1,10,75.29,Crypto,Returned,2.0
ORD-000441,2024-10-13,CUST-00261,,East,In-Store,Books,Cook Book,41.51,2,20,66.42,Crypto,Pending,
ORD-000442,2026-01-25,CUST-00912,62.0,East,Website,Sports,Gym Bag,14.57,1,0,14.57,Debit Card,Completed,4.1
ORD-000443,2026-04-03,CUST-00586,41.0,South,Website,Sports,Gym Bag,38.73,1,10,34.86,Crypto,Completed,
ORD-000444,2025-02-27,CUST-00585,29.0,West,Mobile App,Books,Data Science Guide,17.86,1,5,16.97,Debit Card,Completed,4.2
ORD-000445,2026-08-11,CUST-00658,39.0,East,Website,Automotive,Car Vacuum,60.98,1,0,60.98,Gift Card,Completed,4.7
ORD-000446,2025-08-30,CUST-00891,21.0,South,Marketplace,Beauty,Lip Gloss Set,20.41,2,20,32.66,Gift Card,Cancelled,3.5
ORD-000447,2025-03-12,CUST-00154,46.0,East,Mobile App,Sports,Gym Bag,17.65,2,10,31.77,Debit Card,Completed,5.0
ORD-000448,2026-02-17,CUST-00152,43.0,South,Website,Clothing,Denim Jacket,53.11,1,15,45.14,Crypto,Completed,
ORD-000449,2025-07-24,CUST-00715,30.0,South,Marketplace,Sports,Yoga Mat,34.58,1,5,32.85,Crypto,Completed,3.6
ORD-000450,2025-01-07,CUST-00332,56.0,Central,Website,Books,Data Science Guide,14.46,1,15,12.29,Crypto,Completed,2.3
ORD-000451,2024-12-13,CUST-00842,41.0,West,Mobile App,Electronics,Laptop Stand,54.89,1,5,52.15,Crypto,Completed,1.8
ORD-000452,2024-12-27,CUST-00972,46.0,Central,In-Store,Home & Kitchen,Air Fryer,121.17,2,0,242.34,PayPal,Completed,1.4
ORD-000453,2026-09-05,CUST-00217,62.0,South,Mobile App,Automotive,Car Phone Mount,18.96,1,15,16.12,PayPal,Completed,5.0
ORD-000454,2026-09-21,CUST-00045,47.0,East,Website,Electronics,USB-C Hub,46.69,2,10,84.04,PayPal,Completed,2.1
ORD-000455,2025-12-06,CUST-00873,42.0,East,Marketplace,Electronics,Wireless Earbuds,140.58,1,0,140.58,Credit Card,Completed,2.5
ORD-000456,2026-01-01,CUST-00091,51.0,South,Website,Clothing,Yoga Pants,34.46,1,10,31.01,Crypto,Completed,1.2
ORD-000457,2026-09-14,CUST-00019,50.0,East,Mobile App,Sports,Water Bottle,20.17,1,15,17.14,PayPal,Completed,4.9
ORD-000458,2025-04-29,CUST-00912,26.0,North,In-Store,Sports,Yoga Mat,36.69,1,20,29.35,PayPal,Completed,2.6
ORD-000459,2025-09-24,CUST-00894,39.0,South,Mobile App,Clothing,Polo Shirt,36.51,1,10,32.86,Gift Card,Completed,4.6
ORD-000460,2025-11-27,CUST-00595,51.0,Central,Mobile App,Automotive,Car Vacuum,34.57,1,10,31.11,Debit Card,Cancelled,3.8
ORD-000461,2026-01-07,CUST-00149,29.0,Central,In-Store,Home & Kitchen,Bed Sheets,62.8,5,25,235.5,PayPal,Completed,3.9
ORD-000462,2024-11-20,CUST-00902,65.0,West,In-Store,Beauty,Moisturizer,62.03,1,15,52.73,PayPal,Completed,4.6
ORD-000463,2026-06-12,CUST-00190,56.0,North,Marketplace,Sports,Resistance Bands,33.37,1,0,33.37,Gift Card,Completed,3.4
ORD-000464,2025-01-29,CUST-00705,42.0,West,Website,Books,Data Science Guide,30.4,1,5,28.88,Gift Card,Completed,1.7
ORD-000465,2026-05-21,CUST-00034,60.0,West,Marketplace,Automotive,Tire Inflator,35.66,1,0,35.66,Credit Card,Cancelled,1.9
ORD-000466,2025-10-17,CUST-00450,67.0,Central,Mobile App,Books,Data Science Guide,22.49,1,20,17.99,PayPal,Cancelled,2.7
ORD-000467,2024-11-16,CUST-00321,68.0,West,Mobile App,Electronics,Bluetooth Speaker,155.43,2,5,295.32,Gift Card,Completed,4.5
ORD-000468,2026-09-14,CUST-00899,53.0,North,Marketplace,Electronics,Bluetooth Speaker,45.19,2,5,85.86,Debit Card,Completed,3.9
ORD-000469,2024-09-26,CUST-00195,36.0,East,Mobile App,Toys,Doll Set,51.26,1,25,38.45,PayPal,Completed,1.7
ORD-000470,2026-03-03,CUST-00662,62.0,West,Website,Electronics,Bluetooth Speaker,111.14,1,5,105.58,Gift Card,Completed,4.8
ORD-000471,2026-02-06,CUST-00184,38.0,West,Mobile App,Home & Kitchen,Bed Sheets,33.72,1,5,32.03,Debit Card,Cancelled,
ORD-000472,2024-11-15,CUST-00650,28.0,East,Website,Home & Kitchen,Air Fryer,94.6,1,15,80.41,Crypto,Completed,3.4
ORD-000473,2026-05-30,CUST-00935,67.0,East,Mobile App,Toys,Doll Set,32.3,1,15,27.45,Debit Card,Completed,
ORD-000474,2025-11-26,CUST-00985,30.0,West,Website,Electronics,USB-C Hub,46.02,3,15,117.35,Debit Card,Completed,
ORD-000475,2025-06-05,CUST-00510,60.0,West,Mobile App,Electronics,Bluetooth Speaker,123.02,4,0,492.08,Credit Card,Completed,1.9
ORD-000476,2025-01-31,CUST-00615,31.0,North,Website,Automotive,Tire Inflator,41.1,1,0,41.1,Gift Card,Completed,4.3
ORD-000477,2025-04-30,CUST-00038,21.0,South,Marketplace,Electronics,Smartwatch,121.96,2,10,219.53,Gift Card,Returned,4.7
ORD-000478,2025-08-22,CUST-00292,65.0,Central,Mobile App,Clothing,Polo Shirt,59.72,1,0,59.72,Gift Card,Completed,4.9
ORD-000479,2026-08-24,CUST-00378,48.0,West,Marketplace,Beauty,Face Serum,25.59,10,0,255.9,Crypto,Returned,
ORD-000480,2026-06-23,CUST-00540,64.0,West,Mobile App,Home & Kitchen,Air Fryer,157.25,3,0,471.75,Debit Card,Completed,
ORD-000481,2025-03-13,CUST-00808,26.0,East,Mobile App,Clothing,Polo Shirt,38.07,1,10,34.26,PayPal,Completed,3.5
ORD-000482,2025-07-20,CUST-00828,19.0,South,Marketplace,Automotive,Car Vacuum,59.28,1,5,56.32,Debit Card,Completed,1.0
ORD-000483,2024-11-26,CUST-00631,58.0,West,Mobile App,Automotive,Car Phone Mount,41.76,1,0,41.76,PayPal,Completed,1.8
ORD-000484,2026-05-06,CUST-00308,54.0,Central,Mobile App,Books,Business Mindset,17.21,1,0,17.21,Credit Card,Completed,2.6
ORD-000485,2026-06-15,CUST-00945,52.0,West,In-Store,Electronics,Smartwatch,157.2,1,15,133.62,Credit Card,Completed,3.5
ORD-000486,2025-06-30,CUST-00761,19.0,North,Marketplace,Beauty,Lip Gloss Set,29.6,1,5,28.12,PayPal,Completed,3.2
ORD-000487,2024-11-26,CUST-00910,42.0,East,Website,Books,Fiction Novel,25.55,1,15,21.72,Debit Card,Completed,
ORD-000488,2025-05-10,CUST-00120,33.0,East,Marketplace,Home & Kitchen,Blender,77.84,1,0,77.84,PayPal,Completed,1.3
ORD-000489,2025-09-02,CUST-00538,46.0,East,Website,Beauty,Lip Gloss Set,29.2,4,5,110.96,PayPal,Returned,4.7
ORD-000490,2025-08-11,CUST-00349,24.0,West,Marketplace,Electronics,USB-C Hub,65.25,2,0,130.5,Gift Card,Completed,4.1
ORD-000491,2025-06-29,CUST-00731,23.0,Central,Website,Home & Kitchen,Coffee Maker,116.95,1,5,111.1,PayPal,Cancelled,3.4
ORD-000492,2025-07-27,CUST-00785,36.0,East,Website,Beauty,Lip Gloss Set,33.84,4,0,135.36,PayPal,Completed,1.8
ORD-000493,2025-06-08,CUST-00121,24.0,East,Website,Sports,Gym Bag,35.96,1,5,34.16,PayPal,Completed,3.2
ORD-000494,2025-09-01,CUST-00145,46.0,East,Mobile App,Books,Fiction Novel,13.26,1,5,12.6,Debit Card,Completed,2.4
ORD-000495,2026-09-06,CUST-00052,55.0,North,Website,Electronics,Smartwatch,102.31,4,20,327.39,Credit Card,Completed,3.4
ORD-000496,2026-02-13,CUST-00203,69.0,Central,Website,Automotive,Car Vacuum,24.56,2,5,46.66,Crypto,Completed,
ORD-000497,2025-07-07,CUST-00728,41.0,West,Mobile App,Automotive,Car Phone Mount,24.85,1,10,22.37,Debit Card,Completed,2.0
ORD-000498,2025-06-28,CUST-00808,48.0,East,Mobile App,Toys,Remote Car,61.98,1,10,55.78,Credit Card,Completed,
ORD-000499,2025-10-24,CUST-00589,59.0,South,Mobile App,Automotive,Dash Cam,78.15,1,5,74.24,Crypto,Returned,2.3
ORD-000500,2026-03-24,CUST-00424,31.0,South,Mobile App,Clothing,Yoga Pants,41.31,1,5,39.24,Gift Card,Completed,1.3
ORD-000501,2025-10-06,CUST-00711,25.0,South,Website,Toys,Puzzle 1000pc,30.67,2,5,58.27,Credit Card,Completed,4.3
ORD-000502,2026-04-21,CUST-00181,,East,In-Store,Automotive,Seat Covers,51.92,5,15,220.66,Credit Card,Completed,
ORD-000503,2026-03-19,CUST-00093,27.0,South,Marketplace,Toys,Board Game,27.82,1,10,25.04,Gift Card,Cancelled,1.0
ORD-000504,2025-04-04,CUST-00592,,,Website,Home & Kitchen,Bed Sheets,50.6,2,5,96.14,PayPal,Completed,
ORD-000505,2024-09-30,CUST-00523,18.0,West,Marketplace,Beauty,Face Serum,52.22,1,10,47.0,PayPal,Completed,4.9
ORD-000506,2026-04-16,CUST-00241,45.0,West,Marketplace,Beauty,Face Serum,60.92,1,20,48.74,Crypto,Completed,2.6
ORD-000507,2024-11-07,CUST-00394,18.0,East,Marketplace,Books,Data Science Guide,46.24,1,0,46.24,Debit Card,Completed,1.5
ORD-000508,2025-04-05,CUST-00674,47.0,West,In-Store,Clothing,Running Shoes,43.79,1,20,35.03,Debit Card,Completed,2.7
ORD-000509,2025-10-28,CUST-00566,64.0,West,Website,Toys,Doll Set,29.1,1,10,26.19,Debit Card,Completed,3.3
ORD-000510,2025-08-15,CUST-00591,48.0,East,Website,Books,Fiction Novel,12.58,1,20,10.06,Credit Card,Completed,1.5
ORD-000511,2025-05-05,CUST-00880,58.0,East,Mobile App,Clothing,Denim Jacket,96.36,1,10,86.72,Credit Card,Completed,2.0
ORD-000512,2025-07-15,CUST-00055,64.0,East,Mobile App,Clothing,Winter Coat,226.46,1,5,215.14,Credit Card,Completed,2.9
ORD-000513,2025-10-09,CUST-00302,21.0,East,Website,Beauty,Lip Gloss Set,20.71,1,25,15.53,Gift Card,Completed,3.3
ORD-000514,2026-01-22,CUST-00299,35.0,Central,Website,Automotive,Car Vacuum,19.92,1,0,19.92,Crypto,Completed,4.4
ORD-000515,2026-06-10,CUST-00264,46.0,North,Marketplace,Sports,Resistance Bands,28.47,1,0,28.47,Gift Card,Completed,1.6
ORD-000516,2025-04-19,CUST-00497,27.0,South,Marketplace,Beauty,Moisturizer,22.74,2,15,38.66,Credit Card,Completed,
ORD-000517,2025-06-09,CUST-00393,59.0,South,Mobile App,Home & Kitchen,Bed Sheets,73.93,2,5,140.47,Debit Card,Completed,
ORD-000518,2024-12-05,CUST-00488,34.0,East,Mobile App,Sports,Yoga Mat,27.78,1,5,26.39,Gift Card,Completed,2.6
ORD-000519,2025-12-19,CUST-00950,52.0,West,Website,Home & Kitchen,Blender,174.36,1,0,174.36,PayPal,Pending,1.2
ORD-000520,2025-03-04,CUST-00280,61.0,East,Website,Beauty,Lip Gloss Set,20.21,0,10,36.38,Credit Card,Completed,2.8
ORD-000521,2025-05-24,CUST-00694,24.0,South,Website,Books,Fiction Novel,18.99,1,10,17.09,Credit Card,Completed,1.0
ORD-000522,2025-08-06,CUST-00258,31.0,South,Website,Clothing,Polo Shirt,30.82,2,15,52.39,Gift Card,Completed,3.6
ORD-000523,2026-08-31,CUST-00385,47.0,Central,Marketplace,Clothing,Running Shoes,46.91,1,10,42.22,Debit Card,Cancelled,2.0
ORD-000524,2025-09-19,CUST-00438,42.0,East,Website,Clothing,Polo Shirt,53.7,2,0,107.4,Credit Card,Completed,
ORD-000525,2024-12-22,CUST-00183,27.0,West,Website,Beauty,Face Serum,56.79,1,15,48.27,Debit Card,Completed,3.0
ORD-000526,2026-04-09,CUST-00453,19.0,East,Website,Toys,Remote Car,48.31,1,0,48.31,Credit Card,Completed,4.1
ORD-000527,2026-03-27,CUST-00039,67.0,West,Website,Automotive,Dash Cam,89.45,1,0,89.45,PayPal,Cancelled,3.1
ORD-000528,2026-04-23,CUST-00800,25.0,North,Mobile App,Automotive,Tire Inflator,51.45,1,15,43.73,Credit Card,Completed,4.1
ORD-000529,2025-01-12,CUST-00648,59.0,North,Website,Beauty,Perfume,63.96,1,5,60.76,PayPal,Completed,4.1
ORD-000530,2026-07-12,CUST-00677,23.0,South,Website,Books,Data Science Guide,40.44,1,25,30.33,Crypto,Cancelled,2.4
ORD-000531,2025-05-14,CUST-00738,52.0,Central,Website,Automotive,Dash Cam,49.85,2,0,99.7,Crypto,Completed,2.2
ORD-000532,2026-08-05,CUST-00807,61.0,North,Mobile App,Automotive,Car Phone Mount,11.11,1,0,11.11,Debit Card,Returned,2.8
ORD-000533,2025-10-20,CUST-00754,62.0,South,Mobile App,Home & Kitchen,Blender,60.28,1,0,60.28,Credit Card,Completed,1.2
ORD-000534,2025-04-04,CUST-00315,70.0,North,Mobile App,Home & Kitchen,Air Fryer,71.5,1,0,71.5,Debit Card,Returned,
ORD-000535,2026-02-11,CUST-00226,43.0,North,Marketplace,Clothing,Running Shoes,51.85,1,15,44.07,Crypto,Completed,4.0
ORD-000536,2026-05-31,CUST-00141,25.0,East,Marketplace,Beauty,Face Serum,70.7,1,10,63.63,Debit Card,Completed,2.3
ORD-000537,2024-12-16,CUST-00379,24.0,Central,Website,Sports,Resistance Bands,52.36,1,0,52.36,Debit Card,Cancelled,
ORD-000538,2026-02-25,CUST-00007,62.0,North,Website,Toys,Remote Car,13.61,1,5,12.93,Credit Card,Completed,2.1
ORD-000539,2026-07-22,CUST-00536,29.0,West,Mobile App,Automotive,Dash Cam,65.81,3,10,177.69,Debit Card,Completed,
ORD-000540,2025-09-27,CUST-00802,24.0,East,Website,Automotive,Car Vacuum,64.14,1,10,57.73,Credit Card,Completed,4.9
ORD-000541,2026-01-20,CUST-00642,48.0,South,Website,Beauty,Hair Dryer,44.15,2,5,83.88,Debit Card,Completed,
ORD-000542,2025-07-24,CUST-00056,47.0,East,Website,Automotive,Dash Cam,60.45,1,20,48.36,Crypto,Completed,4.6
ORD-000543,2025-06-11,CUST-00181,33.0,South,Marketplace,Electronics,Wireless Earbuds,123.04,2,20,196.86,Crypto,Completed,
ORD-000544,2026-05-17,CUST-00766,65.0,East,Website,Automotive,Car Vacuum,44.09,3,5,125.66,Credit Card,Completed,
ORD-000545,2025-03-06,CUST-00483,42.0,Central,Mobile App,Toys,Remote Car,34.03,1,0,34.03,Crypto,Completed,2.8
ORD-000546,2025-05-22,CUST-00368,25.0,East,Website,Beauty,Moisturizer,32.04,1,0,32.04,Debit Card,Completed,2.1
ORD-000547,2025-01-21,CUST-00226,32.0,East,Mobile App,Automotive,Tire Inflator,41.49,2,15,70.53,Gift Card,Cancelled,3.2
ORD-000548,2025-04-26,CUST-00222,33.0,Central,Mobile App,Clothing,Polo Shirt,45.53,1,5,43.25,Crypto,Completed,3.9
ORD-000549,2024-10-25,CUST-00950,48.0,Central,In-Store,Books,Business Mindset,26.57,2,0,53.14,Gift Card,Cancelled,1.2
ORD-000550,2026-09-16,CUST-00818,44.0,North,Mobile App,Electronics,USB-C Hub,44.23,1,5,42.02,Debit Card,Completed,3.8
ORD-000551,2024-10-26,CUST-00093,55.0,North,Mobile App,Books,Data Science Guide,34.39,1,0,34.39,PayPal,Completed,3.3
ORD-000552,2026-04-13,CUST-00721,58.0,West,Website,Electronics,USB-C Hub,36.71,1,0,36.71,PayPal,Completed,1.0
ORD-000553,2025-08-16,CUST-00034,31.0,East,Mobile App,Clothing,Polo Shirt,55.2,3,5,157.32,PayPal,Completed,
ORD-000554,2025-01-02,CUST-00057,41.0,Central,In-Store,Clothing,Winter Coat,160.82,1,15,136.7,PayPal,Cancelled,
ORD-000555,2025-04-17,CUST-00664,33.0,Central,Marketplace,Automotive,Car Vacuum,18.74,2,5,35.61,Gift Card,Completed,4.9
ORD-000556,2024-12-16,CUST-00893,45.0,South,Marketplace,Clothing,Polo Shirt,77.09,1,15,65.53,Debit Card,Completed,3.0
ORD-000557,2024-12-09,CUST-00498,36.0,Central,Mobile App,Sports,Yoga Mat,28.56,1,5,27.13,Credit Card,Completed,
ORD-000558,2026-02-09,CUST-00710,22.0,North,Website,Automotive,Car Vacuum,24.96,1,10,22.46,Crypto,Completed,1.7
ORD-000559,2025-04-03,CUST-00509,44.0,South,Marketplace,Clothing,Denim Jacket,58.19,2,10,104.74,Gift Card,Pending,
ORD-000560,2025-01-11,CUST-00661,51.0,North,Website,Home & Kitchen,Bed Sheets,33.27,1,5,31.61,Credit Card,Completed,4.3
ORD-000561,2025-08-23,CUST-00806,26.0,East,Mobile App,Beauty,Lip Gloss Set,24.47,1,10,22.02,Gift Card,Returned,2.2
ORD-000562,2024-11-11,CUST-00381,57.0,East,Marketplace,Sports,Resistance Bands,43.78,5,0,218.9,Credit Card,Completed,4.8
ORD-000563,2025-03-21,CUST-00860,34.0,South,Website,Home & Kitchen,Blender,47.4,2,25,71.1,Credit Card,Completed,1.5
ORD-000564,2025-01-13,CUST-00682,37.0,East,In-Store,Beauty,Moisturizer,16.96,1,15,14.42,Debit Card,Completed,1.7
ORD-000565,2025-09-08,CUST-00149,39.0,West,In-Store,Clothing,Running Shoes,68.75,3,5,195.94,Debit Card,Completed,4.9
ORD-000566,2025-10-02,CUST-00773,25.0,Central,Mobile App,Sports,Jump Rope,20.28,1,25,15.21,Gift Card,Completed,2.4
ORD-000567,2025-07-13,CUST-00316,21.0,North,Mobile App,Automotive,Car Phone Mount,14.89,1,10,13.4,Debit Card,Completed,
ORD-000568,2025-01-02,CUST-00786,23.0,East,Website,Books,Fiction Novel,11.86,1,15,10.08,Credit Card,Completed,3.7
ORD-000569,2026-04-13,CUST-00524,42.0,North,In-Store,Toys,Remote Car,42.01,1,10,37.81,PayPal,Completed,2.7
ORD-000570,2025-11-14,CUST-00457,28.0,Central,Website,Beauty,Face Serum,48.2,1,5,45.79,Crypto,Completed,2.8
ORD-000571,2025-08-30,CUST-00089,55.0,South,Website,Toys,Puzzle 1000pc,15.91,1,10,14.32,Crypto,Pending,2.3
ORD-000572,2024-12-04,CUST-00280,29.0,West,Website,Toys,LEGO Set,40.79,4,10,146.84,Crypto,Completed,1.5
ORD-000573,2024-09-30,CUST-00847,68.0,East,Marketplace,Toys,Board Game,35.3,2,0,70.6,PayPal,Completed,1.9
ORD-000574,2026-04-25,CUST-00855,,West,Website,Electronics,Smartwatch,151.13,1,25,113.35,PayPal,Completed,
ORD-000575,2025-06-05,CUST-00994,,North,Mobile App,Electronics,Wireless Earbuds,125.47,2,5,238.39,PayPal,Completed,
ORD-000576,2025-01-08,CUST-00018,40.0,East,Website,Automotive,Car Phone Mount,14.84,1,15,12.61,Credit Card,Completed,3.8
ORD-000577,2025-05-19,CUST-00934,67.0,East,Website,Home & Kitchen,Air Fryer,88.36,1,5,83.94,PayPal,Completed,3.1
ORD-000578,2026-01-26,CUST-00331,52.0,East,Marketplace,Home & Kitchen,Air Fryer,100.68,2,0,201.36,PayPal,Completed,2.5
ORD-000579,2025-10-20,CUST-00382,30.0,West,Mobile App,Beauty,Moisturizer,17.14,1,10,15.43,Debit Card,Completed,1.9
ORD-000580,2024-10-02,CUST-00839,46.0,South,In-Store,Clothing,Polo Shirt,39.29,3,0,117.87,Crypto,Completed,1.6
ORD-000581,2025-06-10,CUST-00835,23.0,North,Website,Beauty,Moisturizer,46.95,2,0,93.9,Debit Card,Completed,1.8
ORD-000582,2025-07-04,CUST-00776,48.0,West,Website,Toys,LEGO Set,32.37,1,15,27.51,Credit Card,Completed,3.4
ORD-000583,2025-03-06,CUST-00011,40.0,North,Marketplace,Clothing,Yoga Pants,21.73,2,5,41.29,Gift Card,Completed,1.7
ORD-000584,2026-07-31,CUST-00285,50.0,Central,Website,Electronics,Wireless Earbuds,66.73,6,15,340.32,Debit Card,Returned,3.5
ORD-000585,2030-01-01 00:00:00,CUST-00542,64.0,South,Marketplace,Clothing,Running Shoes,105.57,1,15,89.73,PayPal,Completed,1.0
ORD-000586,2026-05-11,CUST-00487,40.0,East,Mobile App,Clothing,Denim Jacket,110.92,1,20,88.74,Debit Card,Completed,1.7
ORD-000587,2025-12-13,CUST-00116,36.0,East,Website,Toys,Puzzle 1000pc,28.8,1,0,28.8,Credit Card,Completed,2.4
ORD-000588,2024-11-12,CUST-00291,44.0,West,Mobile App,Electronics,Wireless Earbuds,106.36,1,0,106.36,PayPal,Completed,1.9
ORD-000589,2026-02-21,CUST-00862,24.0,West,In-Store,Sports,Jump Rope,5.09,2,0,10.18,PayPal,Completed,3.0
ORD-000590,2024-11-01,CUST-00123,28.0,South,Website,Toys,Puzzle 1000pc,34.62,1,10,31.16,Gift Card,Pending,4.6
ORD-000591,2025-05-05,CUST-00610,55.0,West,Website,Clothing,Yoga Pants,66.38,1,5,63.06,Crypto,Completed,3.9
ORD-000592,2026-04-08,CUST-00973,34.0,West,In-Store,Sports,Jump Rope,8.79,1,10,7.91,Gift Card,Completed,1.4
ORD-000593,2024-11-07,CUST-00031,29.0,North,Marketplace,Automotive,Tire Inflator,60.0,2,20,96.0,Credit Card,Completed,
ORD-000594,2026-04-04,CUST-00637,47.0,Central,Website,Toys,Doll Set,42.43,2,0,84.86,Credit Card,Completed,3.0
ORD-000595,2025-12-24,CUST-00268,45.0,Central,Website,Books,Business Mindset,48.86,3,5,139.25,Gift Card,Completed,1.1
ORD-000596,2024-10-23,CUST-00454,63.0,West,Website,Clothing,Polo Shirt,38.78,1,20,31.02,Debit Card,Completed,2.2
ORD-000597,2026-06-24,CUST-00399,54.0,West,Marketplace,Home & Kitchen,Bed Sheets,52.99,1,5,50.34,Gift Card,Completed,3.7
ORD-000598,2026-05-28,CUST-00058,36.0,West,Website,Automotive,Tire Inflator,62.42,1,0,62.42,Gift Card,Pending,2.4
ORD-000599,2024-11-22,CUST-00858,24.0,East,Website,Beauty,Face Serum,28.2,1,0,28.2,Gift Card,Completed,2.4
ORD-000600,2025-04-22,CUST-00058,37.0,South,Website,Toys,Board Game,46.48,2,5,88.31,PayPal,Completed,1.3
ORD-000601,2025-09-22,CUST-00039,62.0,West,Mobile App,Clothing,Yoga Pants,31.81,2,10,57.26,Crypto,Completed,2.1
ORD-000602,2026-06-12,CUST-00585,61.0,West,Website,Automotive,Car Vacuum,21.11,1,5,20.05,Credit Card,Returned,
ORD-000603,2025-05-19,CUST-00684,68.0,East,Website,Books,Business Mindset,23.32,2,15,39.64,PayPal,Completed,3.0
ORD-000604,2025-08-14,CUST-00305,55.0,Central,Mobile App,Clothing,Winter Coat,116.39,3,0,349.17,Debit Card,Completed,3.9
ORD-000605,2026-08-17,CUST-00821,70.0,Central,Mobile App,Clothing,Winter Coat,137.26,2,0,274.52,Debit Card,Completed,
ORD-000606,2026-03-27,CUST-00553,53.0,East,Website,Sports,Gym Bag,48.17,5,5,228.81,Crypto,Completed,3.7
ORD-000607,2025-08-14,CUST-00192,67.0,Central,Mobile App,Home & Kitchen,Air Fryer,147.9,1,10,133.11,Crypto,Completed,4.2
ORD-000608,2025-05-31,CUST-00206,45.0,East,Mobile App,Toys,Doll Set,46.94,1,0,46.94,Debit Card,Completed,2.2
ORD-000609,2025-10-16,CUST-00650,,,Marketplace,Toys,Board Game,54.35,1,20,43.48,PayPal,Returned,
ORD-000610,2025-12-08,CUST-00029,59.0,South,Marketplace,Books,Cook Book,34.23,4,0,136.92,PayPal,Completed,2.7
ORD-000611,2026-01-31,CUST-00265,,East,Mobile App,Electronics,Smartwatch,102.77,2,0,205.54,Debit Card,Completed,
ORD-000612,2024-10-18,CUST-00322,60.0,Central,Website,Automotive,Car Phone Mount,12.83,1,20,10.26,Credit Card,Cancelled,2.5
ORD-000613,2025-05-20,CUST-00144,67.0,South,Website,Clothing,Polo Shirt,51.7,1,15,43.95,Gift Card,Cancelled,4.3
ORD-000614,2025-04-25,CUST-00126,45.0,East,Website,Sports,Jump Rope,15.53,1,0,15.53,Gift Card,Completed,4.0
ORD-000615,2026-08-04,CUST-00282,25.0,West,Mobile App,Books,Data Science Guide,21.95,7,0,153.65,Gift Card,Completed,3.8
ORD-000616,2026-07-23,CUST-00987,19.0,East,Marketplace,Beauty,Hair Dryer,59.62,1,10,53.66,Debit Card,Completed,4.3
ORD-000617,2026-02-14,CUST-00246,61.0,East,Mobile App,Electronics,Wireless Earbuds,76.74,1,15,65.23,PayPal,Completed,4.6
ORD-000618,2025-09-08,CUST-00398,70.0,North,In-Store,Clothing,Winter Coat,216.01,2,20,345.62,Crypto,Cancelled,2.2
ORD-000619,2025-12-21,CUST-00938,67.0,West,Mobile App,Books,Business Mindset,28.63,2,20,45.81,Crypto,Returned,1.3
ORD-000620,2025-04-23,CUST-00341,40.0,West,Marketplace,Automotive,Tire Inflator,69.35,1,20,55.48,Credit Card,Returned,3.0
ORD-000621,2026-01-21,CUST-00335,59.0,West,Mobile App,Toys,Doll Set,36.59,1,10,32.93,Credit Card,Completed,2.8
ORD-000622,2026-05-18,CUST-00322,59.0,Central,Website,Home & Kitchen,Air Fryer,104.48,2,10,188.06,Debit Card,Completed,4.1
ORD-000623,2026-09-22,CUST-00328,69.0,West,Mobile App,Home & Kitchen,Blender,88.62,5,15,376.63,Debit Card,Completed,4.3
ORD-000624,2025-07-12,CUST-00403,59.0,West,In-Store,Sports,Resistance Bands,13.16,3,5,37.51,Gift Card,Completed,4.7
ORD-000625,2026-05-25,CUST-00719,41.0,South,Website,Books,Python Programming,44.19,4,0,176.76,Gift Card,Completed,1.4
ORD-000626,2025-07-14,CUST-00446,70.0,West,Marketplace,Home & Kitchen,Blender,47.22,1,15,40.14,Crypto,Completed,1.8
ORD-000627,2026-07-12,CUST-00442,68.0,South,Mobile App,Sports,Water Bottle,29.56,1,5,28.08,PayPal,Completed,1.7
ORD-000628,2025-03-16,CUST-00633,48.0,West,In-Store,Home & Kitchen,Air Fryer,80.5,1,0,80.5,PayPal,Completed,1.3
ORD-000629,2025-11-10,CUST-00218,21.0,West,Marketplace,Home & Kitchen,Knife Set,127.34,1,5,120.97,Gift Card,Completed,
ORD-000630,2025-06-06,CUST-00363,50.0,Central,In-Store,Electronics,Laptop Stand,76.21,3,5,217.2,Gift Card,Completed,1.0
ORD-000631,2025-09-30,CUST-00136,47.0,Central,Website,Toys,Board Game,51.4,1,10,46.26,Debit Card,Completed,4.7
ORD-000632,2026-02-02,CUST-00146,35.0,East,Website,Home & Kitchen,Air Fryer,67.88,4,10,244.37,Credit Card,Pending,4.9
ORD-000633,2026-04-26,CUST-00628,66.0,East,Mobile App,Beauty,Lip Gloss Set,14.51,1,20,11.61,Crypto,Cancelled,5.0
ORD-000634,2025-03-31,CUST-00818,28.0,West,Website,Home & Kitchen,Blender,86.01,1,10,77.41,Debit Card,Completed,2.9
ORD-000635,2026-08-17,CUST-00507,27.0,North,Mobile App,Automotive,Tire Inflator,38.12,1,20,30.5,Gift Card,Completed,4.4
ORD-000636,2026-04-30,CUST-00185,18.0,South,Marketplace,Clothing,Yoga Pants,25.23,1,20,20.18,PayPal,Completed,1.8
ORD-000637,2026-05-10,CUST-00511,,,Marketplace,Home & Kitchen,Bed Sheets,76.34,2,0,152.68,Credit Card,Completed,
ORD-000638,2024-12-27,CUST-00851,20.0,West,Mobile App,Clothing,Yoga Pants,52.3,1,0,52.3,PayPal,Completed,
ORD-000639,2026-04-21,CUST-00929,65.0,Central,Website,Automotive,Seat Covers,73.59,1,25,55.19,Credit Card,Returned,4.2
ORD-000640,2024-12-15,CUST-00409,67.0,East,Website,Clothing,Winter Coat,386.92,1,5,367.57,Crypto,Completed,1.7
ORD-000641,2026-09-03,CUST-00158,56.0,North,Website,Toys,Board Game,38.84,1,25,29.13,Crypto,Completed,4.6
ORD-000642,2025-03-30,CUST-00525,66.0,South,Mobile App,Home & Kitchen,Knife Set,58.59,4,15,199.21,Crypto,Completed,2.7
ORD-000643,2026-06-12,CUST-00437,63.0,North,Website,Toys,Board Game,39.55,1,5,37.57,PayPal,Pending,3.6
ORD-000644,2025-10-06,CUST-00086,26.0,East,Mobile App,Home & Kitchen,Bed Sheets,65.2,1,10,58.68,Credit Card,Cancelled,1.6
ORD-000645,2025-01-27,CUST-00049,47.0,Central,Website,Sports,Resistance Bands,17.98,1,0,17.98,Credit Card,Completed,
ORD-000646,2024-12-11,CUST-00516,23.0,North,Website,Sports,Water Bottle,23.81,1,0,23.81,Crypto,Completed,2.6
ORD-000647,2025-10-29,CUST-00776,31.0,West,Mobile App,Toys,Board Game,30.31,1,15,25.76,PayPal,Completed,4.2
ORD-000648,2025-06-05,CUST-00893,28.0,North,Mobile App,Home & Kitchen,Air Fryer,164.58,1,10,148.12,Credit Card,Completed,
ORD-000649,2025-09-24,CUST-00989,61.0,Central,Marketplace,Automotive,Tire Inflator,74.51,1,20,59.61,PayPal,Completed,2.4
ORD-000650,2026-06-01,CUST-00196,59.0,North,Marketplace,Toys,Board Game,18.51,2,0,37.02,Debit Card,Returned,3.6
ORD-000651,2025-11-11,CUST-00552,27.0,South,Website,Books,Cook Book,52.14,4,20,166.85,Crypto,Completed,1.5
ORD-000652,2025-04-05,CUST-00600,24.0,South,Website,Automotive,Tire Inflator,53.55,3,20,128.52,Gift Card,Returned,2.3
ORD-000653,2024-12-14,CUST-00611,57.0,Central,In-Store,Toys,Puzzle 1000pc,57.22,1,15,48.64,Credit Card,Completed,3.4
ORD-000654,2025-08-16,CUST-00433,25.0,Central,Website,Automotive,Dash Cam,118.57,1,10,106.71,Credit Card,Completed,4.6
ORD-000655,2025-07-16,CUST-00715,50.0,West,Website,Automotive,Car Vacuum,70.3,7,5,467.49,PayPal,Completed,2.8
ORD-000656,2025-05-19,CUST-00617,61.0,West,Website,Books,Fiction Novel,21.11,1,5,20.05,PayPal,Completed,2.7
ORD-000657,2026-09-15,CUST-00637,30.0,South,Website,Beauty,Lip Gloss Set,28.49,1,15,24.22,Credit Card,Completed,
ORD-000658,2025-10-08,CUST-00966,34.0,West,Website,Home & Kitchen,Blender,84.52,1,15,71.84,Debit Card,Completed,2.4
ORD-000659,2025-01-24,CUST-00516,32.0,North,Marketplace,Beauty,Moisturizer,16.0,1,20,12.8,PayPal,Completed,1.5
ORD-000660,2026-09-18,CUST-00788,50.0,North,Marketplace,Automotive,Seat Covers,85.11,1,15,72.34,Gift Card,Completed,3.8
ORD-000661,2026-03-15,CUST-00469,53.0,North,In-Store,Clothing,Running Shoes,91.3,1,5,86.73,Gift Card,Completed,1.4
ORD-000662,2024-11-11,CUST-00892,49.0,South,In-Store,Electronics,Bluetooth Speaker,61.26,1,10,55.13,Debit Card,Completed,4.0
ORD-000663,2026-05-30,CUST-00142,69.0,North,Marketplace,Clothing,Denim Jacket,90.0,1,5,85.5,Crypto,Pending,1.0
ORD-000664,2024-10-29,CUST-00273,66.0,East,Marketplace,Automotive,Seat Covers,48.0,1,0,48.0,Crypto,Completed,1.6
ORD-000665,2024-11-07,CUST-00941,27.0,West,Marketplace,Toys,Remote Car,36.76,1,5,34.92,Gift Card,Returned,1.1
ORD-000666,2026-08-12,CUST-00323,59.0,West,In-Store,Electronics,Bluetooth Speaker,143.52,1,0,143.52,Debit Card,Completed,1.1
ORD-000667,2025-08-07,CUST-00731,37.0,Central,In-Store,Home & Kitchen,Blender,39.91,1,10,35.92,Crypto,Completed,3.2
ORD-000668,2025-12-02,CUST-00541,68.0,Central,In-Store,Beauty,Perfume,49.14,4,0,196.56,Crypto,Completed,3.2
ORD-000669,2026-07-02,CUST-00415,65.0,South,Marketplace,Automotive,Seat Covers,86.83,1,15,73.81,Credit Card,Completed,3.9
ORD-000670,2025-06-04,CUST-00096,68.0,Central,Mobile App,Home & Kitchen,Blender,119.31,3,0,357.93,Gift Card,Completed,1.1
ORD-000671,2025-02-20,CUST-00433,25.0,Central,Website,Sports,Resistance Bands,22.73,3,5,64.78,Credit Card,Returned,3.0
ORD-000672,2026-06-16,CUST-00006,58.0,West,Website,Electronics,Wireless Earbuds,93.87,1,10,84.48,Debit Card,Returned,3.3
ORD-000673,2025-04-22,CUST-00835,55.0,Central,Mobile App,Books,Business Mindset,17.32,1,10,15.59,Crypto,Completed,2.3
ORD-000674,2025-04-13,CUST-00436,31.0,West,Website,Books,Business Mindset,21.01,1,0,21.01,Credit Card,Completed,
ORD-000675,2026-05-30,CUST-00603,46.0,Central,Mobile App,Automotive,Car Phone Mount,18.97,1,10,17.07,Crypto,Cancelled,3.5
ORD-000676,2026-02-21,CUST-00131,62.0,West,Marketplace,Automotive,Tire Inflator,56.98,1,0,56.98,Debit Card,Pending,3.1
ORD-000677,2025-09-15,CUST-00967,54.0,Central,Website,Books,Cook Book,27.24,1,15,23.15,Credit Card,Completed,1.5
ORD-000678,2025-02-05,CUST-00313,68.0,East,Website,Sports,Yoga Mat,25.04,4,0,100.16,Crypto,Completed,
ORD-000679,2025-12-20,CUST-00291,20.0,South,Website,Toys,LEGO Set,152.42,2,5,289.6,Crypto,Completed,1.3
ORD-000680,2025-04-09,CUST-00922,26.0,East,Marketplace,Toys,Puzzle 1000pc,23.84,3,10,64.37,Crypto,Returned,1.5
ORD-000681,2026-08-08,CUST-00746,43.0,East,Website,Automotive,Tire Inflator,76.71,2,0,153.42,Gift Card,Completed,1.9
ORD-000682,2025-01-23,CUST-00454,63.0,East,Mobile App,Beauty,Hair Dryer,19.91,1,10,17.92,Debit Card,Completed,4.2
ORD-000683,2025-01-19,CUST-00088,54.0,South,In-Store,Sports,Gym Bag,36.58,1,10,32.92,Gift Card,Completed,
ORD-000684,2026-03-09,CUST-00675,55.0,Central,Website,Books,Cook Book,23.67,2,0,47.34,Credit Card,Completed,4.3
ORD-000685,2026-07-14,CUST-00412,51.0,Central,Website,Automotive,Car Phone Mount,35.92,1,10,32.33,Credit Card,Completed,1.1
ORD-000686,2025-10-12,CUST-00102,44.0,Central,Website,Beauty,Lip Gloss Set,18.07,2,0,36.14,Debit Card,Completed,1.6
ORD-000687,2025-04-16,CUST-00028,42.0,North,Website,Home & Kitchen,Air Fryer,124.12,1,5,117.91,Credit Card,Completed,2.3
ORD-000688,2026-06-20,CUST-00601,21.0,South,Mobile App,Clothing,Running Shoes,56.2,1,15,47.77,Gift Card,Completed,
ORD-000689,2026-07-09,CUST-00030,33.0,West,Mobile App,Beauty,Lip Gloss Set,25.02,2,0,50.04,Credit Card,Completed,3.7
ORD-000690,2026-09-17,CUST-00867,52.0,Central,Website,Home & Kitchen,Knife Set,62.19,2,5,118.16,Debit Card,Completed,4.1
ORD-000691,2025-02-12,CUST-00476,56.0,Central,Website,Toys,Doll Set,25.5,1,0,25.5,Debit Card,Completed,2.9
ORD-000692,2025-02-15,CUST-00218,37.0,Central,Marketplace,Sports,Jump Rope,12.99,3,15,33.12,PayPal,Completed,3.3
ORD-000693,2025-04-11,CUST-00743,61.0,Central,In-Store,Clothing,Polo Shirt,39.46,1,15,33.54,Crypto,Completed,4.2
ORD-000694,2025-12-11,CUST-00280,19.0,South,Mobile App,Beauty,Perfume,189.07,2,15,321.42,PayPal,Completed,3.4
ORD-000695,2026-01-22,CUST-00010,,,Mobile App,Home & Kitchen,Air Fryer,101.66,2,0,203.32,Crypto,Completed,
ORD-000696,2026-06-03,CUST-00688,42.0,West,Mobile App,Clothing,Winter Coat,85.26,1,15,72.47,PayPal,Pending,3.4
ORD-000697,2026-04-14,CUST-00198,30.0,West,Website,Home & Kitchen,Air Fryer,65.85,2,5,125.11,Credit Card,Completed,3.8
ORD-000698,2025-12-20,CUST-00227,56.0,South,In-Store,Clothing,Winter Coat,298.06,1,15,253.35,PayPal,Completed,3.8
ORD-000699,2025-04-09,CUST-00406,65.0,North,Marketplace,Books,Python Programming,18.58,2,15,31.59,Gift Card,Completed,1.8
ORD-000700,2025-09-07,CUST-00131,61.0,East,In-Store,Home & Kitchen,Air Fryer,135.23,1,15,114.95,Debit Card,Cancelled,2.1
ORD-000701,2026-03-20,CUST-00905,38.0,West,Website,Electronics,Bluetooth Speaker,84.53,1,10,76.08,Crypto,Completed,1.2
ORD-000702,2024-12-23,CUST-00478,44.0,West,Website,Toys,Puzzle 1000pc,31.48,3,10,85.0,Credit Card,Cancelled,2.1
ORD-000703,2026-02-28,CUST-00084,33.0,Central,Marketplace,Automotive,Seat Covers,16.47,1,0,16.47,Debit Card,Pending,1.3
ORD-000704,2025-04-15,CUST-00641,39.0,North,Website,Books,Data Science Guide,25.65,1,0,25.65,Crypto,Returned,3.5
ORD-000705,2025-01-25,CUST-00349,57.0,North,Marketplace,Sports,Resistance Bands,9.26,1,0,9.26,Gift Card,Returned,4.1
ORD-000706,2026-08-23,CUST-00088,26.0,North,In-Store,Automotive,Car Phone Mount,28.76,2,10,51.77,Crypto,Completed,1.3
ORD-000707,2025-03-29,CUST-00443,24.0,North,Website,Electronics,USB-C Hub,18.19,1,10,16.37,Credit Card,Completed,2.5
ORD-000708,2026-05-22,CUST-00639,39.0,North,Mobile App,Toys,Remote Car,64.69,4,15,219.95,Crypto,Returned,3.5
ORD-000709,2025-08-12,CUST-00111,26.0,North,Website,Electronics,USB-C Hub,45.86,1,10,41.27,Credit Card,Completed,4.6
ORD-000710,2026-05-17,CUST-00456,59.0,South,Website,Sports,Water Bottle,17.43,4,15,59.26,Credit Card,Completed,2.7
ORD-000711,2026-05-11,CUST-00150,55.0,South,Mobile App,Beauty,Perfume,74.28,1,10,66.85,Gift Card,Completed,1.0
ORD-000712,2026-06-14,CUST-00573,22.0,North,Mobile App,Home & Kitchen,Air Fryer,93.23,1,15,79.25,Debit Card,Pending,1.8
ORD-000713,2025-04-29,CUST-00479,39.0,Central,Mobile App,Beauty,Moisturizer,38.3,1,10,34.47,Gift Card,Completed,2.2
ORD-000714,2025-12-24,CUST-00044,31.0,West,Website,Home & Kitchen,Air Fryer,197.76,2,15,336.19,Credit Card,Completed,2.9
ORD-000715,2025-11-05,CUST-00340,18.0,West,Website,Books,Cook Book,47.8,1,25,35.85,Debit Card,Returned,
ORD-000716,2025-11-18,CUST-00298,30.0,West,Website,Clothing,Yoga Pants,34.45,3,0,103.35,Gift Card,Cancelled,4.9
ORD-000717,2026-03-29,CUST-00737,34.0,South,Website,Books,Business Mindset,13.5,1,20,10.8,Gift Card,Completed,1.7
ORD-000718,2025-04-12,CUST-00671,60.0,North,Website,Clothing,Running Shoes,90.54,1,0,90.54,Debit Card,Completed,4.2
ORD-000719,2024-11-14,CUST-00903,30.0,West,Marketplace,Home & Kitchen,Blender,153.47,1,25,115.1,Credit Card,Completed,
ORD-000720,2025-08-05,CUST-00614,52.0,West,In-Store,Books,Fiction Novel,14.43,1,5,13.71,Debit Card,Cancelled,3.3
ORD-000721,2026-05-25,CUST-00815,23.0,East,Marketplace,Sports,Resistance Bands,17.85,1,0,17.85,Gift Card,Pending,1.8
ORD-000722,2026-03-28,CUST-00770,62.0,Central,Website,Automotive,Car Vacuum,18.59,1,10,16.73,Gift Card,Completed,2.5
ORD-000723,2025-02-21,CUST-00654,43.0,Central,Mobile App,Automotive,Tire Inflator,41.06,1,10,36.95,Debit Card,Completed,4.5
ORD-000724,2025-02-27,CUST-00161,46.0,East,Website,Books,Business Mindset,15.54,2,5,29.53,Credit Card,Completed,
ORD-000725,2026-08-19,CUST-00637,35.0,East,Mobile App,Beauty,Moisturizer,41.28,1,5,39.22,Crypto,Completed,
ORD-000726,2026-06-14,CUST-00661,23.0,North,Website,Toys,LEGO Set,38.47,1,0,38.47,Credit Card,Completed,3.2
ORD-000727,2026-07-12,CUST-00040,67.0,Central,Website,Sports,Resistance Bands,13.6,1,0,13.6,Debit Card,Completed,4.0
ORD-000728,2026-04-21,CUST-00876,43.0,Central,In-Store,Sports,Resistance Bands,26.49,2,25,39.73,Credit Card,Completed,2.4
ORD-000729,2025-05-25,CUST-00670,31.0,Central,In-Store,Toys,Doll Set,48.26,1,0,48.26,Debit Card,Cancelled,3.9
ORD-000730,2026-01-08,CUST-00776,30.0,West,Marketplace,Automotive,Dash Cam,67.72,1,15,57.56,Crypto,Completed,
ORD-000731,2026-06-08,CUST-00572,49.0,North,Website,Toys,Puzzle 1000pc,17.87,1,5,16.98,Gift Card,Cancelled,4.0
ORD-000732,2026-06-16,CUST-00771,20.0,West,Marketplace,Beauty,Perfume,50.29,1,5,47.78,Gift Card,Completed,3.3
ORD-000733,2026-04-03,CUST-00582,43.0,Central,In-Store,Home & Kitchen,Coffee Maker,125.18,2,25,187.77,Gift Card,Cancelled,1.8
ORD-000734,2024-10-02,CUST-00337,53.0,Central,In-Store,Clothing,Winter Coat,160.26,1,5,152.25,PayPal,Completed,
ORD-000735,2026-08-21,CUST-00028,22.0,South,Website,Home & Kitchen,Air Fryer,175.71,3,10,474.42,Crypto,Completed,3.6
ORD-000736,2025-04-08,CUST-00335,42.0,West,Website,Automotive,Car Phone Mount,17.9,2,0,35.8,Credit Card,Completed,4.0
ORD-000737,2025-04-10,CUST-00838,61.0,West,Website,Books,Data Science Guide,42.68,1,5,40.55,Gift Card,Cancelled,3.0
ORD-000738,2025-07-01,CUST-00457,49.0,North,Marketplace,Automotive,Seat Covers,40.02,0,25,60.03,Gift Card,Returned,4.6
ORD-000739,2026-05-14,CUST-00295,44.0,West,Website,Automotive,Tire Inflator,63.3,4,15,215.22,PayPal,Completed,4.4
ORD-000740,2026-07-26,CUST-00469,62.0,West,In-Store,Books,Data Science Guide,53.86,3,15,137.34,Debit Card,Completed,
ORD-000741,2025-05-13,CUST-00904,49.0,Central,Website,Electronics,Smartwatch,328.2,1,0,328.2,Credit Card,Completed,1.9
ORD-000742,2024-11-29,CUST-00774,20.0,North,Mobile App,Toys,Doll Set,30.81,1,5,29.27,PayPal,Completed,1.8
ORD-000743,2026-05-07,CUST-00768,25.0,West,Website,Automotive,Car Phone Mount,10.98,1,10,9.88,Crypto,Returned,1.0
ORD-000744,2026-09-12,CUST-00473,35.0,North,Website,Home & Kitchen,Knife Set,69.94,1,5,66.44,Debit Card,Completed,2.9
ORD-000745,2025-04-25,CUST-00182,35.0,East,Website,Home & Kitchen,Coffee Maker,111.03,2,10,199.85,Crypto,Completed,1.0
ORD-000746,2026-02-17,CUST-00036,,Central,Website,Home & Kitchen,Bed Sheets,31.38,1,0,31.38,Credit Card,Returned,
ORD-000747,2025-11-28,CUST-00613,33.0,North,Website,Clothing,Polo Shirt,59.89,1,5,56.9,Crypto,Completed,2.5
ORD-000748,2024-11-17,CUST-00015,60.0,East,Marketplace,Books,Python Programming,20.23,1,0,20.23,Credit Card,Completed,4.2
ORD-000749,2025-02-09,CUST-00836,45.0,East,Website,Home & Kitchen,Coffee Maker,22.93,1,10,20.64,Debit Card,Completed,2.6
ORD-000750,2025-08-02,CUST-00178,60.0,North,Mobile App,Clothing,Denim Jacket,63.17,1,5,60.01,PayPal,Completed,1.9
ORD-000751,2026-04-27,CUST-00224,68.0,West,Website,Sports,Gym Bag,32.68,1,0,32.68,Gift Card,Completed,3.9
ORD-000752,2025-12-28,CUST-00647,38.0,West,Mobile App,Home & Kitchen,Knife Set,154.76,1,10,139.28,Debit Card,Completed,4.5
ORD-000753,2026-08-09,CUST-00600,19.0,West,Website,Automotive,Car Phone Mount,20.05,1,10,18.05,Debit Card,Completed,1.1
ORD-000754,2025-10-24,CUST-00250,31.0,Central,Website,Clothing,Yoga Pants,40.5,3,5,115.42,Debit Card,Completed,1.6
ORD-000755,2025-04-17,CUST-00969,20.0,West,Marketplace,Electronics,Smartwatch,319.62,1,10,287.66,PayPal,Completed,4.1
ORD-000756,2025-10-10,CUST-00751,33.0,East,Website,Toys,Board Game,49.52,7,0,346.64,Debit Card,Completed,3.7
ORD-000757,2024-10-01,CUST-00188,30.0,West,Mobile App,Books,Fiction Novel,25.12,2,10,45.22,Credit Card,Cancelled,
ORD-000758,2025-09-12,CUST-00178,64.0,Central,Mobile App,Electronics,Smartwatch,361.46,1,0,361.46,Debit Card,Completed,
ORD-000759,2025-09-03,CUST-00435,35.0,South,Mobile App,Automotive,Seat Covers,33.89,1,0,33.89,PayPal,Completed,3.5
ORD-000760,2025-03-09,CUST-00387,,,Mobile App,Automotive,Car Phone Mount,30.82,2,5,58.56,Crypto,Completed,
ORD-000761,2025-04-29,CUST-00086,37.0,East,Mobile App,Automotive,Car Phone Mount,27.93,1,5,26.53,Debit Card,Completed,2.5
ORD-000762,2025-11-10,CUST-00074,50.0,East,Website,Automotive,Seat Covers,64.2,1,10,57.78,Crypto,Completed,1.0
ORD-000763,2026-07-28,CUST-00405,20.0,East,Website,Beauty,Lip Gloss Set,21.12,7,5,140.45,PayPal,Completed,2.6
ORD-000764,2025-01-18,CUST-00782,,,In-Store,Clothing,Polo Shirt,39.86,1,0,39.86,PayPal,Completed,
ORD-000765,2025-10-20,CUST-00249,59.0,West,Website,Electronics,USB-C Hub,72.96,3,15,186.05,PayPal,Completed,3.8
ORD-000766,2026-05-29,CUST-00151,67.0,East,Website,Home & Kitchen,Knife Set,61.59,1,20,49.27,Gift Card,Pending,1.0
ORD-000767,2026-04-03,CUST-00923,62.0,North,Mobile App,Clothing,Polo Shirt,27.96,1,10,25.16,Debit Card,Cancelled,2.7
ORD-000768,2025-03-19,CUST-00392,24.0,Central,Website,Sports,Gym Bag,54.71,4,10,196.96,Crypto,Completed,4.5
ORD-000769,2024-11-24,CUST-00767,22.0,West,Mobile App,Beauty,Moisturizer,35.24,1,0,35.24,Credit Card,Pending,1.0
ORD-000770,2024-12-24,CUST-00442,25.0,South,Website,Toys,Doll Set,60.15,4,0,240.6,Debit Card,Completed,1.7
ORD-000771,2026-08-23,CUST-00061,58.0,South,Marketplace,Automotive,Car Vacuum,60.72,2,0,121.44,Debit Card,Completed,2.6
ORD-000772,2026-01-25,CUST-00128,24.0,East,Website,Clothing,Denim Jacket,36.25,1,0,36.25,Credit Card,Completed,3.7
ORD-000773,2026-04-29,CUST-00682,56.0,Central,Marketplace,Electronics,Wireless Earbuds,64.27,2,25,96.41,Credit Card,Completed,1.0
ORD-000774,2025-12-20,CUST-00440,60.0,East,Website,Sports,Jump Rope,19.36,2,5,36.78,PayPal,Pending,4.8
ORD-000775,2026-04-24,CUST-00895,26.0,East,Marketplace,Toys,Puzzle 1000pc,24.74,2,25,37.11,Credit Card,Completed,3.9
ORD-000776,2026-02-23,CUST-00974,60.0,South,Website,Electronics,Bluetooth Speaker,31.94,1,10,28.75,Gift Card,Completed,3.1
ORD-000777,2026-02-05,CUST-00833,61.0,East,Website,Books,Python Programming,32.19,1,25,24.14,PayPal,Cancelled,3.9
ORD-000778,2025-02-04,CUST-00628,64.0,North,Website,Automotive,Dash Cam,69.38,1,5,65.91,Crypto,Pending,4.6
ORD-000779,2026-04-17,CUST-00891,61.0,Central,Marketplace,Toys,Board Game,33.39,1,15,28.38,Gift Card,Completed,1.3
ORD-000780,2026-06-04,CUST-00494,24.0,Central,Website,Automotive,Dash Cam,138.6,2,25,207.9,Debit Card,Completed,3.8
ORD-000781,2026-05-10,CUST-00925,60.0,West,Marketplace,Toys,LEGO Set,33.32,1,20,26.66,Debit Card,Completed,4.8
ORD-000782,2025-08-22,CUST-00504,56.0,North,Marketplace,Clothing,Denim Jacket,123.43,1,10,111.09,PayPal,Cancelled,4.1
ORD-000783,2025-10-28,CUST-00754,34.0,West,Mobile App,Clothing,Yoga Pants,48.24,2,15,82.01,Gift Card,Pending,1.9
ORD-000784,2024-10-31,CUST-00759,38.0,Central,In-Store,Clothing,Yoga Pants,32.32,2,0,64.64,Credit Card,Completed,
ORD-000785,2024-11-09,CUST-00605,61.0,Central,Website,Toys,Doll Set,68.43,2,5,130.02,Crypto,Pending,2.5
ORD-000786,2026-09-10,CUST-00110,32.0,West,Website,Home & Kitchen,Blender,86.85,3,10,234.49,Crypto,Completed,2.2
ORD-000787,2026-01-05,CUST-00765,63.0,North,Mobile App,Automotive,Tire Inflator,28.22,2,0,56.44,PayPal,Completed,2.1
ORD-000788,2025-10-02,CUST-00386,69.0,North,In-Store,Automotive,Dash Cam,103.9,2,15,176.63,PayPal,Completed,4.4
ORD-000789,2025-08-03,CUST-00878,19.0,West,Marketplace,Books,Python Programming,47.31,1,15,40.21,PayPal,Pending,4.4
ORD-000790,2025-08-12,CUST-00357,62.0,West,Website,Toys,Board Game,31.9,1,5,30.3,Gift Card,Completed,4.7
ORD-000791,2026-09-22,CUST-00595,62.0,North,Marketplace,Toys,LEGO Set,33.08,2,15,56.24,PayPal,Completed,1.6
ORD-000792,2026-08-21,CUST-00824,68.0,South,Marketplace,Automotive,Seat Covers,83.32,1,0,83.32,Credit Card,Completed,1.4
ORD-000793,2025-12-10,CUST-00862,,,In-Store,Home & Kitchen,Bed Sheets,138.84,1,5,131.9,Credit Card,Completed,
ORD-000794,2025-04-18,CUST-00740,29.0,West,Website,Beauty,Hair Dryer,48.91,1,0,48.91,Credit Card,Completed,3.8
ORD-000795,2025-08-16,CUST-00666,23.0,West,Website,Toys,LEGO Set,83.33,1,20,66.66,Crypto,Completed,
ORD-000796,2024-11-18,CUST-00231,55.0,North,Mobile App,Clothing,Polo Shirt,57.02,3,20,136.85,Gift Card,Completed,1.4
ORD-000797,2025-03-07,CUST-00445,52.0,East,Mobile App,Home & Kitchen,Bed Sheets,45.18,1,10,40.66,Credit Card,Completed,4.4
ORD-000798,2024-12-07,CUST-00570,63.0,Central,Marketplace,Home & Kitchen,Bed Sheets,124.54,2,0,249.08,Gift Card,Completed,3.3
ORD-000799,2026-01-18,CUST-00186,26.0,Central,Mobile App,Clothing,Denim Jacket,88.96,1,20,71.17,Credit Card,Completed,1.5
ORD-000800,2026-01-01,CUST-00772,,North,Website,Books,Data Science Guide,14.87,1,0,14.87,Credit Card,Completed,
ORD-000801,2025-05-21,CUST-00532,40.0,East,Mobile App,Electronics,Smartwatch,170.26,2,20,272.42,Crypto,Completed,2.3
ORD-000802,2025-09-26,CUST-00038,40.0,South,Website,Books,Python Programming,36.28,1,0,36.28,Debit Card,Pending,1.9
ORD-000803,2025-08-22,CUST-00564,34.0,East,Website,Sports,Resistance Bands,31.87,1,5,30.28,Debit Card,Completed,
ORD-000804,2026-06-25,CUST-00751,50.0,East,In-Store,Toys,Remote Car,52.15,1,0,52.15,Debit Card,Completed,3.6
ORD-000805,2026-06-07,CUST-00807,,,Website,Home & Kitchen,Bed Sheets,78.4,1,5,74.48,Gift Card,Completed,
ORD-000806,2025-01-22,CUST-00932,42.0,East,Marketplace,Toys,LEGO Set,34.79,1,0,34.79,Debit Card,Cancelled,1.0
ORD-000807,2025-01-25,CUST-00127,40.0,South,Mobile App,Books,Cook Book,30.45,1,15,25.88,PayPal,Completed,1.4
ORD-000808,2024-12-07,CUST-00050,68.0,South,Website,Sports,Gym Bag,53.68,1,0,53.68,Crypto,Completed,3.7
ORD-000809,2025-12-18,CUST-00704,64.0,Central,Marketplace,Toys,Puzzle 1000pc,45.74,3,0,137.22,Debit Card,Completed,2.1
ORD-000810,2025-10-23,CUST-00469,45.0,South,Mobile App,Beauty,Moisturizer,50.07,1,5,47.57,PayPal,Returned,2.1
ORD-000811,2026-03-31,CUST-00313,33.0,West,Marketplace,Books,Business Mindset,23.84,1,0,23.84,Credit Card,Completed,
ORD-000812,2025-09-22,CUST-00293,64.0,Central,In-Store,Clothing,Denim Jacket,89.21,1,0,89.21,Credit Card,Pending,3.0
ORD-000813,2025-10-21,CUST-00694,18.0,Central,Mobile App,Home & Kitchen,Bed Sheets,63.09,3,10,170.34,Crypto,Completed,4.3
ORD-000814,2026-06-30,CUST-00757,66.0,Central,Mobile App,Toys,Doll Set,53.23,1,0,53.23,Credit Card,Completed,3.7
ORD-000815,2025-12-16,CUST-00527,39.0,East,In-Store,Books,Data Science Guide,33.25,3,15,84.79,Crypto,Completed,4.9
ORD-000816,2026-05-05,CUST-00298,31.0,East,Mobile App,Books,Fiction Novel,20.22,1,20,16.18,PayPal,Completed,3.3
ORD-000817,2025-07-01,CUST-00475,40.0,Central,Marketplace,Sports,Gym Bag,64.35,1,0,64.35,Credit Card,Completed,2.3
ORD-000818,2026-09-14,CUST-00412,50.0,East,Website,Clothing,Running Shoes,64.58,2,15,109.79,Crypto,Completed,
ORD-000819,2025-09-19,CUST-00160,52.0,East,Website,Home & Kitchen,Bed Sheets,31.4,1,5,29.83,Crypto,Completed,4.6
ORD-000820,2025-11-08,CUST-00450,25.0,South,Website,Sports,Yoga Mat,77.38,3,10,208.93,Crypto,Completed,3.8
ORD-000821,2026-01-10,CUST-00762,35.0,East,In-Store,Books,Business Mindset,9.19,1,5,8.73,Debit Card,Completed,4.8
ORD-000822,2025-08-31,CUST-00699,42.0,South,Website,Clothing,Polo Shirt,37.01,3,5,105.48,Crypto,Completed,4.4
ORD-000823,2025-01-15,CUST-00130,39.0,South,Website,Home & Kitchen,Air Fryer,135.85,6,15,692.83,Credit Card,Completed,3.7
ORD-000824,2024-12-20,CUST-00297,33.0,East,Mobile App,Toys,Doll Set,84.25,1,5,80.04,Crypto,Completed,3.0
ORD-000825,2026-06-16,CUST-00254,55.0,West,Website,Sports,Yoga Mat,53.89,1,25,40.42,Credit Card,Completed,1.7
ORD-000826,2025-07-15,CUST-00281,42.0,South,In-Store,Home & Kitchen,Coffee Maker,46.68,3,5,133.04,Crypto,Completed,4.5
ORD-000827,2026-08-10,CUST-00237,25.0,South,Website,Toys,Doll Set,32.4,4,10,116.64,Crypto,Completed,1.2
ORD-000828,2025-12-10,CUST-00429,60.0,South,Website,Sports,Water Bottle,24.92,1,5,23.67,Credit Card,Completed,
ORD-000829,2026-01-18,CUST-00622,24.0,North,Mobile App,Beauty,Moisturizer,19.49,1,0,19.49,PayPal,Pending,2.2
ORD-000830,2025-11-24,CUST-00370,31.0,East,Marketplace,Electronics,Bluetooth Speaker,160.68,1,0,160.68,Gift Card,Completed,3.6
ORD-000831,2026-01-23,CUST-00761,30.0,Central,Website,Toys,LEGO Set,64.08,1,0,64.08,Gift Card,Pending,4.3
ORD-000832,2026-04-21,CUST-00352,44.0,East,Marketplace,Automotive,Car Phone Mount,10.41,1,10,9.37,Debit Card,Completed,1.5
ORD-000833,2025-09-15,CUST-00460,68.0,North,In-Store,Sports,Gym Bag,65.32,1,20,52.26,Credit Card,Completed,4.8
ORD-000834,2025-06-01,CUST-00133,70.0,East,Website,Electronics,Smartwatch,278.75,1,10,250.88,Gift Card,Completed,1.8
ORD-000835,2025-08-23,CUST-00995,35.0,North,Website,Toys,Puzzle 1000pc,31.17,1,20,24.94,Gift Card,Completed,2.6
ORD-000836,2026-04-10,CUST-00607,37.0,North,Marketplace,Books,Data Science Guide,15.41,1,10,13.87,Gift Card,Completed,3.1
ORD-000837,2026-03-17,CUST-00176,35.0,South,Website,Books,Business Mindset,25.46,4,10,91.66,Debit Card,Completed,4.8
ORD-000838,2025-09-19,CUST-00255,38.0,South,Mobile App,Home & Kitchen,Knife Set,85.38,1,0,85.38,Credit Card,Completed,4.9
ORD-000839,2025-10-16,CUST-00920,40.0,Central,Website,Clothing,Winter Coat,137.38,2,0,274.76,Credit Card,Completed,
ORD-000840,2026-09-01,CUST-00551,56.0,Central,Website,Books,Business Mindset,16.1,1,25,12.08,Crypto,Pending,3.5
ORD-000841,2026-06-01,CUST-00596,48.0,West,Website,Books,Cook Book,20.84,1,0,20.84,Debit Card,Completed,1.6
ORD-000842,2025-02-06,CUST-00884,37.0,South,Website,Clothing,Polo Shirt,15.06,2,0,30.12,Crypto,Pending,2.1
ORD-000843,2024-10-21,CUST-00193,24.0,North,Website,Home & Kitchen,Coffee Maker,140.91,1,10,126.82,Crypto,Completed,4.9
ORD-000844,2025-12-29,CUST-00022,58.0,North,Marketplace,Home & Kitchen,Air Fryer,231.14,2,5,439.17,Credit Card,Completed,2.1
ORD-000845,2025-01-14,CUST-00754,46.0,East,Marketplace,Electronics,Wireless Earbuds,101.33,1,0,101.33,Credit Card,Completed,3.3
ORD-000846,2026-05-24,CUST-00058,36.0,Central,Mobile App,Home & Kitchen,Knife Set,41.89,2,0,83.78,Gift Card,Completed,1.4
ORD-000847,2026-07-29,CUST-00002,61.0,South,Website,Clothing,Winter Coat,242.23,1,5,230.12,Crypto,Completed,2.1
ORD-000848,2025-05-23,CUST-00230,23.0,North,In-Store,Toys,LEGO Set,55.7,7,25,292.43,PayPal,Completed,1.5
ORD-000849,2026-04-10,CUST-00343,70.0,Central,Website,Electronics,Bluetooth Speaker,44.52,1,5,42.29,Crypto,Completed,2.2
ORD-000850,2025-10-27,CUST-00512,67.0,East,In-Store,Sports,Water Bottle,34.8,1,0,34.8,Credit Card,Returned,4.9
ORD-000851,2026-07-21,CUST-00816,23.0,West,Marketplace,Home & Kitchen,Knife Set,33.41,1,5,31.74,Credit Card,Completed,2.1
ORD-000852,2026-02-13,CUST-00327,59.0,West,Mobile App,Beauty,Moisturizer,15.07,1,5,14.32,Crypto,Completed,1.6
ORD-000853,2026-08-03,CUST-00547,54.0,West,Mobile App,Books,Cook Book,26.98,1,5,25.63,Debit Card,Completed,2.7
ORD-000854,2026-05-14,CUST-00872,40.0,North,Website,Books,Python Programming,20.91,3,0,62.73,Crypto,Pending,1.2
ORD-000855,2026-08-16,CUST-00874,26.0,Central,In-Store,Beauty,Moisturizer,28.26,3,0,84.78,Crypto,Completed,1.2
ORD-000856,2025-03-17,CUST-00989,56.0,West,Website,Clothing,Denim Jacket,61.67,1,0,61.67,Credit Card,Completed,
ORD-000857,2025-09-13,CUST-00251,65.0,North,Website,Home & Kitchen,Air Fryer,76.54,1,0,76.54,Crypto,Completed,4.0
ORD-000858,2024-10-29,CUST-00801,29.0,North,Website,Sports,Jump Rope,12.29,2,5,23.35,Debit Card,Completed,3.4
ORD-000859,2025-12-22,CUST-00971,45.0,West,Mobile App,Home & Kitchen,Air Fryer,184.79,1,5,175.55,PayPal,Cancelled,3.8
ORD-000860,2026-04-25,CUST-00974,65.0,South,Marketplace,Home & Kitchen,Knife Set,83.17,2,10,149.71,Crypto,Completed,1.7
ORD-000861,2025-12-20,CUST-00415,22.0,West,Website,Clothing,Polo Shirt,58.37,1,10,52.53,PayPal,Completed,1.4
ORD-000862,2026-08-07,CUST-00246,37.0,East,Website,Beauty,Hair Dryer,83.41,1,5,79.24,Credit Card,Completed,4.0
ORD-000863,2025-10-15,CUST-00247,20.0,East,Website,Books,Fiction Novel,12.57,4,20,40.22,Gift Card,Completed,4.2
ORD-000864,2026-04-05,CUST-00366,26.0,East,In-Store,Electronics,Laptop Stand,25.61,4,5,97.32,Gift Card,Completed,3.9
ORD-000865,2025-12-29,CUST-00104,20.0,Central,Marketplace,Clothing,Yoga Pants,72.58,1,15,61.69,Debit Card,Completed,2.9
ORD-000866,2026-06-05,CUST-00907,67.0,North,In-Store,Sports,Resistance Bands,14.55,1,5,13.82,Debit Card,Cancelled,3.6
ORD-000867,2025-05-09,CUST-00668,36.0,Central,In-Store,Home & Kitchen,Blender,71.0,1,15,60.35,PayPal,Completed,
ORD-000868,2024-11-12,CUST-00913,49.0,West,Website,Beauty,Hair Dryer,115.96,2,5,220.32,Gift Card,Completed,3.3
ORD-000869,2025-03-23,CUST-00561,35.0,North,Mobile App,Clothing,Running Shoes,41.13,2,20,65.81,Crypto,Completed,1.6
ORD-000870,2026-03-01,CUST-00791,26.0,West,Website,Beauty,Perfume,30.42,5,0,152.1,Crypto,Pending,2.8
ORD-000871,2025-04-27,CUST-00294,41.0,West,Mobile App,Clothing,Winter Coat,138.55,1,5,131.62,Gift Card,Cancelled,
ORD-000872,2025-01-26,CUST-00461,,East,Marketplace,Beauty,Perfume,26.26,1,5,24.95,Credit Card,Completed,
ORD-000873,2026-01-13,CUST-00163,40.0,Central,Website,Electronics,Smartwatch,248.44,1,0,248.44,Credit Card,Completed,3.7
ORD-000874,2026-02-27,CUST-00477,30.0,North,Website,Automotive,Tire Inflator,48.73,1,20,38.98,Credit Card,Cancelled,4.1
ORD-000875,2024-12-27,CUST-00619,,,Website,Toys,Board Game,28.13,1,5,26.72,Crypto,Completed,
ORD-000876,2026-03-23,CUST-00616,31.0,West,Website,Home & Kitchen,Coffee Maker,54.74,4,0,218.96,PayPal,Returned,1.9
ORD-000877,2026-02-21,CUST-00086,44.0,South,Website,Electronics,USB-C Hub,21.77,1,10,19.59,Crypto,Completed,2.8
ORD-000878,2025-10-03,CUST-00917,48.0,West,Website,Books,Business Mindset,18.87,1,0,18.87,PayPal,Completed,2.7
ORD-000879,2024-10-19,CUST-00399,27.0,North,Mobile App,Home & Kitchen,Bed Sheets,52.86,1,10,47.57,Gift Card,Completed,3.3
ORD-000880,2025-09-05,CUST-00957,51.0,South,Mobile App,Beauty,Perfume,29.71,3,20,71.3,PayPal,Completed,2.6
ORD-000881,2025-10-28,CUST-00650,44.0,West,Mobile App,Electronics,USB-C Hub,73.88,7,20,413.73,Gift Card,Completed,4.9
ORD-000882,2026-02-11,CUST-00976,,South,In-Store,Home & Kitchen,Blender,43.61,1,5,41.43,Gift Card,Pending,
ORD-000883,2025-04-28,CUST-00512,66.0,West,Mobile App,Sports,Gym Bag,51.81,1,0,51.81,PayPal,Completed,3.1
ORD-000884,2024-12-11,CUST-00383,62.0,South,Mobile App,Beauty,Face Serum,120.93,3,5,344.65,Debit Card,Completed,4.4
ORD-000885,2026-06-12,CUST-00928,44.0,North,In-Store,Toys,Board Game,43.08,2,20,68.93,Credit Card,Completed,
ORD-000886,2026-06-15,CUST-00558,36.0,North,Mobile App,Clothing,Polo Shirt,48.75,4,10,175.5,Gift Card,Completed,
ORD-000887,2026-04-10,CUST-00391,47.0,North,Website,Toys,Remote Car,28.37,2,5,53.9,Crypto,Pending,4.2
ORD-000888,2025-01-13,CUST-00230,61.0,Central,Website,Toys,Puzzle 1000pc,8.55,1,5,8.12,PayPal,Completed,4.6
ORD-000889,2025-02-03,CUST-00016,38.0,North,Website,Books,Python Programming,30.23,2,5,57.44,PayPal,Returned,4.0
ORD-000890,2026-09-18,CUST-00248,54.0,Central,In-Store,Beauty,Moisturizer,55.25,3,25,124.31,Debit Card,Completed,1.2
ORD-000891,2026-05-02,CUST-00746,69.0,South,Mobile App,Toys,Remote Car,68.73,2,5,130.59,PayPal,Completed,1.4
ORD-000892,2025-11-18,CUST-00402,45.0,East,Marketplace,Home & Kitchen,Blender,58.58,2,10,105.44,Debit Card,Pending,1.4
ORD-000893,2024-10-14,CUST-00557,47.0,North,Mobile App,Electronics,Bluetooth Speaker,57.86,3,10,156.22,Credit Card,Completed,
ORD-000894,2025-06-16,CUST-00305,34.0,South,Mobile App,Beauty,Moisturizer,25.79,3,20,61.9,Debit Card,Completed,2.5
ORD-000895,2025-12-14,CUST-00024,36.0,Central,Marketplace,Electronics,Laptop Stand,47.3,3,0,141.9,Credit Card,Completed,1.4
ORD-000896,2026-04-26,CUST-00371,58.0,South,Website,Sports,Resistance Bands,10.87,2,5,20.65,Crypto,Returned,2.9
ORD-000897,2024-11-27,CUST-00322,58.0,West,Marketplace,Clothing,Denim Jacket,134.45,1,5,127.73,Debit Card,Completed,3.6
ORD-000898,2026-06-03,CUST-00496,30.0,Central,Mobile App,Electronics,Wireless Earbuds,146.59,1,25,109.94,Credit Card,Completed,4.7
ORD-000899,2024-10-02,CUST-00157,26.0,South,Marketplace,Electronics,Bluetooth Speaker,41.41,3,10,111.81,Credit Card,Cancelled,
ORD-000900,2025-05-31,CUST-00275,65.0,East,Mobile App,Books,Python Programming,36.42,1,20,29.14,Credit Card,Completed,2.2
ORD-000901,2025-11-16,CUST-00198,68.0,East,Website,Automotive,Tire Inflator,85.65,2,5,162.74,PayPal,Pending,
ORD-000902,2025-12-25,CUST-00500,24.0,West,Marketplace,Sports,Resistance Bands,54.12,1,25,40.59,Crypto,Completed,2.3
ORD-000903,2026-05-09,CUST-00920,56.0,North,Mobile App,Toys,Puzzle 1000pc,15.83,1,5,15.04,Credit Card,Pending,2.6
ORD-000904,2025-01-04,CUST-00331,27.0,West,Marketplace,Beauty,Lip Gloss Set,7.52,3,0,22.56,PayPal,Completed,2.5
ORD-000905,2026-01-17,CUST-00735,42.0,East,Website,Beauty,Face Serum,14.4,1,10,12.96,Gift Card,Returned,3.2
ORD-000906,2025-08-15,CUST-00575,45.0,East,Marketplace,Sports,Gym Bag,30.61,1,0,30.61,Credit Card,Completed,3.7
ORD-000907,2026-02-22,CUST-00506,28.0,West,Website,Beauty,Perfume,31.09,1,0,31.09,PayPal,Completed,
ORD-000908,2025-08-09,CUST-00292,43.0,North,Mobile App,Beauty,Hair Dryer,53.71,2,10,96.68,Gift Card,Pending,2.1
ORD-000909,2025-08-26,CUST-00661,38.0,North,Website,Electronics,Bluetooth Speaker,140.57,2,0,281.14,Credit Card,Returned,2.2
ORD-000910,2025-08-08,CUST-00506,25.0,Central,Website,Beauty,Lip Gloss Set,11.99,6,15,61.15,PayPal,Completed,4.4
ORD-000911,2024-10-05,CUST-00846,23.0,North,Website,Beauty,Hair Dryer,35.98,1,0,35.98,PayPal,Cancelled,1.9
ORD-000912,2025-02-14,CUST-00006,39.0,North,Website,Books,Business Mindset,22.65,1,10,20.38,Credit Card,Completed,1.3
ORD-000913,2025-07-12,CUST-00598,44.0,West,Website,Toys,Board Game,45.09,1,20,36.07,PayPal,Cancelled,4.6
ORD-000914,2025-08-19,CUST-00490,67.0,West,In-Store,Automotive,Car Phone Mount,25.65,4,0,102.6,PayPal,Completed,1.4
ORD-000915,2024-12-31,CUST-00249,18.0,South,Mobile App,Sports,Yoga Mat,49.42,1,15,42.01,Credit Card,Pending,
ORD-000916,2026-05-18,CUST-00108,37.0,East,Website,Books,Cook Book,35.44,1,0,35.44,Gift Card,Completed,2.3
ORD-000917,2026-05-26,CUST-00134,67.0,South,In-Store,Automotive,Dash Cam,119.93,2,0,239.86,Crypto,Pending,3.1
ORD-000918,2026-09-01,CUST-00703,24.0,East,In-Store,Toys,Remote Car,22.91,1,5,21.76,Gift Card,Completed,
ORD-000919,2026-01-14,CUST-00274,23.0,North,Mobile App,Clothing,Denim Jacket,32.49,1,5,30.87,Gift Card,Completed,4.7
ORD-000920,2025-06-05,CUST-00442,59.0,Central,Website,Beauty,Lip Gloss Set,15.3,1,5,14.54,Crypto,Completed,
ORD-000921,2026-07-09,CUST-00181,59.0,Central,Website,Toys,Puzzle 1000pc,18.3,3,0,54.9,Gift Card,Completed,3.7
ORD-000922,2025-12-03,CUST-00037,62.0,Central,Website,Books,Python Programming,36.3,1,0,36.3,Credit Card,Completed,4.5
ORD-000923,2025-06-20,CUST-00844,56.0,East,Mobile App,Toys,Puzzle 1000pc,23.0,1,0,23.0,Debit Card,Returned,2.2
ORD-000924,2026-04-22,CUST-00718,61.0,Central,Mobile App,Sports,Yoga Mat,16.35,1,10,14.72,PayPal,Returned,1.7
ORD-000925,2025-12-03,CUST-00146,22.0,North,Mobile App,Clothing,Denim Jacket,97.48,3,20,233.95,Crypto,Completed,2.1
ORD-000926,2025-03-17,CUST-00598,19.0,North,Mobile App,Home & Kitchen,Air Fryer,114.53,1,25,85.9,Debit Card,Completed,
ORD-000927,2026-02-24,CUST-00151,34.0,North,Website,Sports,Resistance Bands,16.74,1,0,16.74,PayPal,Completed,5.0
ORD-000928,2025-08-09,CUST-00362,,East,Marketplace,Automotive,Seat Covers,48.68,2,0,97.36,Gift Card,Completed,
ORD-000929,2025-11-30,CUST-00656,49.0,North,Website,Automotive,Car Phone Mount,23.53,4,10,84.71,Crypto,Returned,1.6
ORD-000930,2025-03-13,CUST-00442,35.0,East,Website,Electronics,Smartwatch,217.82,1,10,-196.04,Credit Card,Completed,3.6
ORD-000931,2025-04-30,CUST-00358,55.0,East,Website,Automotive,Car Vacuum,24.44,1,20,19.55,Crypto,Pending,1.8
ORD-000932,2025-07-05,CUST-00581,27.0,East,Website,Beauty,Hair Dryer,35.93,5,15,152.7,Credit Card,Completed,2.9
ORD-000933,2026-04-25,CUST-00499,,,Website,Sports,Gym Bag,40.72,1,0,40.72,PayPal,Completed,
ORD-000934,2024-12-08,CUST-00361,60.0,North,Website,Clothing,Running Shoes,126.51,1,0,126.51,Debit Card,Completed,4.4
ORD-000935,2025-07-26,CUST-00751,40.0,South,Mobile App,Home & Kitchen,Air Fryer,167.84,2,0,335.68,Credit Card,Completed,
ORD-000936,2025-04-15,CUST-00101,38.0,East,In-Store,Books,Cook Book,23.03,1,25,17.27,Gift Card,Completed,3.7
ORD-000937,2025-11-14,CUST-00205,42.0,East,Website,Home & Kitchen,Coffee Maker,78.0,1,5,74.1,PayPal,Completed,3.2
ORD-000938,2026-08-04,CUST-00321,44.0,Central,In-Store,Toys,LEGO Set,35.4,2,5,67.26,PayPal,Completed,2.7
ORD-000939,2025-11-15,CUST-00786,50.0,West,Website,Automotive,Car Phone Mount,48.59,1,0,48.59,Debit Card,Completed,2.0
ORD-000940,2025-04-12,CUST-00899,66.0,East,Website,Beauty,Moisturizer,36.5,1,20,29.2,Crypto,Completed,2.9
ORD-000941,2025-11-02,CUST-00666,21.0,North,Website,Automotive,Car Phone Mount,16.3,1,0,16.3,Credit Card,Returned,3.8
ORD-000942,2026-03-24,CUST-00055,61.0,South,Mobile App,Clothing,Winter Coat,155.72,2,15,264.72,Gift Card,Completed,1.9
ORD-000943,2025-11-01,CUST-00960,18.0,North,Marketplace,Home & Kitchen,Knife Set,91.34,2,15,155.28,Gift Card,Completed,
ORD-000944,2025-05-22,CUST-00254,25.0,South,Website,Home & Kitchen,Blender,98.81,1,10,88.93,Credit Card,Returned,1.2
ORD-000945,2025-10-28,CUST-00241,45.0,Central,Website,Sports,Jump Rope,13.48,4,0,53.92,Gift Card,Completed,3.5
ORD-000946,2025-05-27,CUST-00674,24.0,South,Website,Home & Kitchen,Air Fryer,77.29,1,15,65.7,Gift Card,Completed,2.2
ORD-000947,2026-05-25,CUST-00715,42.0,North,Mobile App,Automotive,Seat Covers,61.56,1,5,58.48,Crypto,Completed,1.5
ORD-000948,2025-10-03,CUST-00915,35.0,Central,Mobile App,Electronics,Bluetooth Speaker,76.8,1,10,69.12,PayPal,Pending,3.9
ORD-000949,2024-11-19,CUST-00516,59.0,South,Website,Electronics,Smartwatch,268.22,1,20,214.58,Gift Card,Completed,
ORD-000950,2025-11-12,CUST-00471,59.0,South,Website,Home & Kitchen,Knife Set,94.22,1,10,84.8,PayPal,Cancelled,
ORD-000951,2024-10-20,CUST-00185,38.0,Central,Marketplace,Automotive,Tire Inflator,107.12,1,10,96.41,Gift Card,Completed,1.5
ORD-000952,2025-01-04,CUST-00047,61.0,North,Marketplace,Beauty,Hair Dryer,49.92,2,5,94.85,Debit Card,Completed,3.0
ORD-000953,2025-12-25,CUST-00828,22.0,South,Website,Automotive,Seat Covers,119.03,1,25,89.27,Debit Card,Completed,4.9
ORD-000954,2025-05-31,CUST-00768,38.0,North,Mobile App,Electronics,Bluetooth Speaker,57.43,3,0,172.29,PayPal,Completed,4.7
ORD-000955,2026-05-31,CUST-00588,65.0,Central,Website,Clothing,Polo Shirt,28.79,1,25,21.59,PayPal,Completed,1.9
ORD-000956,2025-05-25,CUST-00197,41.0,North,Mobile App,Home & Kitchen,Bed Sheets,70.11,3,15,178.78,Credit Card,Completed,4.6
ORD-000957,2025-09-02,CUST-00190,57.0,Central,Mobile App,Toys,Doll Set,41.5,2,0,83.0,Debit Card,Completed,2.4
ORD-000958,2025-06-10,CUST-00895,32.0,North,Mobile App,Home & Kitchen,Air Fryer,121.44,2,10,218.59,Debit Card,Returned,1.5
ORD-000959,2025-11-01,CUST-00842,28.0,East,In-Store,Electronics,Bluetooth Speaker,126.31,2,0,252.62,PayPal,Completed,4.5
ORD-000960,2024-10-16,CUST-00531,55.0,Central,Mobile App,Sports,Yoga Mat,42.95,2,0,85.9,Crypto,Completed,4.6
ORD-000961,2025-12-09,CUST-00432,66.0,East,Website,Automotive,Seat Covers,107.94,2,0,215.88,Credit Card,Completed,3.9
ORD-000962,2026-01-29,CUST-00578,44.0,Central,Marketplace,Electronics,Smartwatch,172.95,3,15,441.02,Credit Card,Completed,
ORD-000963,2025-07-12,CUST-00741,37.0,North,Website,Clothing,Winter Coat,169.46,1,0,169.46,Crypto,Completed,2.7
ORD-000964,2025-09-29,CUST-00801,21.0,South,Mobile App,Books,Python Programming,45.21,2,0,90.42,Crypto,Completed,3.2
ORD-000965,2025-03-15,CUST-00438,40.0,Central,Website,Toys,Puzzle 1000pc,25.18,1,5,23.92,Crypto,Completed,4.6
ORD-000966,2026-08-26,CUST-00238,52.0,North,Mobile App,Books,Business Mindset,24.22,3,0,72.66,Debit Card,Completed,4.2
ORD-000967,2025-09-03,CUST-00059,40.0,North,Website,Electronics,Wireless Earbuds,129.51,1,0,-129.51,Crypto,Completed,
ORD-000968,2025-05-06,CUST-00674,65.0,North,Mobile App,Books,Business Mindset,14.07,4,5,53.47,Credit Card,Completed,3.0
ORD-000969,2025-01-27,CUST-00376,50.0,Central,Website,Beauty,Moisturizer,24.47,1,5,23.25,Debit Card,Completed,3.8
ORD-000970,2026-05-14,CUST-00974,51.0,Central,Mobile App,Clothing,Running Shoes,60.96,1,5,57.91,Credit Card,Completed,
ORD-000971,2025-10-28,CUST-00382,25.0,South,Website,Books,Business Mindset,36.05,1,0,36.05,Debit Card,Completed,2.8
ORD-000972,2025-10-05,CUST-00603,19.0,West,Website,Electronics,USB-C Hub,68.0,1,0,68.0,Credit Card,Completed,2.5
ORD-000973,2025-02-11,CUST-00389,40.0,South,Mobile App,Toys,Puzzle 1000pc,15.88,2,0,31.76,Gift Card,Completed,3.2
ORD-000974,2026-06-02,CUST-00849,64.0,East,Marketplace,Electronics,Bluetooth Speaker,121.76,1,5,115.67,Gift Card,Completed,
ORD-000975,2025-08-11,CUST-00771,52.0,North,Marketplace,Toys,Puzzle 1000pc,33.91,1,20,27.13,Gift Card,Completed,3.7
ORD-000976,2025-08-13,CUST-00532,18.0,East,Website,Automotive,Tire Inflator,70.08,1,10,63.07,Crypto,Completed,2.0
ORD-000977,2025-12-05,CUST-00556,34.0,East,Website,Sports,Water Bottle,16.5,1,0,16.5,Crypto,Completed,2.1
ORD-000978,2025-05-10,CUST-00857,40.0,East,Marketplace,Electronics,Wireless Earbuds,71.72,1,10,64.55,Crypto,Completed,2.9
ORD-000979,2026-06-29,CUST-00962,34.0,North,Website,Automotive,Car Vacuum,30.89,1,0,30.89,Gift Card,Completed,2.8
ORD-000980,2026-03-22,CUST-00646,29.0,South,Website,Sports,Water Bottle,25.17,2,0,50.34,Gift Card,Completed,3.6
ORD-000981,2026-03-21,CUST-00234,40.0,North,In-Store,Automotive,Car Vacuum,28.69,2,10,51.64,PayPal,Pending,
ORD-000982,2025-01-07,CUST-00520,70.0,West,Website,Electronics,Bluetooth Speaker,43.39,2,0,86.78,Credit Card,Completed,2.5
ORD-000983,2025-04-18,CUST-00147,48.0,North,Website,Toys,LEGO Set,62.17,1,20,49.74,PayPal,Completed,3.6
ORD-000984,2026-07-21,CUST-00298,63.0,South,In-Store,Sports,Gym Bag,22.64,1,5,21.51,Credit Card,Completed,2.3
ORD-000985,2025-03-31,CUST-00673,54.0,South,Website,Beauty,Moisturizer,25.64,1,10,23.08,Credit Card,Pending,5.0
ORD-000986,2026-08-04,CUST-00541,54.0,North,Mobile App,Toys,Doll Set,52.45,1,15,44.58,Gift Card,Completed,1.8
ORD-000987,2025-07-25,CUST-00371,44.0,South,Mobile App,Sports,Resistance Bands,20.85,4,15,70.89,Credit Card,Completed,4.8
ORD-000988,2025-12-25,CUST-00937,70.0,East,Mobile App,Beauty,Face Serum,65.79,2,10,118.42,Gift Card,Completed,1.9
ORD-000989,2025-07-11,CUST-00691,,,Mobile App,Home & Kitchen,Blender,58.61,1,20,46.89,Gift Card,Completed,
ORD-000990,2026-01-17,CUST-00507,34.0,South,Marketplace,Toys,Puzzle 1000pc,18.3,1,0,18.3,Crypto,Completed,
ORD-000991,2026-05-21,CUST-00442,45.0,North,Mobile App,Automotive,Car Phone Mount,12.41,1,0,12.41,Credit Card,Completed,4.7
ORD-000992,2026-01-10,CUST-00730,20.0,East,Website,Beauty,Moisturizer,23.17,1,10,20.85,PayPal,Completed,5.0
ORD-000993,2026-05-29,CUST-00646,29.0,West,Marketplace,Clothing,Yoga Pants,65.25,1,20,52.2,Crypto,Completed,1.5
ORD-000994,2024-10-01,CUST-00379,67.0,West,Website,Clothing,Denim Jacket,133.24,1,10,119.92,Crypto,Completed,2.1
ORD-000995,2025-08-28,CUST-00578,42.0,Central,Marketplace,Clothing,Denim Jacket,70.27,1,5,66.76,Gift Card,Completed,2.1
ORD-000996,2025-04-22,CUST-00968,36.0,South,Mobile App,Beauty,Moisturizer,49.22,1,0,49.22,PayPal,Completed,1.4
ORD-000997,2026-01-27,CUST-00230,60.0,South,Website,Home & Kitchen,Air Fryer,70.21,4,5,266.8,PayPal,Pending,4.7
ORD-000998,2024-10-14,CUST-00521,18.0,South,Website,Sports,Resistance Bands,14.17,2,10,25.51,Credit Card,Pending,4.2
ORD-000999,2025-12-09,CUST-00971,25.0,Central,Mobile App,Automotive,Car Phone Mount,33.74,1,0,33.74,Crypto,Completed,2.2
ORD-001000,2025-12-11,CUST-00089,32.0,South,In-Store,Clothing,Polo Shirt,88.0,2,5,167.2,Credit Card,Pending,4.0
ORD-001001,2026-09-14,CUST-00465,45.0,Central,Mobile App,Clothing,Yoga Pants,31.19,3,5,88.89,Credit Card,Completed,4.7
ORD-001002,2026-01-28,CUST-00677,32.0,North,In-Store,Clothing,Winter Coat,93.79,2,15,159.44,Credit Card,Completed,4.5
ORD-001003,2024-11-05,CUST-00192,51.0,West,Website,Books,Business Mindset,32.71,1,5,31.07,Debit Card,Completed,
ORD-001004,2025-05-07,CUST-00626,55.0,South,Marketplace,Books,Python Programming,27.18,1,5,25.82,Credit Card,Completed,2.5
ORD-001005,2025-09-20,CUST-00185,56.0,East,Marketplace,Books,Business Mindset,24.28,2,10,43.7,PayPal,Completed,3.5
ORD-001006,2025-01-31,CUST-00116,47.0,East,Mobile App,Beauty,Hair Dryer,42.75,2,0,85.5,Crypto,Completed,1.5
ORD-001007,2024-12-23,CUST-00132,35.0,West,Marketplace,Beauty,Face Serum,65.37,2,5,124.2,Crypto,Completed,1.1
ORD-001008,2025-06-09,CUST-00268,49.0,East,Mobile App,Books,Cook Book,15.88,2,15,27.0,Crypto,Completed,1.2
ORD-001009,2026-01-14,CUST-00459,57.0,West,Website,Books,Business Mindset,20.87,3,0,62.61,Debit Card,Completed,1.4
ORD-001010,2025-04-25,CUST-00740,67.0,North,Marketplace,Beauty,Moisturizer,35.89,1,0,35.89,Credit Card,Returned,2.4
ORD-001011,2024-10-10,CUST-00204,41.0,South,Marketplace,Clothing,Running Shoes,89.64,3,5,255.47,Crypto,Returned,
ORD-001012,2025-06-22,CUST-00963,68.0,North,Website,Beauty,Lip Gloss Set,15.39,1,15,13.08,Credit Card,Completed,3.0
ORD-001013,2026-07-06,CUST-00236,70.0,South,Website,Automotive,Car Phone Mount,15.44,5,5,73.34,Credit Card,Returned,2.6
ORD-001014,2026-05-30,CUST-00721,68.0,West,Website,Sports,Yoga Mat,16.6,1,10,14.94,Gift Card,Completed,3.9
ORD-001015,2026-05-29,CUST-00804,59.0,East,Mobile App,Toys,Remote Car,62.9,4,20,201.28,Credit Card,Completed,1.4
ORD-001016,2025-09-25,CUST-00991,42.0,West,Mobile App,Automotive,Tire Inflator,47.87,1,0,47.87,Crypto,Completed,3.0
ORD-001017,2025-05-03,CUST-00782,32.0,Central,Marketplace,Electronics,USB-C Hub,50.74,1,25,38.05,Crypto,Completed,2.6
ORD-001018,2026-05-03,CUST-00319,49.0,East,Website,Automotive,Seat Covers,50.39,1,0,50.39,Credit Card,Completed,4.5
ORD-001019,2026-06-12,CUST-00485,49.0,Central,Marketplace,Books,Python Programming,19.95,1,10,17.95,Gift Card,Completed,
ORD-001020,2026-02-04,CUST-00155,31.0,North,Website,Sports,Jump Rope,6.29,2,5,11.95,Gift Card,Completed,2.1
ORD-001021,2026-09-21,CUST-00242,23.0,East,Mobile App,Automotive,Car Vacuum,42.74,2,25,64.11,Crypto,Completed,5.0
ORD-001022,2025-01-26,CUST-00776,20.0,North,Website,Clothing,Polo Shirt,32.53,1,5,30.9,Credit Card,Completed,4.9
ORD-001023,2026-03-19,CUST-00499,25.0,South,Marketplace,Toys,Puzzle 1000pc,13.42,1,15,11.41,Gift Card,Completed,
ORD-001024,2026-05-03,CUST-00278,61.0,Central,Website,Toys,Board Game,39.42,5,20,157.68,PayPal,Completed,2.2
ORD-001025,2024-10-12,CUST-00620,26.0,East,Mobile App,Books,Fiction Novel,26.6,4,5,101.08,Debit Card,Cancelled,3.9
ORD-001026,2025-02-22,CUST-00326,30.0,West,Website,Home & Kitchen,Blender,62.26,2,5,118.29,Crypto,Completed,2.2
ORD-001027,2026-09-10,CUST-00063,40.0,Central,Mobile App,Books,Python Programming,32.13,1,5,30.52,Debit Card,Completed,4.5
ORD-001028,2025-11-11,CUST-00889,53.0,West,Mobile App,Electronics,Smartwatch,235.79,1,15,200.42,PayPal,Completed,4.7
ORD-001029,2024-09-29,CUST-00222,67.0,East,Website,Books,Python Programming,33.96,2,0,67.92,Gift Card,Completed,3.3
ORD-001030,2026-03-23,CUST-00620,68.0,East,In-Store,Toys,Board Game,30.42,1,20,24.34,Gift Card,Completed,1.7
ORD-001031,2025-11-07,CUST-00151,50.0,South,Website,Books,Data Science Guide,27.79,1,15,23.62,Credit Card,Completed,1.2
ORD-001032,2026-02-22,CUST-00513,37.0,North,Website,Automotive,Tire Inflator,49.75,1,5,47.26,Crypto,Completed,2.9
ORD-001033,2025-02-22,CUST-00220,49.0,South,In-Store,Beauty,Hair Dryer,20.06,2,10,36.11,PayPal,Completed,3.2
ORD-001034,2025-01-24,CUST-00357,45.0,South,Website,Sports,Yoga Mat,28.07,2,5,53.33,PayPal,Returned,2.4
ORD-001035,2026-08-03,CUST-00962,41.0,South,Website,Books,Fiction Novel,17.52,1,25,13.14,Debit Card,Cancelled,1.8
ORD-001036,2024-12-21,CUST-00933,35.0,East,In-Store,Books,Python Programming,56.83,4,5,215.95,Gift Card,Cancelled,1.1
ORD-001037,2026-01-26,CUST-00260,56.0,East,Mobile App,Automotive,Tire Inflator,23.15,1,10,20.84,Gift Card,Returned,4.7
ORD-001038,2026-06-12,CUST-00664,63.0,Central,Marketplace,Automotive,Tire Inflator,42.16,1,15,35.84,Credit Card,Completed,3.9
ORD-001039,2026-04-26,CUST-00123,30.0,North,Mobile App,Home & Kitchen,Coffee Maker,33.95,1,15,28.86,Credit Card,Completed,
ORD-001040,2026-08-04,CUST-00325,60.0,South,In-Store,Electronics,Laptop Stand,71.05,3,15,181.18,Gift Card,Completed,1.1
ORD-001041,2025-11-09,CUST-00067,20.0,South,Marketplace,Toys,Puzzle 1000pc,46.09,4,10,165.92,Gift Card,Completed,1.7
ORD-001042,2025-06-15,CUST-00178,62.0,North,Website,Sports,Gym Bag,29.93,1,10,26.94,Gift Card,Completed,3.3
ORD-001043,2025-04-15,CUST-00941,67.0,North,Website,Clothing,Winter Coat,202.42,3,0,607.26,Credit Card,Completed,4.9
ORD-001044,2026-01-19,CUST-00084,42.0,South,Website,Home & Kitchen,Air Fryer,63.32,1,5,60.15,Debit Card,Completed,2.2
ORD-001045,2026-06-27,CUST-00424,62.0,South,Marketplace,Sports,Resistance Bands,18.37,1,10,16.53,PayPal,Cancelled,
ORD-001046,2026-02-23,CUST-00373,20.0,East,Marketplace,Automotive,Seat Covers,20.15,2,5,38.28,Gift Card,Completed,4.3
ORD-001047,2025-10-08,CUST-00720,65.0,West,Website,Toys,Remote Car,57.5,2,0,115.0,PayPal,Completed,3.0
ORD-001048,2026-08-06,CUST-00224,47.0,West,Website,Sports,Yoga Mat,38.1,1,0,38.1,Credit Card,Completed,2.9
ORD-001049,2026-06-08,CUST-00923,44.0,North,Website,Beauty,Perfume,80.74,3,10,218.0,Credit Card,Completed,1.0
ORD-001050,2026-07-19,CUST-00192,57.0,East,Website,Automotive,Seat Covers,49.23,3,20,118.15,Crypto,Completed,2.8
ORD-001051,2025-10-06,CUST-00409,43.0,West,Marketplace,Automotive,Car Vacuum,53.68,1,5,51.0,PayPal,Completed,
ORD-001052,2026-02-04,CUST-00782,19.0,Central,Website,Sports,Yoga Mat,38.14,2,20,61.02,Crypto,Completed,2.6
ORD-001053,2026-02-14,CUST-00612,39.0,Central,Website,Home & Kitchen,Blender,31.94,2,5,60.69,Gift Card,Completed,
ORD-001054,2026-07-13,CUST-00821,29.0,East,Mobile App,Electronics,Wireless Earbuds,83.92,1,15,71.33,Debit Card,Completed,1.8
ORD-001055,2024-11-25,CUST-00209,18.0,West,Website,Sports,Water Bottle,13.22,1,0,13.22,Debit Card,Completed,4.1
ORD-001056,2026-05-15,CUST-00704,66.0,West,Mobile App,Automotive,Dash Cam,70.13,1,5,66.62,Crypto,Completed,3.8
ORD-001057,2025-03-01,CUST-00137,43.0,West,Marketplace,Clothing,Polo Shirt,16.63,1,15,14.14,PayPal,Returned,2.7
ORD-001058,2025-07-03,CUST-00601,50.0,North,Website,Clothing,Yoga Pants,51.89,3,15,132.32,Gift Card,Completed,2.4
ORD-001059,2026-04-14,CUST-00080,42.0,South,Website,Electronics,Bluetooth Speaker,88.32,2,5,167.81,Debit Card,Completed,1.4
ORD-001060,2026-04-17,CUST-00692,24.0,West,Website,Home & Kitchen,Bed Sheets,29.58,1,5,28.1,Crypto,Completed,3.1
ORD-001061,2025-05-12,CUST-00672,50.0,West,Marketplace,Automotive,Car Phone Mount,18.35,2,15,31.2,Credit Card,Completed,
ORD-001062,2025-07-12,CUST-00687,56.0,West,Mobile App,Toys,Puzzle 1000pc,12.94,1,10,11.65,Credit Card,Completed,3.5
ORD-001063,2024-10-09,CUST-00344,42.0,Central,In-Store,Automotive,Car Vacuum,42.51,3,5,121.15,Credit Card,Returned,3.1
ORD-001064,2026-04-05,CUST-00725,21.0,Central,Website,Clothing,Denim Jacket,38.75,1,20,31.0,Gift Card,Returned,2.8
ORD-001065,2025-04-17,CUST-00472,36.0,East,Website,Automotive,Seat Covers,23.45,1,20,18.76,Gift Card,Completed,2.3
ORD-001066,2026-07-20,CUST-00428,20.0,North,Mobile App,Electronics,Bluetooth Speaker,69.02,1,0,69.02,PayPal,Completed,2.4
ORD-001067,2026-04-24,CUST-00130,57.0,South,Mobile App,Toys,Remote Car,25.94,1,10,23.35,Crypto,Cancelled,2.8
ORD-001068,2025-05-27,CUST-00335,42.0,East,Website,Books,Fiction Novel,15.91,3,0,47.73,Gift Card,Pending,4.5
ORD-001069,2025-02-21,CUST-00433,45.0,West,Website,Clothing,Yoga Pants,46.39,1,15,39.43,PayPal,Completed,1.3
ORD-001070,2026-06-03,CUST-00631,54.0,Central,Mobile App,Clothing,Denim Jacket,93.53,2,25,140.3,Debit Card,Completed,
ORD-001071,2026-09-16,CUST-00765,35.0,South,Website,Automotive,Dash Cam,117.5,1,5,111.62,Credit Card,Completed,3.7
ORD-001072,2026-02-17,CUST-00673,32.0,South,Website,Electronics,USB-C Hub,19.73,2,15,33.54,Crypto,Completed,2.3
ORD-001073,2025-06-05,CUST-00627,39.0,East,Marketplace,Books,Python Programming,39.82,1,0,39.82,Gift Card,Returned,3.5
ORD-001074,2024-10-04,CUST-00349,52.0,East,Website,Toys,Puzzle 1000pc,41.84,1,0,41.84,Crypto,Completed,3.0
ORD-001075,2026-04-30,CUST-00873,51.0,Central,In-Store,Home & Kitchen,Bed Sheets,35.38,2,0,70.76,Crypto,Completed,1.8
ORD-001076,2025-05-02,CUST-00691,44.0,West,Website,Beauty,Perfume,50.64,1,5,48.11,Gift Card,Completed,3.3
ORD-001077,2026-01-21,CUST-00241,43.0,West,In-Store,Electronics,Laptop Stand,38.92,1,5,36.97,Debit Card,Completed,1.5
ORD-001078,2026-04-23,CUST-00183,56.0,South,Marketplace,Books,Data Science Guide,46.5,1,10,41.85,Crypto,Completed,1.9
ORD-001079,2025-06-15,CUST-00681,47.0,East,Mobile App,Sports,Water Bottle,28.8,4,10,103.68,Gift Card,Completed,3.0
ORD-001080,2025-05-01,CUST-00410,24.0,East,Website,Sports,Jump Rope,6.62,2,20,10.59,PayPal,Completed,3.7
ORD-001081,2026-05-28,CUST-00421,23.0,South,Mobile App,Toys,Doll Set,43.83,1,25,32.87,Gift Card,Completed,3.0
ORD-001082,2026-05-25,CUST-00583,42.0,West,Mobile App,Toys,LEGO Set,44.44,1,0,44.44,PayPal,Completed,4.2
ORD-001083,2025-03-13,CUST-00246,31.0,South,Mobile App,Books,Data Science Guide,27.95,1,15,23.76,Debit Card,Completed,4.6
ORD-001084,2026-08-03,CUST-00248,28.0,South,In-Store,Automotive,Tire Inflator,47.15,5,10,212.18,Gift Card,Completed,4.4
ORD-001085,2026-06-27,CUST-00767,22.0,North,Mobile App,Books,Cook Book,36.38,2,0,72.76,Crypto,Cancelled,4.4
ORD-001086,2025-12-15,CUST-00733,21.0,Central,Mobile App,Toys,Board Game,80.53,2,10,144.95,Gift Card,Completed,4.3
ORD-001087,2025-01-08,CUST-00041,24.0,East,Website,Sports,Jump Rope,12.2,3,15,31.11,Gift Card,Completed,4.1
ORD-001088,2026-02-25,CUST-00811,68.0,North,Marketplace,Home & Kitchen,Knife Set,52.41,1,10,47.17,PayPal,Completed,4.7
ORD-001089,2024-09-28,CUST-00711,62.0,North,Mobile App,Automotive,Dash Cam,65.64,1,5,62.36,Crypto,Completed,2.4
ORD-001090,2026-08-02,CUST-00582,41.0,East,Mobile App,Automotive,Seat Covers,76.18,1,10,68.56,Debit Card,Completed,1.9
ORD-001091,2026-08-10,CUST-00582,26.0,East,Mobile App,Beauty,Perfume,57.6,1,15,48.96,Crypto,Completed,4.2
ORD-001092,2026-08-18,CUST-00653,18.0,South,Website,Home & Kitchen,Blender,59.85,1,5,56.86,Debit Card,Completed,
ORD-001093,2025-12-10,CUST-00530,50.0,West,Mobile App,Sports,Water Bottle,43.95,2,15,74.72,Debit Card,Pending,3.3
ORD-001094,2024-11-23,CUST-00497,22.0,South,Marketplace,Beauty,Hair Dryer,69.0,1,20,55.2,Crypto,Completed,1.1
ORD-001095,2025-07-08,CUST-00285,,,Marketplace,Beauty,Moisturizer,30.36,2,0,60.72,Credit Card,Completed,
ORD-001096,2025-05-04,CUST-00373,52.0,North,Website,Electronics,Bluetooth Speaker,124.46,1,15,105.79,Credit Card,Pending,2.1
ORD-001097,2026-04-25,CUST-00251,62.0,East,Marketplace,Clothing,Running Shoes,64.37,1,10,57.93,Debit Card,Completed,2.0
ORD-001098,2026-03-24,CUST-00566,26.0,East,Website,Automotive,Dash Cam,35.54,1,10,31.99,Debit Card,Completed,4.6
ORD-001099,2024-11-01,CUST-00780,58.0,Central,Mobile App,Sports,Yoga Mat,31.65,2,0,63.3,Credit Card,Completed,
ORD-001100,2025-06-29,CUST-00488,55.0,South,Website,Clothing,Denim Jacket,85.66,2,5,162.75,Gift Card,Completed,3.3
ORD-001101,2025-02-17,CUST-00659,44.0,South,Mobile App,Toys,LEGO Set,51.35,3,5,146.35,Gift Card,Completed,2.0
ORD-001102,2025-01-30,CUST-00495,61.0,Central,Website,Sports,Jump Rope,10.13,1,5,9.62,PayPal,Completed,2.4
ORD-001103,2026-06-06,CUST-00187,45.0,West,Website,Sports,Jump Rope,6.67,5,15,28.35,Gift Card,Completed,1.3
ORD-001104,2025-12-15,CUST-00654,50.0,Central,Marketplace,Sports,Yoga Mat,90.62,1,5,86.09,Debit Card,Completed,1.9
ORD-001105,2025-06-02,CUST-00702,67.0,East,In-Store,Sports,Water Bottle,28.69,3,5,81.77,Debit Card,Completed,1.6
ORD-001106,2026-01-08,CUST-00161,35.0,East,In-Store,Toys,Remote Car,49.8,1,10,44.82,Crypto,Completed,4.1
ORD-001107,2025-06-21,CUST-00311,37.0,East,Website,Books,Business Mindset,25.22,2,20,40.35,PayPal,Completed,2.3
ORD-001108,2026-06-26,CUST-00781,67.0,West,Website,Toys,Doll Set,36.5,1,5,34.67,Crypto,Completed,4.9
ORD-001109,2025-05-14,CUST-00678,53.0,East,Website,Sports,Yoga Mat,46.65,1,0,46.65,PayPal,Completed,2.5
ORD-001110,2026-01-21,CUST-00281,48.0,North,Website,Books,Data Science Guide,28.59,5,5,135.8,Debit Card,Completed,3.9
ORD-001111,2026-01-31,CUST-00499,21.0,South,Website,Electronics,USB-C Hub,38.07,1,20,30.46,Gift Card,Completed,
ORD-001112,2025-03-11,CUST-00292,27.0,North,Mobile App,Beauty,Perfume,62.73,1,5,59.59,Credit Card,Completed,2.7
ORD-001113,2026-02-14,CUST-00091,70.0,West,Website,Home & Kitchen,Blender,39.26,2,0,78.52,Gift Card,Completed,3.2
ORD-001114,2025-12-28,CUST-00892,29.0,East,In-Store,Sports,Yoga Mat,34.11,2,15,57.99,PayPal,Cancelled,
ORD-001115,2025-02-09,CUST-00204,69.0,East,Website,Beauty,Lip Gloss Set,10.2,1,5,9.69,Credit Card,Completed,2.7
ORD-001116,2024-10-13,CUST-00525,38.0,East,Website,Automotive,Car Phone Mount,38.45,2,0,76.9,Crypto,Pending,4.5
ORD-001117,2025-08-16,CUST-00753,23.0,North,Mobile App,Automotive,Seat Covers,62.36,6,10,336.74,Gift Card,Returned,4.2
ORD-001118,2024-12-02,CUST-00075,59.0,West,Marketplace,Automotive,Car Vacuum,84.01,1,0,84.01,Crypto,Completed,4.0
ORD-001119,2026-04-22,CUST-00465,57.0,Central,Marketplace,Beauty,Face Serum,26.27,1,10,23.64,Crypto,Cancelled,2.2
ORD-001120,2026-04-13,CUST-00155,60.0,East,Marketplace,Toys,LEGO Set,21.79,3,5,62.1,Gift Card,Completed,2.8
ORD-001121,2025-03-16,CUST-00733,56.0,Central,Website,Books,Fiction Novel,18.98,3,20,45.55,Debit Card,Completed,1.1
ORD-001122,2025-07-18,CUST-00336,32.0,East,In-Store,Electronics,Smartwatch,274.07,3,25,616.66,Debit Card,Completed,5.0
ORD-001123,2025-03-05,CUST-00968,31.0,West,Website,Books,Business Mindset,10.21,2,20,16.34,Crypto,Completed,4.4
ORD-001124,2024-12-14,CUST-00211,64.0,West,Mobile App,Toys,LEGO Set,93.62,1,5,88.94,Credit Card,Completed,4.7
ORD-001125,2024-12-21,CUST-00501,50.0,Central,Website,Clothing,Denim Jacket,174.9,4,0,699.6,PayPal,Completed,1.4
ORD-001126,2026-05-20,CUST-00468,37.0,North,Website,Beauty,Lip Gloss Set,14.74,1,0,14.74,Crypto,Completed,2.4
ORD-001127,2026-06-15,CUST-00235,35.0,North,Mobile App,Clothing,Polo Shirt,57.57,1,10,51.81,Crypto,Cancelled,
ORD-001128,2024-10-14,CUST-00579,56.0,North,Website,Beauty,Face Serum,31.29,1,0,31.29,Debit Card,Completed,1.2
ORD-001129,2024-10-05,CUST-00162,29.0,West,Website,Books,Business Mindset,24.65,1,5,23.42,Gift Card,Pending,4.2
ORD-001130,2026-01-21,CUST-00209,68.0,East,Mobile App,Beauty,Face Serum,47.04,2,0,94.08,PayPal,Cancelled,2.3
ORD-001131,2025-04-24,CUST-00753,28.0,South,In-Store,Electronics,Laptop Stand,22.58,1,5,-21.45,Credit Card,Completed,3.9
ORD-001132,2025-06-15,CUST-00095,52.0,West,In-Store,Home & Kitchen,Air Fryer,62.09,2,20,99.34,Credit Card,Pending,2.7
ORD-001133,2026-08-10,CUST-00001,,,Mobile App,Automotive,Dash Cam,134.26,4,15,456.48,PayPal,Completed,
ORD-001134,2026-06-02,CUST-00585,23.0,South,Website,Clothing,Polo Shirt,37.18,2,15,63.21,Gift Card,Completed,1.9
ORD-001135,2026-05-01,CUST-00256,51.0,South,Website,Clothing,Polo Shirt,24.93,1,10,22.44,PayPal,Completed,3.7
ORD-001136,2025-12-05,CUST-00149,68.0,Central,Marketplace,Sports,Resistance Bands,31.74,2,5,60.31,Credit Card,Completed,3.5
ORD-001137,2025-09-08,CUST-00856,30.0,South,Website,Books,Data Science Guide,17.6,3,10,47.52,PayPal,Completed,4.4
ORD-001138,2026-01-23,CUST-00270,29.0,Central,Mobile App,Toys,Puzzle 1000pc,27.86,1,5,26.47,PayPal,Completed,2.3
ORD-001139,2025-05-24,CUST-00563,45.0,West,Mobile App,Sports,Water Bottle,26.81,2,5,50.94,PayPal,Completed,4.1
ORD-001140,2026-01-23,CUST-00469,53.0,North,Website,Electronics,Bluetooth Speaker,34.66,2,0,69.32,PayPal,Completed,2.8
ORD-001141,2026-07-22,CUST-00907,51.0,Central,Website,Clothing,Winter Coat,116.6,1,15,99.11,Debit Card,Completed,4.0
ORD-001142,2026-01-30,CUST-00820,28.0,Central,Website,Home & Kitchen,Blender,75.67,3,10,204.31,Debit Card,Completed,1.7
ORD-001143,2025-04-23,CUST-00232,43.0,South,Mobile App,Clothing,Denim Jacket,84.12,1,20,67.3,Gift Card,Completed,1.2
ORD-001144,2026-05-01,CUST-00916,63.0,West,Mobile App,Sports,Jump Rope,16.66,1,25,12.5,Debit Card,Completed,1.3
ORD-001145,2025-08-02,CUST-00983,69.0,North,Website,Sports,Resistance Bands,37.69,1,10,33.92,Crypto,Completed,1.6
ORD-001146,2026-01-31,CUST-00401,43.0,Central,Website,Books,Cook Book,26.86,1,10,24.17,PayPal,Completed,2.1
ORD-001147,2026-02-14,CUST-00455,37.0,South,Mobile App,Clothing,Winter Coat,156.35,1,0,156.35,PayPal,Completed,
ORD-001148,2026-08-30,CUST-00306,66.0,North,Mobile App,Clothing,Winter Coat,160.09,1,10,144.08,Gift Card,Completed,
ORD-001149,2026-01-21,CUST-00859,68.0,East,Website,Beauty,Perfume,80.82,4,0,323.28,Crypto,Completed,3.8
ORD-001150,2026-03-30,CUST-00750,62.0,Central,In-Store,Automotive,Seat Covers,31.68,1,0,31.68,PayPal,Completed,3.0
ORD-001151,2025-06-26,CUST-00789,60.0,East,Marketplace,Toys,Puzzle 1000pc,13.59,1,0,13.59,PayPal,Cancelled,2.3
ORD-001152,2025-03-26,CUST-00826,67.0,West,Website,Sports,Water Bottle,8.19,1,0,8.19,Crypto,Completed,2.1
ORD-001153,2026-08-18,CUST-00622,68.0,Central,Marketplace,Automotive,Car Vacuum,50.33,1,10,45.3,Crypto,Completed,
ORD-001154,2024-12-29,CUST-00245,40.0,East,Mobile App,Clothing,Winter Coat,153.82,1,25,115.36,Gift Card,Completed,4.0
ORD-001155,2025-11-05,CUST-00963,54.0,West,Marketplace,Automotive,Tire Inflator,91.17,4,10,328.21,Crypto,Completed,
ORD-001156,2026-04-03,CUST-00300,40.0,West,Marketplace,Home & Kitchen,Air Fryer,126.03,3,5,359.19,Crypto,Returned,4.3
ORD-001157,2025-04-23,CUST-00333,53.0,West,Mobile App,Beauty,Moisturizer,23.33,1,15,19.83,PayPal,Completed,
ORD-001158,2026-05-13,CUST-00177,32.0,West,Marketplace,Beauty,Lip Gloss Set,25.95,6,15,132.34,PayPal,Completed,4.2
ORD-001159,2026-08-09,CUST-00655,63.0,West,Website,Beauty,Perfume,39.12,2,15,66.5,Crypto,Completed,1.8
ORD-001160,2025-02-27,CUST-00371,50.0,South,In-Store,Automotive,Seat Covers,30.49,1,5,28.97,PayPal,Completed,2.2
ORD-001161,2025-10-05,CUST-00713,34.0,North,Website,Sports,Gym Bag,51.6,1,5,49.02,Credit Card,Completed,3.7
ORD-001162,2025-09-16,CUST-00944,32.0,West,Website,Home & Kitchen,Knife Set,59.49,6,5,339.09,PayPal,Completed,2.3
ORD-001163,2025-10-18,CUST-00281,31.0,North,Mobile App,Automotive,Car Phone Mount,19.11,1,0,19.11,Debit Card,Completed,3.6
ORD-001164,2025-09-20,CUST-00879,44.0,Central,Mobile App,Home & Kitchen,Air Fryer,96.47,1,25,72.35,Crypto,Completed,3.3
ORD-001165,2025-07-17,CUST-00910,33.0,West,Marketplace,Home & Kitchen,Blender,88.59,3,10,239.19,PayPal,Returned,2.5
ORD-001166,2026-06-25,CUST-00138,68.0,East,Marketplace,Beauty,Hair Dryer,51.78,7,25,271.85,Debit Card,Returned,1.4
ORD-001167,2025-05-21,CUST-00619,21.0,South,Marketplace,Automotive,Car Vacuum,32.11,3,15,81.88,Gift Card,Returned,2.1
ORD-001168,2026-09-16,CUST-00067,40.0,South,Website,Automotive,Car Vacuum,39.8,2,10,71.64,Crypto,Completed,
ORD-001169,2025-09-26,CUST-00978,26.0,East,Mobile App,Automotive,Dash Cam,44.66,2,5,84.85,Credit Card,Completed,3.8
ORD-001170,2026-01-21,CUST-00714,67.0,East,Website,Toys,Remote Car,41.8,2,5,79.42,Gift Card,Returned,2.6
ORD-001171,2026-05-28,CUST-00773,64.0,East,Mobile App,Beauty,Face Serum,70.43,2,0,140.86,Credit Card,Completed,3.9
ORD-001172,2025-02-01,CUST-00184,43.0,South,Website,Books,Data Science Guide,35.26,1,15,29.97,Crypto,Completed,1.4
ORD-001173,2024-09-27,CUST-00868,49.0,East,Website,Toys,Puzzle 1000pc,21.54,1,5,20.46,PayPal,Completed,4.5
ORD-001174,2025-06-15,CUST-00360,56.0,North,Website,Clothing,Denim Jacket,67.14,1,0,67.14,Credit Card,Completed,
ORD-001175,2025-09-24,CUST-00173,69.0,North,In-Store,Electronics,Bluetooth Speaker,39.71,1,5,37.72,Gift Card,Completed,2.2
ORD-001176,2026-03-04,CUST-00636,61.0,West,Website,Beauty,Face Serum,61.87,1,0,61.87,Debit Card,Pending,
ORD-001177,2025-01-27,CUST-00452,52.0,South,Mobile App,Home & Kitchen,Blender,46.76,1,0,46.76,Crypto,Completed,
ORD-001178,2025-09-17,CUST-00700,57.0,South,Mobile App,Clothing,Yoga Pants,68.16,1,0,68.16,Debit Card,Cancelled,3.4
ORD-001179,2025-07-27,CUST-00399,70.0,West,In-Store,Beauty,Lip Gloss Set,34.88,1,10,31.39,Gift Card,Completed,1.6
ORD-001180,2024-10-03,CUST-00061,,,Marketplace,Automotive,Dash Cam,140.08,1,0,140.08,Gift Card,Completed,
ORD-001181,2025-06-07,CUST-00139,23.0,West,Marketplace,Toys,Doll Set,48.23,1,0,48.23,PayPal,Pending,2.7
ORD-001182,2026-04-03,CUST-00496,62.0,Central,Website,Automotive,Car Phone Mount,21.03,3,5,59.94,Crypto,Pending,4.1
ORD-001183,2025-10-26,CUST-00092,52.0,East,Marketplace,Electronics,Bluetooth Speaker,143.65,2,0,287.3,Gift Card,Completed,4.0
ORD-001184,2026-03-04,CUST-00361,41.0,Central,Website,Electronics,Wireless Earbuds,116.54,1,5,110.71,Crypto,Completed,1.7
ORD-001185,2025-11-04,CUST-00914,57.0,South,Marketplace,Electronics,Smartwatch,167.17,1,20,133.74,Credit Card,Completed,3.3
ORD-001186,2025-12-28,CUST-00706,,,In-Store,Electronics,Wireless Earbuds,225.93,2,0,451.86,Credit Card,Cancelled,
ORD-001187,2025-02-16,CUST-00858,45.0,West,Website,Home & Kitchen,Bed Sheets,51.17,1,5,48.61,Debit Card,Completed,2.0
ORD-001188,2025-01-07,CUST-00936,30.0,East,Mobile App,Sports,Resistance Bands,26.75,1,10,24.07,Credit Card,Completed,2.1
ORD-001189,2024-10-18,CUST-00405,25.0,North,Mobile App,Automotive,Seat Covers,70.41,2,10,126.74,Crypto,Completed,1.3
ORD-001190,2026-09-15,CUST-00188,36.0,Central,Website,Clothing,Denim Jacket,115.6,1,5,109.82,PayPal,Pending,3.8
ORD-001191,2024-11-26,CUST-00780,26.0,North,Website,Sports,Water Bottle,40.43,1,0,40.43,Debit Card,Pending,3.0
ORD-001192,2026-03-27,CUST-00039,27.0,West,Website,Electronics,USB-C Hub,35.15,1,0,35.15,Credit Card,Completed,2.8
ORD-001193,2025-11-24,CUST-00516,27.0,South,Marketplace,Automotive,Car Vacuum,75.99,1,10,68.39,PayPal,Completed,
ORD-001194,2024-12-04,CUST-00206,58.0,North,Website,Beauty,Perfume,180.74,1,5,171.7,Debit Card,Pending,1.9
ORD-001195,2025-06-14,CUST-00893,53.0,West,Website,Books,Business Mindset,30.42,1,5,28.9,Debit Card,Completed,1.6
ORD-001196,2025-08-11,CUST-00531,24.0,Central,Website,Beauty,Face Serum,26.68,2,0,53.36,Debit Card,Completed,1.2
ORD-001197,2025-08-13,CUST-00834,52.0,West,Marketplace,Books,Python Programming,28.34,1,10,25.51,Credit Card,Returned,1.1
ORD-001198,2024-10-26,CUST-00960,33.0,Central,Mobile App,Clothing,Running Shoes,101.1,2,20,161.76,PayPal,Completed,4.6
ORD-001199,2025-09-18,CUST-00652,36.0,West,Mobile App,Automotive,Car Vacuum,30.88,1,25,23.16,Debit Card,Completed,1.9
ORD-001200,2026-04-18,CUST-00377,52.0,North,Mobile App,Home & Kitchen,Bed Sheets,76.45,3,20,183.48,PayPal,Completed,3.8
ORD-001201,2026-03-26,CUST-00214,47.0,West,Mobile App,Books,Cook Book,14.3,1,10,12.87,Crypto,Completed,4.8
ORD-001202,2025-05-31,CUST-00741,64.0,Central,Website,Beauty,Perfume,53.41,1,5,50.74,Debit Card,Completed,4.8
ORD-001203,2024-12-07,CUST-00419,46.0,East,Mobile App,Beauty,Lip Gloss Set,37.93,1,15,32.24,Debit Card,Completed,3.2
ORD-001204,2025-10-23,CUST-00346,19.0,Central,Marketplace,Sports,Gym Bag,44.67,2,0,89.34,Crypto,Cancelled,4.8
ORD-001205,2025-05-22,CUST-00764,38.0,Central,Marketplace,Books,Cook Book,28.43,1,0,28.43,Crypto,Completed,1.6
ORD-001206,2026-01-04,CUST-00954,24.0,West,Website,Automotive,Dash Cam,94.84,1,0,94.84,Gift Card,Completed,1.1
ORD-001207,2025-02-28,CUST-00891,27.0,North,Website,Clothing,Running Shoes,27.12,1,20,21.7,Credit Card,Completed,1.8
ORD-001208,2025-03-04,CUST-00932,24.0,East,Mobile App,Books,Business Mindset,28.43,1,5,27.01,Crypto,Completed,2.2
ORD-001209,2025-09-17,CUST-00933,62.0,Central,Mobile App,Home & Kitchen,Coffee Maker,47.11,1,0,47.11,Gift Card,Completed,4.9
ORD-001210,2026-03-08,CUST-00456,67.0,North,Marketplace,Books,Python Programming,30.59,4,0,122.36,Debit Card,Cancelled,2.9
ORD-001211,2025-02-02,CUST-00954,49.0,West,Mobile App,Electronics,Bluetooth Speaker,74.19,1,15,63.06,Debit Card,Completed,
ORD-001212,2026-03-12,CUST-00071,68.0,South,Website,Beauty,Perfume,95.12,1,20,76.1,PayPal,Completed,1.4
ORD-001213,2025-04-27,CUST-00806,28.0,North,Website,Books,Business Mindset,17.16,1,15,14.59,Crypto,Completed,2.7
ORD-001214,2025-07-24,CUST-00533,,,Mobile App,Beauty,Perfume,49.65,2,0,99.3,Debit Card,Completed,
ORD-001215,2025-09-13,CUST-00778,57.0,West,Mobile App,Toys,Board Game,15.79,1,15,13.42,PayPal,Completed,
ORD-001216,2026-07-17,CUST-00927,41.0,West,Website,Electronics,Bluetooth Speaker,39.07,3,5,111.35,Credit Card,Completed,2.5
ORD-001217,2026-01-21,CUST-00355,,,Mobile App,Toys,Puzzle 1000pc,22.26,1,0,22.26,Crypto,Completed,
ORD-001218,2024-11-26,CUST-00024,54.0,South,Marketplace,Clothing,Yoga Pants,88.5,1,20,70.8,Credit Card,Completed,1.3
ORD-001219,2025-12-12,CUST-00014,47.0,East,Marketplace,Books,Python Programming,72.37,1,0,72.37,Gift Card,Completed,4.9
ORD-001220,2026-01-14,CUST-00143,45.0,South,In-Store,Beauty,Face Serum,39.73,5,0,198.65,Credit Card,Completed,1.4
ORD-001221,2026-04-11,CUST-00329,48.0,Central,Website,Books,Data Science Guide,16.87,1,0,16.87,Debit Card,Completed,3.8
ORD-001222,2026-07-16,CUST-00190,54.0,Central,Website,Sports,Gym Bag,66.41,1,0,66.41,Debit Card,Pending,4.5
ORD-001223,2024-12-27,CUST-00192,56.0,East,Marketplace,Books,Python Programming,63.36,2,0,126.72,Debit Card,Completed,3.4
ORD-001224,2024-11-15,CUST-00257,36.0,East,Marketplace,Toys,Doll Set,62.54,2,0,125.08,Gift Card,Completed,3.7
ORD-001225,2026-02-08,CUST-00925,18.0,North,Mobile App,Home & Kitchen,Air Fryer,44.61,1,5,42.38,Crypto,Completed,3.9
ORD-001226,2024-11-25,CUST-00371,40.0,Central,Mobile App,Clothing,Yoga Pants,70.73,1,20,56.58,Credit Card,Completed,2.3
ORD-001227,2025-05-15,CUST-00321,44.0,Central,In-Store,Automotive,Seat Covers,51.73,1,15,43.97,Debit Card,Completed,3.8
ORD-001228,2026-06-30,CUST-00968,66.0,West,Mobile App,Automotive,Tire Inflator,52.71,1,15,44.8,Crypto,Completed,
ORD-001229,2025-10-19,CUST-00808,68.0,East,Website,Toys,Puzzle 1000pc,42.45,2,20,67.92,Debit Card,Completed,
ORD-001230,2026-07-12,CUST-00098,28.0,North,Website,Home & Kitchen,Coffee Maker,106.21,6,0,637.26,Debit Card,Completed,3.0
ORD-001231,2026-01-30,CUST-00622,24.0,West,Mobile App,Sports,Gym Bag,23.72,1,0,23.72,Debit Card,Completed,2.4
ORD-001232,2025-07-21,CUST-00145,37.0,South,Mobile App,Clothing,Yoga Pants,63.32,1,10,56.99,Crypto,Returned,1.1
ORD-001233,2025-08-09,CUST-00440,62.0,Central,Website,Home & Kitchen,Knife Set,70.44,1,10,63.4,Debit Card,Completed,2.5
ORD-001234,2026-04-17,CUST-00019,38.0,West,Website,Home & Kitchen,Knife Set,55.44,7,5,368.68,Debit Card,Completed,1.9
ORD-001235,2026-01-23,CUST-00340,63.0,South,In-Store,Automotive,Seat Covers,42.75,1,10,38.48,PayPal,Returned,4.6
ORD-001236,2026-05-21,CUST-00020,,East,Mobile App,Books,Data Science Guide,32.47,4,5,123.39,Credit Card,Completed,
ORD-001237,2026-07-16,CUST-00913,27.0,East,Website,Clothing,Winter Coat,171.63,4,10,617.87,Crypto,Completed,2.1
ORD-001238,2025-05-28,CUST-00004,35.0,East,Website,Beauty,Face Serum,43.58,1,0,43.58,Gift Card,Completed,
ORD-001239,2024-11-19,CUST-00550,64.0,South,Marketplace,Beauty,Lip Gloss Set,45.02,2,10,81.04,Debit Card,Pending,1.5
ORD-001240,2026-04-02,CUST-00255,19.0,West,Mobile App,Electronics,Smartwatch,217.64,4,10,783.5,Credit Card,Completed,2.2
ORD-001241,2025-04-24,CUST-00152,35.0,West,Mobile App,Toys,LEGO Set,44.75,1,15,38.04,Gift Card,Completed,2.3
ORD-001242,2025-02-22,CUST-00292,38.0,South,Mobile App,Automotive,Seat Covers,24.61,1,10,22.15,PayPal,Pending,
ORD-001243,2024-11-25,CUST-00385,66.0,Central,Website,Automotive,Seat Covers,44.48,1,15,37.81,Crypto,Completed,2.3
ORD-001244,2025-03-22,CUST-00041,24.0,Central,Website,Electronics,Laptop Stand,34.26,1,15,29.12,Debit Card,Completed,1.6
ORD-001245,2024-10-10,CUST-00366,51.0,East,Website,Home & Kitchen,Coffee Maker,45.13,1,5,42.87,PayPal,Completed,3.2
ORD-001246,2025-06-23,CUST-00092,21.0,South,Mobile App,Toys,Puzzle 1000pc,31.45,1,10,28.3,Credit Card,Completed,1.9
ORD-001247,2025-03-04,CUST-00491,38.0,North,Website,Electronics,Wireless Earbuds,90.63,1,10,81.57,Debit Card,Pending,1.6
ORD-001248,2026-04-30,CUST-00020,22.0,Central,Marketplace,Beauty,Lip Gloss Set,24.56,1,10,22.1,Crypto,Completed,2.7
ORD-001249,2026-02-06,CUST-00597,28.0,West,Website,Electronics,Smartwatch,179.34,1,0,179.34,Credit Card,Completed,4.6
ORD-001250,2025-08-10,CUST-00643,66.0,Central,Website,Toys,Remote Car,29.14,1,0,29.14,Gift Card,Completed,4.3
ORD-001251,2024-12-12,CUST-00403,50.0,North,Mobile App,Sports,Water Bottle,21.26,2,20,34.02,Crypto,Completed,3.6
ORD-001252,2026-05-03,CUST-00824,62.0,North,Marketplace,Toys,Remote Car,27.98,2,0,55.96,Debit Card,Completed,4.0
ORD-001253,2025-06-08,CUST-00056,18.0,South,Mobile App,Books,Fiction Novel,21.9,1,5,20.8,PayPal,Completed,
ORD-001254,2026-02-19,CUST-00970,49.0,West,Marketplace,Books,Data Science Guide,32.39,2,0,64.78,Crypto,Pending,1.7
ORD-001255,2025-08-07,CUST-00684,18.0,South,Website,Automotive,Car Vacuum,49.84,3,15,127.09,Credit Card,Cancelled,3.5
ORD-001256,2025-11-15,CUST-00582,41.0,South,Website,Sports,Yoga Mat,37.25,1,5,35.39,PayPal,Completed,2.7
ORD-001257,2026-09-07,CUST-00789,69.0,North,Marketplace,Clothing,Yoga Pants,43.58,4,0,174.32,PayPal,Completed,4.7
ORD-001258,2025-03-27,CUST-00699,64.0,North,Marketplace,Books,Python Programming,37.74,2,15,64.16,Crypto,Completed,
ORD-001259,2025-05-08,CUST-00571,22.0,East,Website,Books,Cook Book,36.87,1,10,33.18,Gift Card,Completed,1.6
ORD-001260,2025-01-22,CUST-00851,22.0,West,Mobile App,Toys,Puzzle 1000pc,8.99,1,5,8.54,Credit Card,Completed,
ORD-001261,2025-11-18,CUST-00274,59.0,North,Mobile App,Sports,Water Bottle,35.63,2,0,71.26,Debit Card,Completed,1.0
ORD-001262,2025-01-03,CUST-00975,41.0,West,Marketplace,Electronics,Bluetooth Speaker,91.75,1,5,87.16,Credit Card,Completed,
ORD-001263,2025-04-13,CUST-00924,29.0,East,Marketplace,Automotive,Tire Inflator,57.9,2,5,110.01,Gift Card,Completed,2.4
ORD-001264,2024-11-19,CUST-00300,23.0,South,Marketplace,Toys,Board Game,43.81,1,5,41.62,Crypto,Completed,4.8
ORD-001265,2026-05-05,CUST-00478,58.0,West,Marketplace,Sports,Resistance Bands,17.99,1,5,17.09,Debit Card,Cancelled,4.7
ORD-001266,2025-06-15,CUST-00763,62.0,South,Marketplace,Home & Kitchen,Blender,64.04,1,10,57.64,Gift Card,Completed,1.8
ORD-001267,2026-08-20,CUST-00514,28.0,Central,Website,Toys,LEGO Set,86.76,1,20,69.41,Credit Card,Completed,3.2
ORD-001268,2025-09-17,CUST-00857,40.0,East,Mobile App,Books,Business Mindset,24.41,1,5,23.19,Crypto,Completed,1.9
ORD-001269,2026-06-23,CUST-00160,62.0,South,Marketplace,Toys,LEGO Set,41.94,1,10,37.75,Gift Card,Returned,4.7
ORD-001270,2026-06-29,CUST-00215,25.0,Central,Mobile App,Sports,Resistance Bands,32.67,3,5,93.11,Debit Card,Completed,
ORD-001271,2024-10-16,CUST-00069,62.0,East,Mobile App,Books,Data Science Guide,53.49,3,10,144.42,Credit Card,Completed,2.6
ORD-001272,2025-09-23,CUST-00439,20.0,Central,Mobile App,Sports,Water Bottle,17.55,2,0,35.1,Crypto,Completed,3.7
ORD-001273,2026-06-16,CUST-00485,61.0,West,Marketplace,Automotive,Seat Covers,47.85,1,0,47.85,Credit Card,Completed,4.5
ORD-001274,2025-11-22,CUST-00778,,North,Mobile App,Automotive,Car Phone Mount,27.82,1,25,20.87,Gift Card,Completed,
ORD-001275,2025-03-13,CUST-00619,57.0,West,Website,Clothing,Polo Shirt,25.67,3,5,73.16,PayPal,Completed,2.8
ORD-001276,2026-09-14,CUST-00884,54.0,North,In-Store,Toys,LEGO Set,24.48,1,0,24.48,Crypto,Completed,2.1
ORD-001277,2026-04-30,CUST-00600,20.0,North,Mobile App,Toys,Doll Set,41.42,6,0,248.52,Crypto,Completed,4.4
ORD-001278,2025-09-22,CUST-00159,59.0,North,Website,Sports,Gym Bag,34.74,2,0,69.48,Crypto,Completed,4.0
ORD-001279,2025-04-14,CUST-00349,25.0,Central,Marketplace,Home & Kitchen,Bed Sheets,23.67,1,0,23.67,Debit Card,Completed,4.8
ORD-001280,2024-12-16,CUST-00970,63.0,Central,Mobile App,Clothing,Denim Jacket,90.93,1,15,77.29,Crypto,Completed,2.7
ORD-001281,2025-02-22,CUST-00286,60.0,West,Mobile App,Beauty,Hair Dryer,21.43,1,5,20.36,Crypto,Completed,
ORD-001282,2026-04-06,CUST-00929,60.0,South,Website,Beauty,Lip Gloss Set,17.03,1,20,13.62,Debit Card,Completed,1.8
ORD-001283,2026-05-06,CUST-00809,26.0,South,Mobile App,Beauty,Hair Dryer,40.25,2,0,80.5,Credit Card,Completed,1.6
ORD-001284,2025-06-11,CUST-00013,69.0,North,Mobile App,Toys,LEGO Set,52.89,2,10,95.2,PayPal,Completed,
ORD-001285,2026-03-10,CUST-00821,53.0,South,Website,Home & Kitchen,Knife Set,74.93,1,20,59.94,Crypto,Completed,1.7
ORD-001286,2025-10-12,CUST-00149,58.0,North,Mobile App,Clothing,Denim Jacket,111.87,1,20,89.5,Credit Card,Completed,4.0
ORD-001287,2025-08-24,CUST-00771,60.0,West,Website,Beauty,Moisturizer,52.26,1,5,49.65,PayPal,Returned,
ORD-001288,2024-10-26,CUST-00231,28.0,South,Mobile App,Beauty,Lip Gloss Set,23.37,2,15,39.73,Gift Card,Cancelled,4.0
ORD-001289,2026-04-30,CUST-00077,67.0,West,Mobile App,Books,Fiction Novel,14.33,1,5,13.61,Crypto,Completed,
ORD-001290,2026-06-22,CUST-00476,48.0,East,Website,Home & Kitchen,Air Fryer,111.73,1,5,106.14,Gift Card,Completed,4.4
ORD-001291,2025-06-01,CUST-00604,39.0,Central,In-Store,Automotive,Tire Inflator,83.02,2,15,141.13,Gift Card,Completed,1.5
ORD-001292,2025-06-06,CUST-00632,32.0,North,Website,Clothing,Polo Shirt,58.89,7,10,371.01,PayPal,Cancelled,3.4
ORD-001293,2025-04-30,CUST-00357,45.0,East,Website,Beauty,Perfume,94.9,1,10,85.41,PayPal,Completed,2.1
ORD-001294,2025-02-28,CUST-00789,47.0,East,Website,Books,Fiction Novel,15.04,2,0,30.08,PayPal,Completed,1.8
ORD-001295,2024-11-08,CUST-00654,33.0,South,Website,Home & Kitchen,Air Fryer,209.88,1,20,167.9,PayPal,Completed,3.0
ORD-001296,2026-03-04,CUST-00471,70.0,Central,Website,Toys,Puzzle 1000pc,25.66,1,20,20.53,PayPal,Completed,4.9
ORD-001297,2025-08-13,CUST-00261,30.0,West,Mobile App,Toys,LEGO Set,29.99,2,15,50.98,Gift Card,Completed,3.3
ORD-001298,2025-10-03,CUST-00502,29.0,Central,Website,Sports,Yoga Mat,65.09,1,10,58.58,Crypto,Completed,
ORD-001299,2025-08-06,CUST-00043,24.0,North,Website,Clothing,Yoga Pants,63.01,1,25,47.26,Gift Card,Completed,
ORD-001300,2026-06-19,CUST-00062,32.0,North,Website,Toys,Remote Car,22.4,1,10,20.16,Gift Card,Completed,2.0
ORD-001301,2025-11-05,CUST-00024,52.0,Central,Mobile App,Sports,Gym Bag,48.98,1,0,48.98,Debit Card,Completed,2.5
ORD-001302,2026-05-23,CUST-00998,47.0,East,Marketplace,Electronics,Smartwatch,113.72,2,15,193.32,Credit Card,Completed,1.9
ORD-001303,2025-11-26,CUST-00004,31.0,South,Mobile App,Home & Kitchen,Coffee Maker,182.15,1,0,182.15,Crypto,Completed,2.5
ORD-001304,2025-09-06,CUST-00455,66.0,West,Website,Books,Python Programming,42.42,1,5,40.3,Crypto,Returned,1.1
ORD-001305,2025-04-03,CUST-00809,56.0,Central,Website,Sports,Resistance Bands,30.99,2,5,58.88,Credit Card,Completed,4.4
ORD-001306,2025-10-13,CUST-00858,33.0,West,Website,Books,Business Mindset,17.65,1,0,17.65,Crypto,Completed,2.6
ORD-001307,2025-12-01,CUST-00984,69.0,North,Mobile App,Sports,Resistance Bands,34.21,1,20,27.37,Gift Card,Completed,2.8
ORD-001308,2025-06-16,CUST-00021,34.0,West,Mobile App,Electronics,USB-C Hub,48.58,1,5,46.15,Crypto,Cancelled,
ORD-001309,2025-01-09,CUST-00267,69.0,West,Website,Beauty,Moisturizer,18.98,3,20,45.55,Debit Card,Returned,3.4
ORD-001310,2026-02-10,CUST-00779,23.0,South,Website,Books,Python Programming,32.03,2,5,60.86,Debit Card,Completed,1.2
ORD-001311,2025-05-02,CUST-00447,32.0,East,Marketplace,Sports,Jump Rope,6.51,1,0,6.51,Debit Card,Completed,3.1
ORD-001312,2026-07-29,CUST-00804,69.0,South,Website,Clothing,Winter Coat,93.31,2,10,167.96,Crypto,Pending,1.9
ORD-001313,2026-08-06,CUST-00104,41.0,East,Marketplace,Books,Fiction Novel,20.11,3,0,60.33,Debit Card,Completed,3.2
ORD-001314,2024-12-01,CUST-00806,50.0,North,Website,Home & Kitchen,Coffee Maker,150.46,2,0,300.92,Debit Card,Completed,1.1
ORD-001315,2025-10-01,CUST-00160,33.0,South,Website,Electronics,USB-C Hub,29.42,1,0,29.42,Gift Card,Returned,2.1
ORD-001316,2026-02-12,CUST-00166,36.0,Central,Marketplace,Automotive,Dash Cam,76.78,1,15,65.26,Credit Card,Pending,
ORD-001317,2025-11-27,CUST-00405,51.0,Central,Mobile App,Automotive,Car Vacuum,77.92,1,10,70.13,Crypto,Cancelled,3.6
ORD-001318,2026-02-01,CUST-00415,20.0,East,Mobile App,Beauty,Hair Dryer,44.4,1,15,37.74,Crypto,Completed,1.5
ORD-001319,2026-07-17,CUST-00306,49.0,North,Mobile App,Books,Python Programming,37.79,1,5,35.9,Crypto,Completed,1.1
ORD-001320,2024-11-12,CUST-00769,37.0,South,Mobile App,Books,Python Programming,29.31,1,15,24.91,Gift Card,Returned,3.6
ORD-001321,2025-04-15,CUST-00926,47.0,West,Website,Toys,Remote Car,24.26,1,20,19.41,Crypto,Completed,4.5
ORD-001322,2025-07-29,CUST-00150,45.0,North,Website,Home & Kitchen,Bed Sheets,91.74,2,0,183.48,Credit Card,Completed,4.5
ORD-001323,2026-01-08,CUST-00565,50.0,West,Website,Clothing,Winter Coat,90.98,1,15,77.33,Crypto,Completed,2.2
ORD-001324,2026-03-12,CUST-00729,46.0,Central,Website,Home & Kitchen,Air Fryer,159.12,2,0,318.24,Credit Card,Completed,2.5
ORD-001325,2026-07-17,CUST-00637,66.0,East,Website,Toys,Board Game,49.29,1,5,46.83,Credit Card,Returned,4.5
ORD-001326,2024-10-30,CUST-00799,70.0,Central,Marketplace,Automotive,Tire Inflator,91.8,1,0,91.8,Gift Card,Completed,1.6
ORD-001327,2025-12-28,CUST-00740,20.0,East,Website,Toys,Board Game,66.28,1,5,62.97,Debit Card,Completed,2.6
ORD-001328,2026-09-04,CUST-00429,31.0,Central,Website,Electronics,Laptop Stand,24.38,1,0,24.38,Debit Card,Completed,5.0
ORD-001329,2026-08-13,CUST-00745,49.0,West,Marketplace,Electronics,Wireless Earbuds,65.34,1,0,65.34,Debit Card,Completed,4.7
ORD-001330,2026-06-02,CUST-00351,53.0,Central,Marketplace,Clothing,Running Shoes,93.55,2,15,159.03,PayPal,Returned,2.0
ORD-001331,2025-07-28,CUST-00856,70.0,Central,Mobile App,Beauty,Perfume,81.27,4,10,292.57,PayPal,Returned,2.0
ORD-001332,2025-10-19,CUST-00522,34.0,East,Mobile App,Electronics,USB-C Hub,48.59,3,5,138.48,Crypto,Completed,4.2
ORD-001333,2026-03-02,CUST-00225,44.0,South,Mobile App,Clothing,Denim Jacket,73.74,1,15,62.68,Debit Card,Cancelled,3.0
ORD-001334,2026-01-15,CUST-00249,43.0,South,Mobile App,Toys,Puzzle 1000pc,19.5,4,0,78.0,Credit Card,Completed,1.2
ORD-001335,2025-09-30,CUST-00342,43.0,East,Website,Toys,Remote Car,42.61,1,25,31.96,Debit Card,Completed,4.7
ORD-001336,2025-11-11,CUST-00250,23.0,Central,Marketplace,Books,Cook Book,35.53,1,0,35.53,PayPal,Completed,2.5
ORD-001337,2025-02-07,CUST-00154,27.0,Central,Mobile App,Clothing,Running Shoes,30.28,1,15,25.74,Credit Card,Cancelled,3.8
ORD-001338,2025-12-03,CUST-00299,28.0,East,Mobile App,Electronics,Wireless Earbuds,153.79,1,0,153.79,PayPal,Completed,
ORD-001339,2025-09-02,CUST-00085,49.0,North,Mobile App,Sports,Water Bottle,10.16,1,25,7.62,Debit Card,Returned,4.3
ORD-001340,2025-11-06,CUST-00539,28.0,North,Marketplace,Clothing,Yoga Pants,71.07,1,10,63.96,PayPal,Completed,4.4
ORD-001341,2025-03-12,CUST-00033,50.0,West,Marketplace,Clothing,Polo Shirt,33.83,1,10,30.45,Debit Card,Completed,2.4
ORD-001342,2026-06-20,CUST-00429,63.0,South,Marketplace,Sports,Water Bottle,25.64,1,15,21.79,PayPal,Completed,2.8
ORD-001343,2026-02-03,CUST-00121,39.0,South,Website,Home & Kitchen,Air Fryer,46.23,2,10,83.21,Crypto,Completed,2.1
ORD-001344,2026-06-25,CUST-00420,48.0,North,In-Store,Beauty,Hair Dryer,42.94,3,5,122.38,Gift Card,Completed,3.8
ORD-001345,2025-03-30,CUST-00068,43.0,North,Website,Electronics,Laptop Stand,26.89,2,0,53.78,PayPal,Completed,
ORD-001346,2026-06-08,CUST-00990,28.0,West,Mobile App,Beauty,Lip Gloss Set,13.32,1,5,12.65,Gift Card,Cancelled,4.5
ORD-001347,2025-07-30,CUST-00343,30.0,South,Website,Sports,Jump Rope,6.72,1,20,5.38,Debit Card,Completed,4.8
ORD-001348,2026-05-16,CUST-00370,67.0,East,Marketplace,Home & Kitchen,Bed Sheets,24.75,2,0,49.5,PayPal,Completed,
ORD-001349,2026-05-04,CUST-00879,57.0,Central,Website,Books,Data Science Guide,21.12,1,10,19.01,Crypto,Cancelled,3.4
ORD-001350,2026-04-15,CUST-00041,20.0,West,In-Store,Books,Cook Book,32.18,1,15,27.35,Gift Card,Completed,4.0
ORD-001351,2025-12-11,CUST-00989,32.0,North,Mobile App,Sports,Water Bottle,13.57,1,10,12.21,Crypto,Cancelled,3.4
ORD-001352,2025-11-23,CUST-00913,20.0,North,Marketplace,Beauty,Hair Dryer,54.23,1,0,54.23,Gift Card,Completed,3.1
ORD-001353,2026-03-30,CUST-00049,19.0,North,Marketplace,Books,Cook Book,17.13,2,0,34.26,PayPal,Completed,4.8
ORD-001354,2025-05-31,CUST-00595,33.0,South,Mobile App,Sports,Gym Bag,47.85,2,5,90.91,Gift Card,Completed,
ORD-001355,2025-11-16,CUST-00672,19.0,South,Website,Toys,Doll Set,67.74,1,0,67.74,Crypto,Completed,4.8
ORD-001356,2026-08-12,CUST-00174,,,Mobile App,Clothing,Denim Jacket,124.14,1,15,105.52,Crypto,Completed,
ORD-001357,2026-07-24,CUST-00562,33.0,North,Website,Clothing,Yoga Pants,42.5,1,10,38.25,Debit Card,Cancelled,1.0
ORD-001358,2030-01-01 00:00:00,CUST-00463,60.0,East,Website,Clothing,Yoga Pants,47.62,2,0,95.24,Gift Card,Completed,
ORD-001359,2025-01-25,CUST-00181,57.0,West,Marketplace,Sports,Yoga Mat,21.72,1,0,21.72,Gift Card,Pending,4.6
ORD-001360,2024-11-13,CUST-00535,45.0,Central,Website,Clothing,Running Shoes,68.88,1,5,65.44,PayPal,Completed,4.2
ORD-001361,2026-05-02,CUST-00172,65.0,South,Mobile App,Clothing,Winter Coat,190.71,1,5,181.17,Crypto,Completed,1.3
ORD-001362,2025-11-01,CUST-00330,19.0,East,Website,Books,Cook Book,40.67,2,5,77.27,Credit Card,Completed,3.3
ORD-001363,2024-11-08,CUST-00993,51.0,East,Marketplace,Beauty,Perfume,87.62,1,15,74.48,Credit Card,Completed,
ORD-001364,2026-04-27,CUST-00565,52.0,East,Website,Clothing,Winter Coat,87.62,1,5,83.24,Credit Card,Returned,2.0
ORD-001365,2025-02-26,CUST-00962,35.0,East,Mobile App,Toys,Board Game,10.76,3,0,32.28,Debit Card,Completed,5.0
ORD-001366,2026-09-11,CUST-00373,36.0,North,Mobile App,Beauty,Lip Gloss Set,32.81,1,25,24.61,PayPal,Completed,
ORD-001367,2025-01-05,CUST-00954,34.0,Central,Mobile App,Beauty,Moisturizer,32.92,1,20,26.34,Credit Card,Completed,
ORD-001368,2025-12-24,CUST-00218,66.0,Central,Marketplace,Beauty,Perfume,175.93,1,0,175.93,Debit Card,Completed,4.0
ORD-001369,2026-03-03,CUST-00560,37.0,East,In-Store,Clothing,Winter Coat,191.19,1,20,152.95,PayPal,Completed,4.7
ORD-001370,2024-11-03,CUST-00054,69.0,South,Website,Toys,LEGO Set,96.65,1,0,96.65,Gift Card,Completed,1.2
ORD-001371,2024-10-18,CUST-00606,54.0,Central,Marketplace,Beauty,Lip Gloss Set,25.9,1,0,25.9,Debit Card,Completed,3.6
ORD-001372,2026-08-28,CUST-00130,35.0,South,Marketplace,Clothing,Running Shoes,77.63,4,15,263.94,Gift Card,Completed,3.7
ORD-001373,2026-06-03,CUST-00217,55.0,Central,Mobile App,Books,Cook Book,30.97,1,0,30.97,Debit Card,Returned,1.5
ORD-001374,2025-06-06,CUST-00877,43.0,North,Marketplace,Toys,Doll Set,31.52,1,0,31.52,PayPal,Completed,4.9
ORD-001375,2024-11-06,CUST-00834,33.0,Central,Website,Books,Business Mindset,40.76,3,10,110.05,Debit Card,Completed,
ORD-001376,2026-02-03,CUST-00224,62.0,East,In-Store,Electronics,Wireless Earbuds,76.31,1,0,76.31,Gift Card,Completed,1.4
ORD-001377,2025-01-21,CUST-00148,60.0,South,Marketplace,Electronics,USB-C Hub,17.74,1,0,17.74,Credit Card,Cancelled,2.6
ORD-001378,2026-01-23,CUST-00150,49.0,South,Website,Sports,Jump Rope,10.46,3,20,25.1,Debit Card,Cancelled,3.6
ORD-001379,2026-03-06,CUST-00444,25.0,West,Website,Automotive,Seat Covers,42.75,1,0,42.75,Credit Card,Completed,1.8
ORD-001380,2025-11-23,CUST-00788,32.0,North,Mobile App,Sports,Resistance Bands,24.05,4,0,96.2,Gift Card,Completed,2.2
ORD-001381,2026-09-13,CUST-00489,33.0,West,Website,Automotive,Dash Cam,109.94,2,0,219.88,Crypto,Completed,1.1
ORD-001382,2026-03-11,CUST-00522,60.0,South,Website,Automotive,Tire Inflator,36.26,1,20,29.01,PayPal,Completed,2.1
ORD-001383,2025-03-05,CUST-00907,53.0,North,Website,Sports,Jump Rope,4.24,6,10,22.9,PayPal,Completed,4.8
ORD-001384,2026-06-13,CUST-00982,29.0,North,Website,Home & Kitchen,Bed Sheets,88.53,1,0,88.53,Gift Card,Completed,2.9
ORD-001385,2025-06-03,CUST-00713,40.0,East,Mobile App,Clothing,Yoga Pants,61.04,2,5,115.98,Crypto,Completed,3.3
ORD-001386,2026-04-26,CUST-00251,49.0,East,Website,Clothing,Polo Shirt,30.8,1,0,30.8,PayPal,Completed,3.1
ORD-001387,2025-03-25,CUST-00079,44.0,North,Mobile App,Books,Cook Book,34.95,3,0,104.85,Debit Card,Completed,1.8
ORD-001388,2025-12-25,CUST-00452,34.0,South,Website,Clothing,Running Shoes,151.16,4,25,453.48,Debit Card,Completed,
ORD-001389,2026-05-17,CUST-00659,23.0,Central,Marketplace,Electronics,Bluetooth Speaker,73.85,1,25,55.39,Debit Card,Completed,3.4
ORD-001390,2025-11-21,CUST-00780,18.0,South,Website,Sports,Gym Bag,60.9,1,10,54.81,PayPal,Completed,3.8
ORD-001391,2025-03-16,CUST-00103,40.0,North,Mobile App,Automotive,Dash Cam,102.02,2,20,163.23,Debit Card,Cancelled,2.7
ORD-001392,2024-10-08,CUST-00757,28.0,North,In-Store,Beauty,Lip Gloss Set,26.3,1,0,26.3,Gift Card,Completed,1.7
ORD-001393,2026-03-13,CUST-00215,20.0,South,Website,Books,Python Programming,32.51,5,0,162.55,Crypto,Completed,3.5
ORD-001394,2026-06-05,CUST-00780,28.0,East,Marketplace,Clothing,Denim Jacket,76.16,1,15,64.74,Crypto,Completed,
ORD-001395,2026-06-29,CUST-00546,27.0,South,Mobile App,Automotive,Tire Inflator,30.53,1,5,29.0,Crypto,Completed,1.8
ORD-001396,2025-05-05,CUST-00171,55.0,East,Marketplace,Toys,LEGO Set,51.84,1,10,46.66,Gift Card,Cancelled,4.6
ORD-001397,2025-10-20,CUST-00546,35.0,Central,Website,Beauty,Lip Gloss Set,15.33,1,25,11.5,Crypto,Completed,4.2
ORD-001398,2025-09-03,CUST-00818,55.0,North,Website,Beauty,Perfume,80.34,1,20,64.27,PayPal,Completed,4.7
ORD-001399,2025-08-17,CUST-00718,63.0,Central,In-Store,Clothing,Denim Jacket,121.57,3,0,364.71,Credit Card,Completed,3.6
ORD-001400,2024-12-23,CUST-00238,33.0,South,Website,Home & Kitchen,Air Fryer,212.02,1,10,190.82,Credit Card,Completed,4.5
ORD-001401,2025-01-19,CUST-00268,26.0,East,Mobile App,Clothing,Yoga Pants,35.88,1,0,35.88,Debit Card,Completed,4.4
ORD-001402,2025-03-22,CUST-00074,61.0,West,Marketplace,Books,Python Programming,26.5,2,10,47.7,Gift Card,Completed,2.8
ORD-001403,2026-01-31,CUST-00799,28.0,North,Marketplace,Sports,Water Bottle,6.17,3,15,15.73,Credit Card,Cancelled,1.3
ORD-001404,2024-10-07,CUST-00825,58.0,North,Mobile App,Clothing,Running Shoes,104.54,2,5,198.63,Gift Card,Completed,
ORD-001405,2025-12-30,CUST-00689,23.0,North,Marketplace,Electronics,Smartwatch,632.83,2,5,1202.38,Gift Card,Completed,2.0
ORD-001406,2025-11-09,CUST-00295,57.0,West,Mobile App,Home & Kitchen,Blender,119.33,1,10,107.4,Credit Card,Completed,2.2
ORD-001407,2026-08-27,CUST-00446,42.0,West,Website,Electronics,Laptop Stand,45.87,1,0,45.87,Gift Card,Completed,4.5
ORD-001408,2026-07-08,CUST-00282,35.0,Central,Website,Beauty,Perfume,39.88,4,15,135.59,Crypto,Completed,1.6
ORD-001409,2025-01-02,CUST-00318,48.0,South,Marketplace,Books,Business Mindset,15.64,1,0,15.64,Crypto,Completed,1.2
ORD-001410,2025-06-29,CUST-00877,67.0,Central,Mobile App,Electronics,USB-C Hub,30.4,1,5,28.88,Gift Card,Completed,4.1
ORD-001411,2025-04-19,CUST-00049,53.0,North,Marketplace,Home & Kitchen,Coffee Maker,32.08,3,0,96.24,PayPal,Returned,
ORD-001412,2025-05-17,CUST-00878,42.0,South,Mobile App,Electronics,Laptop Stand,53.47,2,0,106.94,Crypto,Completed,3.1
ORD-001413,2025-02-11,CUST-00249,,,Mobile App,Books,Fiction Novel,12.36,2,5,23.48,Debit Card,Completed,
ORD-001414,2026-02-18,CUST-00901,31.0,West,Marketplace,Sports,Jump Rope,6.15,6,0,36.9,Debit Card,Completed,
ORD-001415,2025-03-10,CUST-00474,66.0,North,Marketplace,Clothing,Yoga Pants,58.43,1,0,58.43,PayPal,Pending,1.6
ORD-001416,2025-12-24,CUST-00413,64.0,South,Marketplace,Beauty,Perfume,172.74,2,0,345.48,PayPal,Completed,2.2
ORD-001417,2025-02-01,CUST-00812,19.0,East,Marketplace,Electronics,Wireless Earbuds,62.39,1,5,59.27,Gift Card,Completed,3.0
ORD-001418,2024-12-02,CUST-00513,62.0,Central,Website,Books,Python Programming,44.63,1,10,40.17,PayPal,Completed,2.9
ORD-001419,2024-09-29,CUST-00059,51.0,East,Website,Electronics,Laptop Stand,25.71,4,10,92.56,Debit Card,Completed,2.4
ORD-001420,2025-03-30,CUST-00405,47.0,South,Marketplace,Sports,Gym Bag,28.6,2,15,48.62,Credit Card,Completed,2.8
ORD-001421,2025-03-31,CUST-00247,59.0,Central,Website,Clothing,Winter Coat,70.57,2,25,105.85,Debit Card,Completed,
ORD-001422,2025-07-07,CUST-00036,42.0,North,In-Store,Beauty,Moisturizer,17.6,3,5,50.16,Gift Card,Completed,4.8
ORD-001423,2025-06-14,CUST-00798,29.0,Central,Marketplace,Clothing,Polo Shirt,58.23,1,20,46.58,Gift Card,Cancelled,
ORD-001424,2025-01-10,CUST-00110,18.0,East,Marketplace,Books,Python Programming,34.93,1,0,34.93,Credit Card,Completed,3.1
ORD-001425,2026-05-17,CUST-00510,18.0,East,Marketplace,Books,Cook Book,21.91,1,10,19.72,Gift Card,Completed,2.7
ORD-001426,2025-10-24,CUST-00138,51.0,North,Website,Books,Cook Book,27.95,1,15,23.76,Gift Card,Completed,
ORD-001427,2025-12-08,CUST-00407,28.0,Central,Mobile App,Sports,Yoga Mat,62.82,5,0,314.1,Credit Card,Completed,2.6
ORD-001428,2026-01-12,CUST-00076,34.0,South,Mobile App,Home & Kitchen,Coffee Maker,71.95,1,10,64.76,PayPal,Completed,
ORD-001429,2025-03-12,CUST-00964,43.0,North,Marketplace,Electronics,Laptop Stand,25.72,1,10,-23.15,Credit Card,Completed,3.0
ORD-001430,2025-12-25,CUST-00532,30.0,North,Website,Toys,Puzzle 1000pc,62.49,1,15,53.12,Debit Card,Completed,4.8
ORD-001431,2025-07-01,CUST-00408,65.0,Central,Website,Electronics,Bluetooth Speaker,143.61,1,5,136.43,Credit Card,Completed,1.3
ORD-001432,2025-09-12,CUST-00261,49.0,East,Website,Books,Python Programming,45.93,2,15,78.08,Crypto,Completed,3.3
ORD-001433,2026-08-06,CUST-00147,25.0,Central,Website,Automotive,Tire Inflator,83.41,2,10,150.14,Gift Card,Returned,4.9
ORD-001434,2026-04-09,CUST-00541,53.0,West,Marketplace,Books,Business Mindset,31.53,1,0,31.53,PayPal,Completed,3.7
ORD-001435,2026-07-15,CUST-00384,19.0,Central,Marketplace,Home & Kitchen,Bed Sheets,29.4,1,0,29.4,Credit Card,Completed,3.8
ORD-001436,2025-08-31,CUST-00725,46.0,North,Marketplace,Electronics,Bluetooth Speaker,77.35,1,10,69.61,PayPal,Completed,3.9
ORD-001437,2026-01-08,CUST-00613,67.0,Central,Mobile App,Sports,Gym Bag,42.26,1,5,40.15,Crypto,Completed,2.5
ORD-001438,2025-05-25,CUST-00764,42.0,West,Website,Sports,Gym Bag,46.88,4,15,159.39,Gift Card,Completed,2.5
ORD-001439,2025-01-01,CUST-00022,29.0,Central,Marketplace,Books,Data Science Guide,21.16,2,0,42.32,Gift Card,Completed,1.8
ORD-001440,2025-07-19,CUST-00840,21.0,South,Website,Books,Python Programming,22.55,2,15,38.34,Debit Card,Completed,3.3
ORD-001441,2024-10-27,CUST-00485,59.0,South,Website,Toys,Doll Set,55.97,2,25,83.95,Credit Card,Completed,4.6
ORD-001442,2025-08-24,CUST-00966,,,Mobile App,Automotive,Dash Cam,122.42,3,5,348.9,Debit Card,Completed,
ORD-001443,2026-07-27,CUST-00776,60.0,North,Marketplace,Books,Fiction Novel,10.87,1,20,8.7,PayPal,Returned,4.8
ORD-001444,2025-11-17,CUST-00445,27.0,East,Website,Clothing,Denim Jacket,158.2,1,10,142.38,Debit Card,Completed,3.2
ORD-001445,2025-10-12,CUST-00587,69.0,West,Website,Toys,Board Game,20.61,2,10,37.1,Credit Card,Cancelled,
ORD-001446,2026-09-09,CUST-00150,34.0,South,Marketplace,Toys,LEGO Set,71.63,1,10,64.47,PayPal,Completed,4.0
ORD-001447,2026-04-24,CUST-00602,19.0,East,Marketplace,Books,Business Mindset,19.69,1,0,19.69,PayPal,Completed,
ORD-001448,2026-08-07,CUST-00684,25.0,Central,Mobile App,Home & Kitchen,Bed Sheets,73.9,2,0,147.8,Crypto,Cancelled,5.0
ORD-001449,2026-04-03,CUST-00198,51.0,Central,Website,Toys,Doll Set,23.37,3,0,70.11,Credit Card,Completed,
ORD-001450,2026-01-15,CUST-00645,58.0,Central,Website,Electronics,Bluetooth Speaker,76.69,1,0,76.69,PayPal,Completed,1.7
ORD-001451,2025-05-06,CUST-00643,49.0,South,Website,Books,Fiction Novel,21.73,1,10,19.56,PayPal,Completed,1.1
ORD-001452,2026-04-08,CUST-00060,26.0,West,Marketplace,Automotive,Tire Inflator,61.13,4,5,232.29,Crypto,Completed,1.5
ORD-001453,2025-11-28,CUST-00894,54.0,West,Marketplace,Beauty,Face Serum,69.33,1,0,69.33,Crypto,Cancelled,4.9
ORD-001454,2026-07-07,CUST-00691,,,Website,Clothing,Yoga Pants,27.44,7,20,153.66,Debit Card,Completed,
ORD-001455,2025-10-31,CUST-00354,28.0,West,Website,Beauty,Perfume,103.78,2,0,207.56,Gift Card,Cancelled,1.8
ORD-001456,2024-09-26,CUST-00116,47.0,South,Marketplace,Clothing,Running Shoes,83.82,1,0,83.82,Debit Card,Returned,2.3
ORD-001457,2025-06-15,CUST-00125,55.0,South,Website,Automotive,Car Vacuum,48.67,2,5,92.47,Credit Card,Cancelled,2.2
ORD-001458,2024-10-18,CUST-00145,35.0,West,Website,Electronics,Smartwatch,394.2,2,5,748.98,Credit Card,Pending,
ORD-001459,2025-01-16,CUST-00257,47.0,North,Website,Sports,Yoga Mat,17.95,3,0,53.85,Gift Card,Completed,
ORD-001460,2025-08-06,CUST-00015,24.0,South,Mobile App,Automotive,Car Vacuum,28.52,2,0,57.04,Crypto,Cancelled,4.3
ORD-001461,2026-05-07,CUST-00176,66.0,Central,Mobile App,Books,Business Mindset,23.89,1,25,17.92,Crypto,Returned,2.8
ORD-001462,2026-08-26,CUST-00898,39.0,North,Marketplace,Toys,Remote Car,72.48,1,10,65.23,Debit Card,Completed,2.6
ORD-001463,2025-12-15,CUST-00024,25.0,West,Marketplace,Books,Fiction Novel,33.21,1,25,24.91,Gift Card,Completed,2.6
ORD-001464,2025-08-12,CUST-00961,18.0,West,Website,Automotive,Tire Inflator,79.01,1,5,75.06,Crypto,Completed,4.4
ORD-001465,2024-11-30,CUST-00675,61.0,South,Website,Beauty,Face Serum,55.34,1,0,55.34,PayPal,Completed,5.0
ORD-001466,2030-01-01 00:00:00,CUST-00459,67.0,North,Mobile App,Beauty,Face Serum,59.97,2,10,107.95,Crypto,Completed,3.1
ORD-001467,2026-09-12,CUST-00582,61.0,West,In-Store,Home & Kitchen,Air Fryer,187.57,4,0,750.28,Gift Card,Pending,3.1
ORD-001468,2025-11-30,CUST-00296,69.0,Central,Marketplace,Sports,Resistance Bands,29.77,2,10,53.59,Debit Card,Completed,4.4
ORD-001469,2025-08-24,CUST-00862,59.0,Central,Mobile App,Electronics,Bluetooth Speaker,114.56,1,0,114.56,Gift Card,Completed,4.9
ORD-001470,2025-02-20,CUST-00754,52.0,Central,Mobile App,Home & Kitchen,Knife Set,58.89,2,5,111.89,Credit Card,Completed,2.8
ORD-001471,2024-12-01,CUST-00366,67.0,South,Website,Automotive,Car Phone Mount,49.37,3,5,140.7,Gift Card,Completed,1.8
ORD-001472,2026-01-02,CUST-00390,57.0,North,In-Store,Home & Kitchen,Air Fryer,133.52,1,5,-126.84,Credit Card,Completed,2.8
ORD-001473,2026-02-24,CUST-00589,51.0,West,Mobile App,Automotive,Tire Inflator,44.16,1,20,35.33,Debit Card,Returned,
ORD-001474,2024-10-04,CUST-00659,68.0,Central,Website,Books,Cook Book,49.3,1,0,49.3,Gift Card,Completed,3.7
ORD-001475,2025-02-25,CUST-00031,54.0,East,Marketplace,Books,Business Mindset,8.74,1,0,8.74,Crypto,Completed,3.7
ORD-001476,2026-05-15,CUST-00922,51.0,Central,Website,Electronics,Wireless Earbuds,104.67,2,0,209.34,PayPal,Returned,1.7
ORD-001477,2026-04-05,CUST-00362,52.0,Central,Website,Toys,Puzzle 1000pc,24.33,1,0,24.33,Debit Card,Completed,
ORD-001478,2026-02-11,CUST-00964,23.0,South,Mobile App,Sports,Jump Rope,11.35,2,0,22.7,Gift Card,Cancelled,1.7
ORD-001479,2026-09-21,CUST-00955,55.0,West,Website,Beauty,Moisturizer,37.04,1,5,35.19,PayPal,Completed,1.7
ORD-001480,2026-01-30,CUST-00703,19.0,East,Website,Books,Data Science Guide,21.49,1,10,19.34,Gift Card,Completed,2.5
ORD-001481,2025-02-12,CUST-00871,70.0,Central,Website,Automotive,Car Vacuum,21.54,2,5,40.93,Gift Card,Completed,3.7
ORD-001482,2024-12-07,CUST-00639,25.0,North,Marketplace,Sports,Resistance Bands,16.36,1,5,15.54,Gift Card,Returned,
ORD-001483,2024-10-30,CUST-00535,41.0,East,Mobile App,Automotive,Car Vacuum,48.63,4,0,194.52,PayPal,Returned,
ORD-001484,2026-06-29,CUST-00465,57.0,North,Website,Books,Cook Book,23.53,1,5,22.35,PayPal,Completed,1.7
ORD-001485,2025-03-28,CUST-00538,57.0,North,Website,Books,Cook Book,23.0,1,15,19.55,Crypto,Completed,1.1
ORD-001486,2025-09-20,CUST-00112,57.0,East,In-Store,Sports,Resistance Bands,29.37,2,10,52.87,Credit Card,Completed,2.8
ORD-001487,2025-02-28,CUST-00620,50.0,South,Marketplace,Clothing,Winter Coat,109.87,1,10,98.88,Credit Card,Completed,
ORD-001488,2025-05-25,CUST-00339,55.0,Central,Marketplace,Beauty,Lip Gloss Set,12.66,1,0,12.66,Crypto,Completed,4.5
ORD-001489,2025-07-29,CUST-00884,35.0,South,Website,Toys,Puzzle 1000pc,28.44,1,0,28.44,PayPal,Completed,4.6
ORD-001490,2024-10-09,CUST-00888,57.0,East,Marketplace,Beauty,Hair Dryer,62.31,3,5,177.58,Gift Card,Completed,2.2
ORD-001491,2025-04-10,CUST-00341,69.0,North,Website,Clothing,Running Shoes,89.24,1,5,84.78,Credit Card,Cancelled,
ORD-001492,2025-05-26,CUST-00900,70.0,South,Website,Sports,Water Bottle,22.73,7,10,143.2,Debit Card,Completed,4.5
ORD-001493,2025-04-07,CUST-00006,65.0,East,Website,Clothing,Yoga Pants,58.16,1,0,58.16,Credit Card,Completed,2.7
ORD-001494,2026-07-28,CUST-00533,49.0,Central,Mobile App,Home & Kitchen,Air Fryer,104.73,1,0,104.73,Crypto,Completed,3.0
ORD-001495,2025-11-05,CUST-00452,50.0,East,Mobile App,Books,Cook Book,36.29,4,10,130.64,Debit Card,Completed,
ORD-001496,2026-05-03,CUST-00072,26.0,Central,Website,Home & Kitchen,Knife Set,38.73,5,20,154.92,Debit Card,Completed,1.4
ORD-001497,2025-01-18,CUST-00900,23.0,North,Mobile App,Books,Python Programming,13.59,5,10,61.16,Gift Card,Completed,1.0
ORD-001498,2026-03-12,CUST-00735,63.0,Central,Mobile App,Books,Cook Book,17.71,3,0,53.13,Credit Card,Completed,2.6
ORD-001499,2025-05-11,CUST-00359,48.0,West,Mobile App,Clothing,Polo Shirt,20.67,3,0,62.01,PayPal,Completed,3.5
ORD-001500,2026-08-16,CUST-00034,47.0,East,Website,Home & Kitchen,Bed Sheets,35.06,2,10,63.11,Credit Card,Completed,3.7
ORD-001501,2025-08-17,CUST-00055,47.0,Central,Marketplace,Toys,Doll Set,29.33,2,0,58.66,Crypto,Pending,1.7
ORD-001502,2024-09-23,CUST-00223,29.0,Central,Mobile App,Books,Data Science Guide,32.67,1,15,27.77,Debit Card,Pending,2.3
ORD-001503,2026-04-23,CUST-00220,55.0,West,Marketplace,Home & Kitchen,Blender,98.76,1,20,79.01,Credit Card,Completed,3.6
ORD-001504,2024-12-27,CUST-00243,52.0,South,Website,Clothing,Yoga Pants,58.9,1,10,53.01,PayPal,Completed,3.3
ORD-001505,2024-10-21,CUST-00428,69.0,North,Mobile App,Books,Business Mindset,30.32,1,5,28.8,Crypto,Completed,1.9
ORD-001506,2026-01-08,CUST-00341,64.0,East,Marketplace,Toys,Board Game,17.42,1,0,17.42,Gift Card,Returned,3.4
ORD-001507,2025-04-10,CUST-00869,39.0,Central,Mobile App,Clothing,Denim Jacket,102.79,2,10,185.02,Debit Card,Completed,1.6
ORD-001508,2026-03-14,CUST-00510,51.0,North,Website,Books,Fiction Novel,12.77,2,10,22.99,PayPal,Completed,4.8
ORD-001509,2026-06-02,CUST-00771,53.0,North,Website,Books,Data Science Guide,23.52,1,15,19.99,PayPal,Completed,4.5
ORD-001510,2025-02-27,CUST-00780,40.0,Central,Mobile App,Books,Data Science Guide,12.61,4,0,50.44,Crypto,Completed,3.3
ORD-001511,2025-12-13,CUST-00243,70.0,Central,Website,Books,Business Mindset,49.1,1,5,46.64,Credit Card,Returned,4.2
ORD-001512,2026-05-07,CUST-00242,22.0,West,Mobile App,Electronics,Smartwatch,93.78,1,25,70.34,Gift Card,Returned,1.4
ORD-001513,2026-09-01,CUST-00585,,North,Website,Beauty,Moisturizer,55.04,1,20,44.03,Debit Card,Completed,
ORD-001514,2025-02-05,CUST-00284,,,Website,Beauty,Face Serum,16.61,1,0,16.61,Gift Card,Returned,
ORD-001515,2026-01-20,CUST-00624,28.0,North,Website,Clothing,Denim Jacket,72.36,1,5,68.74,Credit Card,Completed,1.5
ORD-001516,2026-09-18,CUST-00143,29.0,North,Website,Clothing,Polo Shirt,31.78,1,15,27.01,Credit Card,Completed,1.4
ORD-001517,2025-11-23,CUST-00140,57.0,East,Mobile App,Electronics,Wireless Earbuds,143.98,4,0,575.92,Gift Card,Completed,1.8
ORD-001518,2026-02-27,CUST-00390,69.0,East,Website,Books,Python Programming,16.43,2,0,32.86,Credit Card,Completed,4.5
ORD-001519,2026-02-21,CUST-00289,51.0,South,Website,Sports,Gym Bag,16.37,1,15,13.91,PayPal,Completed,
ORD-001520,2025-09-19,CUST-00335,70.0,South,Website,Home & Kitchen,Knife Set,84.35,5,10,379.57,PayPal,Completed,
ORD-001521,2026-07-23,CUST-00390,56.0,North,Marketplace,Books,Business Mindset,41.84,3,5,119.24,Credit Card,Returned,3.7
ORD-001522,2025-04-01,CUST-00844,35.0,North,Marketplace,Beauty,Moisturizer,42.56,2,10,76.61,Debit Card,Pending,
ORD-001523,2025-03-18,CUST-00553,22.0,East,Website,Books,Cook Book,34.39,1,10,30.95,Debit Card,Completed,
ORD-001524,2025-08-18,CUST-00056,21.0,West,Website,Home & Kitchen,Air Fryer,79.72,1,5,75.73,Gift Card,Completed,3.0
ORD-001525,2025-07-28,CUST-00739,,North,Mobile App,Home & Kitchen,Blender,92.03,1,5,87.43,Gift Card,Completed,
ORD-001526,2025-03-05,CUST-00163,19.0,North,Website,Clothing,Yoga Pants,32.78,3,25,73.75,PayPal,Completed,
ORD-001527,2025-07-08,CUST-00787,67.0,West,Website,Beauty,Lip Gloss Set,35.61,5,10,160.25,PayPal,Completed,3.4
ORD-001528,2025-05-04,CUST-00969,18.0,South,Website,Beauty,Perfume,50.09,4,15,170.31,Credit Card,Completed,2.8
ORD-001529,2026-09-12,CUST-00817,53.0,Central,Website,Clothing,Running Shoes,80.18,1,15,68.15,Debit Card,Completed,4.2
ORD-001530,2025-01-11,CUST-00966,69.0,North,Mobile App,Books,Python Programming,21.51,1,0,21.51,Crypto,Completed,3.1
ORD-001531,2025-06-12,CUST-00890,46.0,North,In-Store,Beauty,Lip Gloss Set,12.69,1,10,11.42,Credit Card,Completed,1.2
ORD-001532,2026-03-20,CUST-00341,37.0,North,In-Store,Clothing,Denim Jacket,39.66,1,15,33.71,PayPal,Completed,2.1
ORD-001533,2024-09-24,CUST-00026,46.0,North,Mobile App,Books,Cook Book,18.45,2,15,31.36,Debit Card,Completed,3.7
ORD-001534,2026-09-08,CUST-00210,30.0,North,Mobile App,Toys,Puzzle 1000pc,27.26,1,5,25.9,PayPal,Completed,4.5
ORD-001535,2026-05-22,CUST-00451,40.0,East,Marketplace,Toys,Remote Car,62.42,1,20,49.94,Crypto,Completed,
ORD-001536,2025-06-01,CUST-00875,37.0,West,Website,Clothing,Winter Coat,120.89,1,0,120.89,Credit Card,Pending,2.7
ORD-001537,2025-02-17,CUST-00120,34.0,North,Mobile App,Beauty,Hair Dryer,17.47,2,0,34.94,Crypto,Completed,
ORD-001538,2025-05-07,CUST-00242,63.0,Central,Marketplace,Electronics,Wireless Earbuds,111.51,1,0,111.51,Gift Card,Completed,4.0
ORD-001539,2025-05-11,CUST-00725,69.0,North,Website,Sports,Gym Bag,18.14,1,0,18.14,Debit Card,Completed,3.0
ORD-001540,2025-03-15,CUST-00405,55.0,Central,Mobile App,Sports,Gym Bag,48.87,1,20,39.1,Crypto,Completed,1.8
ORD-001541,2026-03-22,CUST-00570,49.0,East,Website,Automotive,Car Phone Mount,27.53,1,5,26.15,Crypto,Pending,
ORD-001542,2025-02-11,CUST-00255,50.0,South,Marketplace,Sports,Yoga Mat,23.94,4,10,86.18,PayPal,Completed,3.8
ORD-001543,2025-05-03,CUST-00626,45.0,West,Marketplace,Sports,Gym Bag,43.58,4,0,174.32,Credit Card,Completed,1.7
ORD-001544,2026-04-07,CUST-00472,28.0,Central,Marketplace,Home & Kitchen,Air Fryer,76.51,1,0,76.51,Credit Card,Completed,
ORD-001545,2025-05-06,CUST-00959,54.0,Central,In-Store,Electronics,Laptop Stand,27.21,1,20,21.77,Credit Card,Completed,4.0
ORD-001546,2025-07-16,CUST-00456,60.0,North,Marketplace,Automotive,Dash Cam,145.66,2,0,291.32,Gift Card,Completed,2.2
ORD-001547,2026-08-04,CUST-00916,,,Website,Electronics,Wireless Earbuds,146.05,1,20,116.84,Debit Card,Completed,
ORD-001548,2026-06-28,CUST-00383,20.0,West,In-Store,Books,Fiction Novel,24.71,1,25,18.53,Gift Card,Completed,2.0
ORD-001549,2025-01-27,CUST-00849,66.0,South,Marketplace,Toys,Puzzle 1000pc,14.68,2,10,26.42,Crypto,Completed,
ORD-001550,2026-05-18,CUST-00837,27.0,Central,Website,Clothing,Denim Jacket,79.58,3,5,226.8,Debit Card,Completed,4.6
ORD-001551,2025-08-21,CUST-00953,25.0,West,Mobile App,Automotive,Tire Inflator,70.5,1,25,52.88,Credit Card,Completed,1.9
ORD-001552,2026-09-23,CUST-00364,69.0,West,Website,Sports,Yoga Mat,48.03,1,5,45.63,Gift Card,Completed,2.1
ORD-001553,2025-06-19,CUST-00798,44.0,West,Mobile App,Books,Business Mindset,32.24,1,5,30.63,Crypto,Completed,
ORD-001554,2026-04-14,CUST-00738,22.0,East,In-Store,Sports,Gym Bag,32.99,1,10,29.69,Crypto,Completed,2.2
ORD-001555,2025-01-10,CUST-00396,35.0,South,Website,Automotive,Car Phone Mount,10.21,1,5,9.7,PayPal,Completed,
ORD-001556,2026-09-22,CUST-00809,45.0,South,Website,Home & Kitchen,Air Fryer,123.84,2,10,222.91,Crypto,Completed,3.5
ORD-001557,2025-04-11,CUST-00771,22.0,Central,Mobile App,Home & Kitchen,Knife Set,43.87,2,0,87.74,Gift Card,Completed,
ORD-001558,2024-11-20,CUST-00116,70.0,Central,Marketplace,Clothing,Yoga Pants,37.3,1,25,27.97,Debit Card,Completed,3.4
ORD-001559,2025-12-10,CUST-00219,34.0,West,Marketplace,Home & Kitchen,Coffee Maker,185.23,4,0,740.92,Credit Card,Completed,1.2
ORD-001560,2024-10-02,CUST-00799,27.0,North,In-Store,Beauty,Hair Dryer,69.66,1,5,66.18,PayPal,Cancelled,2.2
ORD-001561,2025-01-28,CUST-00666,22.0,North,Marketplace,Sports,Yoga Mat,29.91,1,5,28.41,PayPal,Completed,2.7
ORD-001562,2026-06-14,CUST-00067,20.0,Central,Website,Automotive,Tire Inflator,92.76,1,20,74.21,PayPal,Completed,3.2
ORD-001563,2026-08-04,CUST-00100,32.0,East,Website,Electronics,USB-C Hub,43.09,1,10,38.78,PayPal,Completed,1.4
ORD-001564,2025-07-31,CUST-00386,62.0,East,Mobile App,Beauty,Hair Dryer,40.8,2,5,77.52,Gift Card,Completed,4.7
ORD-001565,2025-05-13,CUST-00519,69.0,West,Mobile App,Toys,Doll Set,39.45,2,5,74.95,Credit Card,Completed,4.9
ORD-001566,2025-09-02,CUST-00614,62.0,South,Website,Electronics,Wireless Earbuds,58.34,1,0,58.34,Crypto,Pending,4.7
ORD-001567,2026-08-12,CUST-00433,31.0,North,Website,Electronics,Laptop Stand,31.24,1,5,29.68,Gift Card,Completed,4.2
ORD-001568,2026-08-09,CUST-00664,49.0,South,Website,Toys,Board Game,24.94,2,25,37.41,Gift Card,Completed,1.2
ORD-001569,2025-04-07,CUST-00587,36.0,East,Marketplace,Electronics,Wireless Earbuds,43.76,1,10,39.38,PayPal,Completed,1.7
ORD-001570,2026-05-31,CUST-00925,68.0,Central,Mobile App,Toys,Puzzle 1000pc,28.0,1,0,28.0,Crypto,Completed,
ORD-001571,2026-02-21,CUST-00954,19.0,East,Website,Toys,Board Game,13.96,2,15,23.73,PayPal,Completed,3.2
ORD-001572,2025-09-12,CUST-00197,34.0,Central,Marketplace,Automotive,Seat Covers,71.17,1,25,53.38,Credit Card,Completed,4.1
ORD-001573,2026-08-16,CUST-00189,56.0,West,Website,Toys,Puzzle 1000pc,33.93,1,20,27.14,PayPal,Completed,2.3
ORD-001574,2025-01-12,CUST-00955,,West,Website,Beauty,Moisturizer,39.65,1,0,39.65,Debit Card,Completed,
ORD-001575,2025-02-25,CUST-00673,24.0,West,Website,Automotive,Tire Inflator,63.38,2,5,120.42,Debit Card,Completed,2.6
ORD-001576,2025-01-27,CUST-00095,58.0,East,In-Store,Clothing,Denim Jacket,48.22,1,25,36.16,Gift Card,Returned,4.2
ORD-001577,2026-06-23,CUST-00550,53.0,North,Website,Toys,LEGO Set,25.46,1,20,20.37,Gift Card,Completed,3.8
ORD-001578,2024-11-03,CUST-00610,63.0,East,Mobile App,Home & Kitchen,Coffee Maker,175.44,3,0,526.32,Credit Card,Cancelled,1.5
ORD-001579,2025-07-10,CUST-00436,51.0,North,Website,Toys,Board Game,51.57,1,10,46.41,Credit Card,Cancelled,
ORD-001580,2025-03-24,CUST-00351,47.0,South,Mobile App,Sports,Resistance Bands,25.65,1,20,20.52,Gift Card,Completed,3.1
ORD-001581,2026-04-19,CUST-00527,38.0,South,Website,Beauty,Moisturizer,26.84,1,0,26.84,Credit Card,Completed,1.9
ORD-001582,2025-01-05,CUST-00275,47.0,North,Website,Sports,Water Bottle,20.66,3,25,46.48,Crypto,Completed,2.1
ORD-001583,2025-12-28,CUST-00079,67.0,North,Website,Beauty,Moisturizer,86.63,1,15,73.64,Debit Card,Completed,2.8
ORD-001584,2026-09-18,CUST-00462,59.0,West,In-Store,Automotive,Car Vacuum,53.84,1,25,40.38,Crypto,Completed,2.2
ORD-001585,2026-01-15,CUST-00853,18.0,Central,Mobile App,Home & Kitchen,Bed Sheets,25.22,2,0,50.44,Debit Card,Returned,2.4
ORD-001586,2026-02-12,CUST-00253,32.0,North,Website,Electronics,Wireless Earbuds,71.29,2,5,135.45,Debit Card,Completed,4.2
ORD-001587,2025-05-04,CUST-00640,,South,Website,Beauty,Hair Dryer,56.46,1,0,56.46,Debit Card,Cancelled,
ORD-001588,2025-10-22,CUST-00452,29.0,West,Mobile App,Clothing,Winter Coat,100.93,1,20,80.74,Gift Card,Cancelled,2.4
ORD-001589,2024-11-25,CUST-00369,41.0,East,Website,Sports,Water Bottle,19.33,1,10,17.4,Credit Card,Returned,3.1
ORD-001590,2025-10-06,CUST-00722,47.0,Central,Website,Clothing,Polo Shirt,46.34,1,0,46.34,PayPal,Completed,1.6
ORD-001591,2024-11-27,CUST-00582,66.0,Central,Mobile App,Sports,Gym Bag,73.8,1,15,62.73,Gift Card,Completed,4.5
ORD-001592,2024-09-23,CUST-00593,42.0,South,Marketplace,Electronics,Laptop Stand,75.65,1,5,71.87,Credit Card,Completed,1.6
ORD-001593,2024-11-06,CUST-00613,31.0,Central,Marketplace,Books,Python Programming,56.37,2,20,90.19,Crypto,Completed,1.5
ORD-001594,2026-06-28,CUST-00244,49.0,Central,Marketplace,Books,Fiction Novel,15.64,2,10,28.15,Debit Card,Pending,3.6
ORD-001595,2026-03-20,CUST-00903,54.0,Central,Website,Electronics,USB-C Hub,52.8,1,0,52.8,Debit Card,Completed,1.2
ORD-001596,2025-11-20,CUST-00120,62.0,North,Website,Books,Data Science Guide,30.41,1,0,30.41,Debit Card,Cancelled,
ORD-001597,2025-02-26,CUST-00932,48.0,North,Mobile App,Toys,Puzzle 1000pc,15.7,2,0,31.4,Gift Card,Completed,4.2
ORD-001598,2025-11-15,CUST-00303,53.0,South,Website,Toys,LEGO Set,33.59,5,0,167.95,Credit Card,Completed,1.9
ORD-001599,2026-02-21,CUST-00088,67.0,Central,Mobile App,Sports,Water Bottle,16.61,1,10,14.95,Credit Card,Returned,4.1
ORD-001600,2025-09-11,CUST-00603,19.0,East,Marketplace,Home & Kitchen,Coffee Maker,64.39,1,5,61.17,Credit Card,Completed,4.1
ORD-001601,2025-09-25,CUST-00837,62.0,East,In-Store,Automotive,Tire Inflator,89.41,1,0,89.41,Gift Card,Completed,
ORD-001602,2025-09-05,CUST-00400,37.0,West,Website,Electronics,USB-C Hub,39.56,3,20,94.94,Credit Card,Completed,4.7
ORD-001603,2025-06-12,CUST-00966,57.0,South,In-Store,Clothing,Running Shoes,96.33,1,20,77.06,Credit Card,Returned,1.4
ORD-001604,2025-06-13,CUST-00016,27.0,East,Marketplace,Sports,Gym Bag,43.47,1,10,39.12,Debit Card,Completed,2.2
ORD-001605,2025-05-20,CUST-00415,53.0,South,Website,Toys,Doll Set,46.89,1,10,42.2,Crypto,Returned,3.2
ORD-001606,2026-02-17,CUST-00657,29.0,West,Marketplace,Clothing,Polo Shirt,25.23,1,10,22.71,Credit Card,Completed,3.4
ORD-001607,2026-03-16,CUST-00919,23.0,West,Website,Beauty,Lip Gloss Set,24.88,1,10,22.39,Gift Card,Completed,
ORD-001608,2025-01-06,CUST-00368,18.0,West,Marketplace,Home & Kitchen,Bed Sheets,57.59,4,15,195.81,Gift Card,Completed,1.7
ORD-001609,2025-08-06,CUST-00967,50.0,Central,Website,Sports,Yoga Mat,39.9,2,0,79.8,Debit Card,Pending,2.4
ORD-001610,2025-03-03,CUST-00724,22.0,North,Mobile App,Beauty,Face Serum,38.11,1,5,36.2,Debit Card,Completed,1.7
ORD-001611,2025-08-29,CUST-00565,35.0,South,Website,Clothing,Winter Coat,194.41,1,15,165.25,Gift Card,Completed,1.6
ORD-001612,2026-05-26,CUST-00343,34.0,Central,Mobile App,Home & Kitchen,Coffee Maker,42.22,1,20,33.78,Crypto,Completed,5.0
ORD-001613,2026-04-16,CUST-00567,67.0,East,Mobile App,Beauty,Perfume,95.59,2,0,191.18,PayPal,Completed,2.3
ORD-001614,2026-03-09,CUST-00865,64.0,East,Mobile App,Home & Kitchen,Air Fryer,142.63,1,0,142.63,Credit Card,Completed,
ORD-001615,2024-11-27,CUST-00722,48.0,East,Mobile App,Electronics,Wireless Earbuds,145.88,1,0,145.88,Credit Card,Completed,1.5
ORD-001616,2026-07-20,CUST-00336,51.0,East,Website,Home & Kitchen,Blender,51.29,11,10,507.77,Credit Card,Completed,4.6
ORD-001617,2026-03-08,CUST-00247,68.0,North,Website,Home & Kitchen,Coffee Maker,90.13,1,15,76.61,Crypto,Completed,3.2
ORD-001618,2025-02-24,CUST-00360,57.0,Central,Mobile App,Beauty,Face Serum,31.78,1,0,31.78,Credit Card,Completed,4.9
ORD-001619,2026-08-02,CUST-00836,32.0,North,Website,Home & Kitchen,Bed Sheets,82.58,1,0,82.58,Crypto,Completed,4.0
ORD-001620,2025-04-20,CUST-00045,48.0,North,Mobile App,Automotive,Car Phone Mount,29.43,3,0,88.29,Crypto,Completed,1.0
ORD-001621,2026-04-04,CUST-00320,51.0,Central,Marketplace,Sports,Yoga Mat,46.31,1,10,41.68,PayPal,Completed,4.2
ORD-001622,2026-09-11,CUST-00886,,,Website,Automotive,Tire Inflator,67.94,1,10,61.15,Gift Card,Completed,
ORD-001623,2025-02-11,CUST-00145,67.0,West,Website,Clothing,Winter Coat,139.63,2,10,251.33,PayPal,Returned,
ORD-001624,2025-05-21,CUST-00361,36.0,Central,Mobile App,Clothing,Running Shoes,54.56,1,0,54.56,Crypto,Completed,2.9
ORD-001625,2026-01-26,CUST-00903,35.0,South,Website,Books,Business Mindset,16.98,5,10,76.41,Debit Card,Completed,
ORD-001626,2025-04-10,CUST-00603,53.0,Central,Website,Toys,LEGO Set,68.76,3,5,195.97,PayPal,Cancelled,3.0
ORD-001627,2025-06-11,CUST-00944,,East,Mobile App,Sports,Resistance Bands,19.54,1,0,19.54,Debit Card,Completed,
ORD-001628,2025-02-12,CUST-00460,29.0,Central,Website,Automotive,Seat Covers,46.02,3,5,131.16,Credit Card,Completed,1.8
ORD-001629,2025-02-15,CUST-00924,56.0,East,Website,Electronics,Bluetooth Speaker,25.29,1,20,20.23,Crypto,Completed,1.1
ORD-001630,2024-10-14,CUST-00103,39.0,West,Marketplace,Clothing,Denim Jacket,58.82,2,0,117.64,Crypto,Completed,1.1
ORD-001631,2025-01-20,CUST-00720,38.0,South,Website,Sports,Jump Rope,10.66,2,0,21.32,Credit Card,Completed,4.7
ORD-001632,2024-11-22,CUST-00915,54.0,North,Mobile App,Sports,Yoga Mat,59.43,1,25,44.57,Debit Card,Completed,4.2
ORD-001633,2026-09-21,CUST-00778,40.0,North,Website,Beauty,Face Serum,19.6,1,20,15.68,Credit Card,Completed,4.7
ORD-001634,2026-06-27,CUST-00033,26.0,West,Website,Sports,Jump Rope,14.51,3,10,39.18,Crypto,Completed,1.8
ORD-001635,2025-04-06,CUST-00726,21.0,Central,Mobile App,Automotive,Car Vacuum,40.41,1,20,32.33,Credit Card,Cancelled,4.3
ORD-001636,2025-11-22,CUST-00222,35.0,East,Marketplace,Electronics,USB-C Hub,44.71,1,10,40.24,Credit Card,Completed,1.5
ORD-001637,2025-07-04,CUST-00439,24.0,North,Mobile App,Beauty,Moisturizer,60.06,1,20,48.05,PayPal,Completed,3.5
ORD-001638,2026-03-11,CUST-00179,20.0,Central,Website,Books,Business Mindset,29.32,2,10,52.78,Debit Card,Cancelled,2.4
ORD-001639,2025-02-19,CUST-00987,54.0,West,Mobile App,Beauty,Lip Gloss Set,7.65,5,0,38.25,Gift Card,Completed,
ORD-001640,2026-01-20,CUST-00735,50.0,West,Mobile App,Toys,Doll Set,14.53,1,10,13.08,Credit Card,Completed,5.0
ORD-001641,2024-11-19,CUST-00679,32.0,South,Mobile App,Sports,Resistance Bands,40.95,1,25,30.71,PayPal,Completed,4.9
ORD-001642,2026-07-09,CUST-00777,22.0,South,Website,Electronics,Wireless Earbuds,92.68,3,5,264.14,Credit Card,Completed,4.3
ORD-001643,2026-06-11,CUST-00134,,West,Website,Automotive,Dash Cam,148.39,1,5,140.97,Credit Card,Completed,
ORD-001644,2025-10-27,CUST-00809,20.0,South,Website,Home & Kitchen,Blender,104.18,2,0,208.36,Credit Card,Completed,1.1
ORD-001645,2026-03-03,CUST-00783,25.0,Central,Mobile App,Toys,LEGO Set,41.37,1,0,41.37,Crypto,Completed,1.6
ORD-001646,2026-08-02,CUST-00140,47.0,Central,In-Store,Clothing,Polo Shirt,32.67,2,0,65.34,PayPal,Cancelled,4.9
ORD-001647,2026-04-13,CUST-00462,45.0,East,Marketplace,Beauty,Hair Dryer,56.73,1,25,42.55,Debit Card,Completed,3.4
ORD-001648,2025-12-03,CUST-00864,41.0,South,Mobile App,Sports,Resistance Bands,34.97,2,0,69.94,Debit Card,Returned,1.6
ORD-001649,2025-05-16,CUST-00475,40.0,North,Mobile App,Beauty,Hair Dryer,35.09,3,0,105.27,Debit Card,Completed,1.4
ORD-001650,2025-03-18,CUST-00186,28.0,South,Mobile App,Home & Kitchen,Coffee Maker,92.51,7,10,582.81,Debit Card,Completed,3.9
ORD-001651,2024-12-28,CUST-00128,45.0,Central,Mobile App,Clothing,Yoga Pants,112.55,2,10,202.59,Crypto,Completed,3.3
ORD-001652,2026-06-12,CUST-00381,47.0,East,Mobile App,Clothing,Running Shoes,80.25,2,0,160.5,Credit Card,Completed,3.3
ORD-001653,2026-02-11,CUST-00570,48.0,Central,Website,Automotive,Dash Cam,76.33,1,0,76.33,Credit Card,Completed,4.7
ORD-001654,2025-12-08,CUST-00966,39.0,South,Mobile App,Books,Python Programming,54.66,1,5,51.93,Gift Card,Completed,3.0
ORD-001655,2026-05-27,CUST-00142,53.0,South,Marketplace,Sports,Yoga Mat,40.12,2,25,60.18,Crypto,Completed,
ORD-001656,2025-05-01,CUST-00949,35.0,South,Website,Books,Fiction Novel,11.71,1,0,11.71,Debit Card,Completed,
ORD-001657,2026-06-22,CUST-00947,56.0,Central,Marketplace,Automotive,Seat Covers,67.56,1,15,57.43,Credit Card,Completed,2.4
ORD-001658,2025-01-24,CUST-00753,27.0,North,Website,Books,Python Programming,26.99,3,15,68.82,Debit Card,Pending,3.9
ORD-001659,2025-07-03,CUST-00368,67.0,South,Mobile App,Books,Data Science Guide,23.97,1,5,22.77,Credit Card,Completed,1.2
ORD-001660,2024-09-30,CUST-00049,63.0,West,Website,Home & Kitchen,Blender,40.8,3,5,116.28,Debit Card,Completed,1.2
ORD-001661,2025-11-07,CUST-00925,,,Website,Books,Cook Book,36.61,3,5,104.34,Gift Card,Completed,
ORD-001662,2026-07-02,CUST-00833,28.0,North,Mobile App,Home & Kitchen,Blender,44.75,1,10,40.27,Crypto,Cancelled,
ORD-001663,2024-11-12,CUST-00254,23.0,Central,Marketplace,Books,Python Programming,62.46,1,0,62.46,Credit Card,Completed,1.6
ORD-001664,2025-04-07,CUST-00058,43.0,East,Mobile App,Books,Python Programming,25.24,1,0,25.24,PayPal,Pending,4.9
ORD-001665,2025-08-18,CUST-00953,55.0,South,Website,Automotive,Car Phone Mount,21.49,3,15,54.8,Gift Card,Returned,1.2
ORD-001666,2025-02-03,CUST-00989,32.0,West,Website,Sports,Water Bottle,10.47,1,0,10.47,Debit Card,Completed,1.8
ORD-001667,2026-08-25,CUST-00386,25.0,South,Mobile App,Toys,Board Game,15.34,1,10,13.81,Debit Card,Returned,2.7
ORD-001668,2025-06-24,CUST-00805,61.0,West,Mobile App,Clothing,Yoga Pants,73.43,1,0,73.43,PayPal,Pending,2.3
ORD-001669,2025-06-20,CUST-00652,24.0,North,Mobile App,Home & Kitchen,Air Fryer,155.08,2,20,248.13,Crypto,Pending,3.7
ORD-001670,2025-06-12,CUST-00930,39.0,North,Mobile App,Toys,Remote Car,58.37,2,15,99.23,Gift Card,Completed,1.8
ORD-001671,2025-09-13,CUST-00289,33.0,West,In-Store,Books,Data Science Guide,42.41,1,25,31.81,Debit Card,Cancelled,2.5
ORD-001672,2026-07-19,CUST-00835,60.0,North,Marketplace,Books,Data Science Guide,29.03,1,0,29.03,Debit Card,Completed,2.5
ORD-001673,2025-08-21,CUST-00274,39.0,East,Marketplace,Automotive,Tire Inflator,31.96,1,25,23.97,Crypto,Cancelled,2.1
ORD-001674,2026-05-21,CUST-00817,41.0,East,Marketplace,Automotive,Tire Inflator,63.97,1,20,51.18,PayPal,Pending,2.0
ORD-001675,2026-08-10,CUST-00609,29.0,Central,Website,Automotive,Seat Covers,50.55,4,20,161.76,Credit Card,Completed,1.5
ORD-001676,2026-02-22,CUST-00931,39.0,North,Mobile App,Beauty,Perfume,41.14,1,10,37.03,Gift Card,Cancelled,1.4
ORD-001677,2025-03-03,CUST-00963,33.0,East,Mobile App,Home & Kitchen,Bed Sheets,50.99,3,5,145.32,Crypto,Completed,1.5
ORD-001678,2025-10-04,CUST-00246,70.0,East,Marketplace,Electronics,USB-C Hub,69.86,4,0,279.44,Gift Card,Pending,2.5
ORD-001679,2025-07-12,CUST-00667,25.0,Central,Mobile App,Sports,Yoga Mat,62.89,3,25,141.5,Debit Card,Returned,
ORD-001680,2026-04-07,CUST-00830,61.0,North,Mobile App,Sports,Water Bottle,27.14,1,0,27.14,Crypto,Completed,1.9
ORD-001681,2026-09-07,CUST-00125,25.0,West,In-Store,Electronics,Wireless Earbuds,97.3,2,10,175.14,PayPal,Cancelled,
ORD-001682,2025-12-20,CUST-00939,65.0,Central,Website,Clothing,Yoga Pants,98.39,1,5,93.47,Debit Card,Completed,3.6
ORD-001683,2025-08-11,CUST-00472,28.0,East,Website,Home & Kitchen,Bed Sheets,82.8,1,10,74.52,Crypto,Completed,3.6
ORD-001684,2025-02-17,CUST-00760,45.0,South,Website,Electronics,Bluetooth Speaker,53.47,2,5,101.59,Crypto,Completed,
ORD-001685,2025-04-27,CUST-00004,66.0,North,Website,Toys,Board Game,26.58,1,0,26.58,Credit Card,Completed,
ORD-001686,2025-07-17,CUST-00065,20.0,North,In-Store,Beauty,Moisturizer,54.2,3,20,130.08,PayPal,Completed,4.9
ORD-001687,2025-08-03,CUST-00747,25.0,South,Website,Electronics,Smartwatch,244.15,1,10,219.74,Debit Card,Completed,4.8
ORD-001688,2025-05-05,CUST-00588,,North,Marketplace,Toys,LEGO Set,63.28,1,0,63.28,Debit Card,Completed,
ORD-001689,2025-11-01,CUST-00203,64.0,West,Mobile App,Automotive,Dash Cam,181.91,1,0,181.91,PayPal,Completed,2.6
ORD-001690,2024-11-16,CUST-00647,70.0,West,Marketplace,Electronics,Bluetooth Speaker,141.91,1,10,127.72,PayPal,Completed,3.5
ORD-001691,2025-10-08,CUST-00710,18.0,West,Website,Books,Data Science Guide,25.84,2,0,51.68,Gift Card,Completed,3.4
ORD-001692,2025-12-27,CUST-00849,40.0,South,Marketplace,Sports,Water Bottle,49.64,1,10,44.68,Debit Card,Completed,1.3
ORD-001693,2024-12-23,CUST-00565,66.0,West,Website,Electronics,USB-C Hub,63.77,2,20,102.03,Debit Card,Completed,4.8
ORD-001694,2026-09-16,CUST-00504,53.0,North,Website,Home & Kitchen,Coffee Maker,71.95,1,0,71.95,Credit Card,Completed,4.3
ORD-001695,2025-08-17,CUST-00188,63.0,North,In-Store,Books,Fiction Novel,19.52,1,10,17.57,Crypto,Completed,2.7
ORD-001696,2025-07-28,CUST-00490,31.0,South,Website,Sports,Gym Bag,66.13,5,15,281.05,PayPal,Completed,4.9
ORD-001697,2025-11-14,CUST-00521,60.0,North,Mobile App,Home & Kitchen,Coffee Maker,187.56,1,20,150.05,Gift Card,Completed,2.4
ORD-001698,2024-09-24,CUST-00415,21.0,North,Website,Home & Kitchen,Coffee Maker,48.86,1,25,36.64,Gift Card,Pending,2.5
ORD-001699,2024-09-30,CUST-00740,35.0,West,Marketplace,Toys,Remote Car,66.49,2,10,119.68,Debit Card,Completed,3.1
ORD-001700,2025-11-21,CUST-00007,59.0,West,Mobile App,Toys,Puzzle 1000pc,25.64,1,15,21.79,Debit Card,Returned,4.1
ORD-001701,2026-03-14,CUST-00226,54.0,West,Website,Beauty,Moisturizer,12.49,2,10,22.48,Credit Card,Completed,2.6
ORD-001702,2026-02-22,CUST-00284,29.0,West,Website,Automotive,Seat Covers,32.56,2,5,61.86,PayPal,Completed,
ORD-001703,2026-05-21,CUST-00275,60.0,North,Website,Clothing,Yoga Pants,26.39,2,25,39.59,PayPal,Completed,3.3
ORD-001704,2025-03-03,CUST-00217,69.0,Central,Website,Clothing,Winter Coat,162.04,3,10,437.51,Gift Card,Completed,1.2
ORD-001705,2026-07-18,CUST-01000,64.0,South,Mobile App,Electronics,Smartwatch,109.67,2,0,219.34,Credit Card,Completed,1.4
ORD-001706,2026-05-06,CUST-00586,54.0,South,Marketplace,Clothing,Denim Jacket,64.02,1,20,51.22,Crypto,Cancelled,2.9
ORD-001707,2025-02-22,CUST-00486,56.0,South,Website,Automotive,Tire Inflator,21.15,2,25,31.72,Crypto,Completed,1.3
ORD-001708,2026-08-05,CUST-00783,48.0,North,Mobile App,Home & Kitchen,Coffee Maker,82.54,5,5,392.06,PayPal,Completed,3.1
ORD-001709,2026-06-19,CUST-00213,42.0,Central,In-Store,Toys,Board Game,24.49,1,10,22.04,PayPal,Completed,3.5
ORD-001710,2026-01-11,CUST-00689,28.0,Central,Mobile App,Beauty,Perfume,32.87,1,25,24.65,Debit Card,Completed,
ORD-001711,2025-06-22,CUST-00794,69.0,East,Mobile App,Clothing,Winter Coat,91.77,3,15,234.01,Crypto,Completed,
ORD-001712,2026-05-16,CUST-00144,45.0,West,In-Store,Sports,Jump Rope,4.59,1,0,4.59,Crypto,Completed,3.7
ORD-001713,2024-10-18,CUST-00461,45.0,East,Marketplace,Automotive,Tire Inflator,55.93,1,5,53.13,Credit Card,Completed,4.6
ORD-001714,2026-08-19,CUST-00417,65.0,South,Website,Electronics,Laptop Stand,72.18,2,0,144.36,Debit Card,Completed,
ORD-001715,2025-10-13,CUST-00986,54.0,West,Mobile App,Toys,Board Game,41.36,1,10,37.22,Credit Card,Cancelled,2.4
ORD-001716,2025-10-21,CUST-00380,28.0,Central,Mobile App,Toys,Remote Car,43.19,1,0,43.19,Credit Card,Completed,1.6
ORD-001717,2026-04-30,CUST-00241,54.0,North,Marketplace,Automotive,Tire Inflator,65.63,2,5,124.7,Gift Card,Completed,4.4
ORD-001718,2026-08-13,CUST-00424,36.0,West,Website,Beauty,Hair Dryer,54.51,1,20,43.61,PayPal,Completed,4.8
ORD-001719,2026-09-06,CUST-00811,56.0,East,Mobile App,Books,Business Mindset,30.26,2,15,51.44,Crypto,Completed,2.0
ORD-001720,2026-08-25,CUST-00232,60.0,Central,Marketplace,Books,Business Mindset,19.72,1,5,18.73,Crypto,Completed,3.7
ORD-001721,2025-08-12,CUST-00513,70.0,West,Website,Home & Kitchen,Coffee Maker,56.94,2,10,102.49,Crypto,Completed,3.3
ORD-001722,2026-08-24,CUST-00009,48.0,Central,Mobile App,Sports,Yoga Mat,26.21,1,0,26.21,Credit Card,Completed,
ORD-001723,2025-03-08,CUST-00532,67.0,East,Website,Electronics,USB-C Hub,29.07,2,20,46.51,Crypto,Completed,3.3
ORD-001724,2025-10-16,CUST-00285,64.0,Central,Mobile App,Home & Kitchen,Air Fryer,103.64,2,0,-207.28,PayPal,Completed,
ORD-001725,2025-05-04,CUST-00919,,,Website,Books,Fiction Novel,8.04,1,0,8.04,Credit Card,Completed,
ORD-001726,2026-05-14,CUST-00339,69.0,Central,Website,Beauty,Hair Dryer,70.22,3,5,200.13,Crypto,Pending,2.7
ORD-001727,2025-07-03,CUST-00268,23.0,East,Mobile App,Clothing,Winter Coat,192.79,1,20,154.23,Debit Card,Completed,2.6
ORD-001728,2025-03-05,CUST-00050,65.0,South,Website,Clothing,Denim Jacket,99.55,2,10,179.19,Debit Card,Completed,4.7
ORD-001729,2025-04-17,CUST-00469,37.0,East,Website,Home & Kitchen,Air Fryer,153.1,2,0,306.2,Crypto,Completed,
ORD-001730,2025-11-17,CUST-00760,68.0,West,Marketplace,Books,Cook Book,46.98,4,5,178.52,Gift Card,Returned,
ORD-001731,2025-01-10,CUST-00772,49.0,Central,In-Store,Beauty,Moisturizer,28.43,1,0,28.43,Debit Card,Cancelled,3.6
ORD-001732,2026-02-04,CUST-00039,41.0,East,Website,Automotive,Seat Covers,18.97,1,0,18.97,PayPal,Completed,4.2
ORD-001733,2025-08-14,CUST-00967,66.0,East,Mobile App,Electronics,Smartwatch,147.6,1,10,132.84,PayPal,Completed,3.9
ORD-001734,2025-10-05,CUST-00157,43.0,Central,Marketplace,Home & Kitchen,Coffee Maker,59.54,1,10,53.59,Credit Card,Completed,
ORD-001735,2026-08-25,CUST-00023,62.0,South,Website,Clothing,Denim Jacket,62.37,2,0,124.74,Crypto,Completed,
ORD-001736,2025-04-24,CUST-00836,66.0,North,Mobile App,Clothing,Polo Shirt,42.71,1,5,40.57,Crypto,Completed,3.4
ORD-001737,2025-09-01,CUST-00285,55.0,East,Website,Beauty,Moisturizer,52.67,1,0,52.67,Credit Card,Pending,1.9
ORD-001738,2024-10-20,CUST-00278,69.0,South,Website,Sports,Jump Rope,8.32,1,0,8.32,Gift Card,Completed,
ORD-001739,2025-06-03,CUST-00168,34.0,South,Website,Electronics,Wireless Earbuds,94.42,2,0,188.84,PayPal,Completed,3.9
ORD-001740,2025-05-15,CUST-00652,29.0,West,Website,Automotive,Car Phone Mount,31.46,4,5,119.55,PayPal,Completed,4.3
ORD-001741,2024-11-10,CUST-00233,39.0,Central,Marketplace,Sports,Yoga Mat,42.1,1,10,37.89,Crypto,Completed,3.5
ORD-001742,2024-10-30,CUST-00822,34.0,Central,Marketplace,Clothing,Denim Jacket,64.04,1,10,57.64,PayPal,Completed,2.1
ORD-001743,2026-06-26,CUST-00463,23.0,Central,Marketplace,Home & Kitchen,Coffee Maker,88.26,1,10,79.43,Credit Card,Returned,
ORD-001744,2026-08-07,CUST-00526,65.0,North,Website,Clothing,Running Shoes,49.54,3,5,141.19,PayPal,Pending,
ORD-001745,2024-12-15,CUST-00845,40.0,West,Website,Electronics,Wireless Earbuds,151.11,1,0,151.11,Credit Card,Returned,3.4
ORD-001746,2025-03-17,CUST-00712,24.0,East,Website,Clothing,Winter Coat,196.14,1,10,176.53,PayPal,Completed,1.4
ORD-001747,2025-01-21,CUST-00398,36.0,East,Website,Home & Kitchen,Coffee Maker,32.94,2,5,62.59,Gift Card,Completed,2.4
ORD-001748,2026-04-12,CUST-00696,30.0,East,Mobile App,Home & Kitchen,Coffee Maker,37.02,2,0,74.04,PayPal,Completed,4.4
ORD-001749,2025-08-13,CUST-00208,51.0,East,Website,Books,Python Programming,39.23,1,15,33.35,Crypto,Cancelled,2.2
ORD-001750,2025-03-09,CUST-00013,67.0,East,Mobile App,Automotive,Car Vacuum,39.97,3,20,95.93,Debit Card,Completed,3.7
ORD-001751,2026-02-20,CUST-00195,60.0,West,Mobile App,Beauty,Face Serum,36.87,1,20,29.5,Gift Card,Completed,
ORD-001752,2025-02-19,CUST-00325,28.0,West,Website,Books,Data Science Guide,34.49,2,10,62.08,Debit Card,Completed,2.3
ORD-001753,2025-04-06,CUST-00083,41.0,West,Website,Home & Kitchen,Knife Set,55.57,1,0,55.57,Credit Card,Completed,1.1
ORD-001754,2025-06-17,CUST-00331,55.0,West,Website,Home & Kitchen,Coffee Maker,101.1,1,0,101.1,Debit Card,Completed,3.7
ORD-001755,2025-03-25,CUST-00738,29.0,South,Mobile App,Toys,Remote Car,36.92,2,5,70.15,Debit Card,Returned,3.7
ORD-001756,2025-05-20,CUST-00266,32.0,Central,Mobile App,Electronics,USB-C Hub,34.96,3,5,99.64,Gift Card,Completed,3.9
ORD-001757,2026-09-15,CUST-00872,27.0,South,Marketplace,Electronics,Wireless Earbuds,72.45,1,10,65.2,Debit Card,Completed,1.7
ORD-001758,2025-06-22,CUST-00304,52.0,Central,Mobile App,Clothing,Denim Jacket,111.48,2,5,211.81,Credit Card,Completed,4.5
ORD-001759,2025-10-20,CUST-00916,21.0,North,Website,Toys,Doll Set,45.62,4,5,173.36,Gift Card,Completed,3.2
ORD-001760,2025-07-05,CUST-00858,49.0,North,Website,Toys,Board Game,57.28,3,15,146.06,Crypto,Completed,4.7
ORD-001761,2025-12-15,CUST-00534,65.0,East,Marketplace,Automotive,Car Vacuum,70.44,4,15,239.5,Crypto,Completed,4.5
ORD-001762,2024-12-21,CUST-00223,27.0,East,Mobile App,Sports,Yoga Mat,66.9,2,15,113.73,Credit Card,Completed,2.7
ORD-001763,2026-08-10,CUST-00707,25.0,North,Website,Home & Kitchen,Air Fryer,87.06,1,0,87.06,Debit Card,Completed,4.2
ORD-001764,2026-07-15,CUST-00582,57.0,North,Website,Sports,Jump Rope,20.02,1,20,16.02,Gift Card,Completed,2.6
ORD-001765,2024-12-01,CUST-00165,32.0,Central,Mobile App,Sports,Gym Bag,87.25,1,0,87.25,Credit Card,Completed,
ORD-001766,2026-07-10,CUST-00764,52.0,South,Marketplace,Toys,Puzzle 1000pc,24.65,1,15,20.95,Credit Card,Completed,4.0
ORD-001767,2025-05-26,CUST-00099,51.0,North,Website,Beauty,Moisturizer,35.53,6,0,213.18,Credit Card,Completed,2.0
ORD-001768,2025-01-10,CUST-00567,21.0,South,In-Store,Books,Fiction Novel,14.05,1,20,11.24,Gift Card,Completed,4.1
ORD-001769,2025-02-15,CUST-00168,31.0,West,Marketplace,Electronics,USB-C Hub,25.94,1,10,23.35,Debit Card,Returned,3.2
ORD-001770,2024-09-28,CUST-00922,66.0,North,Mobile App,Toys,Remote Car,31.23,2,5,59.34,Credit Card,Cancelled,4.7
ORD-001771,2024-10-01,CUST-00445,27.0,Central,Website,Toys,Remote Car,48.24,1,0,48.24,Credit Card,Completed,
ORD-001772,2026-09-14,CUST-00157,47.0,North,Mobile App,Home & Kitchen,Coffee Maker,131.11,4,15,445.77,Gift Card,Completed,4.6
ORD-001773,2024-10-27,CUST-00783,,,Mobile App,Clothing,Winter Coat,177.17,1,15,150.59,Crypto,Completed,
ORD-001774,2025-05-15,CUST-00651,26.0,Central,Mobile App,Toys,Board Game,43.22,1,0,43.22,PayPal,Completed,
ORD-001775,2025-11-23,CUST-00472,59.0,Central,Mobile App,Automotive,Car Vacuum,54.9,1,5,52.15,PayPal,Pending,4.4
ORD-001776,2024-11-14,CUST-00510,43.0,South,Marketplace,Books,Fiction Novel,25.71,1,5,24.42,Credit Card,Pending,1.6
ORD-001777,2025-11-03,CUST-00547,38.0,West,Marketplace,Toys,Board Game,55.69,1,15,47.34,Gift Card,Cancelled,1.4
ORD-001778,2025-05-18,CUST-00580,18.0,South,Website,Automotive,Dash Cam,66.5,1,10,59.85,Debit Card,Completed,3.5
ORD-001779,2025-11-20,CUST-00623,37.0,North,Mobile App,Automotive,Seat Covers,107.42,1,10,-96.68,Crypto,Completed,2.7
ORD-001780,2025-08-21,CUST-00023,53.0,Central,Website,Clothing,Polo Shirt,40.83,1,5,38.79,Gift Card,Completed,3.0
ORD-001781,2026-06-18,CUST-00283,25.0,North,In-Store,Beauty,Hair Dryer,88.8,1,0,88.8,Debit Card,Returned,4.4
ORD-001782,2025-01-16,CUST-00532,36.0,East,Website,Toys,Puzzle 1000pc,13.15,1,15,11.18,Gift Card,Completed,5.0
ORD-001783,2026-06-11,CUST-00620,28.0,South,Mobile App,Electronics,Laptop Stand,40.95,1,0,40.95,Gift Card,Returned,2.3
ORD-001784,2025-05-23,CUST-00470,52.0,North,Website,Clothing,Running Shoes,47.81,2,0,95.62,PayPal,Completed,1.1
ORD-001785,2025-08-09,CUST-00533,60.0,North,Marketplace,Home & Kitchen,Knife Set,62.77,1,0,62.77,Credit Card,Completed,3.2
ORD-001786,2025-09-23,CUST-00554,24.0,Central,Website,Electronics,Laptop Stand,48.96,1,10,44.06,Gift Card,Completed,4.4
ORD-001787,2026-01-23,CUST-00153,64.0,West,Marketplace,Beauty,Lip Gloss Set,24.22,1,0,24.22,Credit Card,Completed,3.7
ORD-001788,2026-09-13,CUST-00798,36.0,Central,Website,Toys,Puzzle 1000pc,14.11,1,20,11.29,Debit Card,Completed,2.4
ORD-001789,2025-06-23,CUST-00846,48.0,West,In-Store,Clothing,Winter Coat,124.38,1,10,111.94,PayPal,Completed,3.0
ORD-001790,2025-04-15,CUST-00900,32.0,North,Website,Electronics,Wireless Earbuds,86.77,3,0,260.31,Debit Card,Completed,1.5
ORD-001791,2024-10-15,CUST-00135,45.0,Central,Mobile App,Sports,Water Bottle,17.8,1,25,13.35,Credit Card,Completed,2.4
ORD-001792,2025-03-16,CUST-00387,45.0,South,Marketplace,Toys,Board Game,17.27,1,20,13.82,Debit Card,Completed,3.4
ORD-001793,2024-10-02,CUST-00183,33.0,South,In-Store,Automotive,Dash Cam,82.17,1,5,78.06,Debit Card,Completed,
ORD-001794,2025-06-17,CUST-00511,41.0,East,Mobile App,Books,Business Mindset,24.31,2,0,48.62,Crypto,Completed,4.1
ORD-001795,2025-12-17,CUST-00869,36.0,South,Mobile App,Books,Fiction Novel,24.69,1,0,24.69,PayPal,Completed,4.9
ORD-001796,2024-12-30,CUST-00849,22.0,Central,Website,Beauty,Perfume,79.42,1,0,79.42,Debit Card,Completed,4.8
ORD-001797,2026-06-16,CUST-00649,33.0,West,Mobile App,Automotive,Dash Cam,141.54,1,10,127.39,Crypto,Completed,3.2
ORD-001798,2026-09-07,CUST-00568,26.0,East,Website,Beauty,Hair Dryer,46.62,1,10,41.96,Gift Card,Completed,4.4
ORD-001799,2025-08-06,CUST-00336,21.0,West,Website,Beauty,Face Serum,44.36,3,25,99.81,Credit Card,Completed,
ORD-001800,2026-01-08,CUST-00459,67.0,West,Website,Electronics,Laptop Stand,29.38,1,0,29.38,Crypto,Completed,1.9
ORD-001801,2025-08-05,CUST-00762,54.0,East,Website,Home & Kitchen,Knife Set,55.07,5,10,247.82,Crypto,Completed,3.8
ORD-001802,2025-02-26,CUST-00618,25.0,South,Website,Automotive,Dash Cam,44.59,1,15,37.9,Debit Card,Completed,1.9
ORD-001803,2025-05-06,CUST-00705,20.0,South,Website,Books,Cook Book,14.92,1,15,12.68,Gift Card,Cancelled,2.7
ORD-001804,2026-03-24,CUST-00936,70.0,Central,Website,Automotive,Car Vacuum,37.4,1,0,37.4,Debit Card,Completed,1.0
ORD-001805,2024-12-26,CUST-00186,38.0,North,Mobile App,Toys,Remote Car,62.33,1,0,62.33,PayPal,Completed,1.9
ORD-001806,2025-04-02,CUST-00052,35.0,North,Mobile App,Books,Cook Book,33.3,1,15,28.3,Credit Card,Completed,1.8
ORD-001807,2026-07-21,CUST-00761,37.0,West,In-Store,Toys,Puzzle 1000pc,15.18,1,5,14.42,Gift Card,Returned,1.3
ORD-001808,2025-05-01,CUST-00620,39.0,Central,Website,Books,Data Science Guide,43.29,2,0,86.58,Crypto,Completed,4.9
ORD-001809,2025-01-26,CUST-00030,19.0,North,Website,Electronics,Bluetooth Speaker,71.8,1,10,64.62,Gift Card,Completed,1.9
ORD-001810,2025-03-22,CUST-00554,42.0,Central,Mobile App,Books,Business Mindset,13.27,2,15,22.56,Gift Card,Completed,3.6
ORD-001811,2025-06-18,CUST-00770,41.0,Central,Marketplace,Sports,Gym Bag,58.82,1,0,58.82,Gift Card,Completed,4.6
ORD-001812,2025-10-02,CUST-00773,27.0,Central,Website,Automotive,Seat Covers,72.91,1,10,65.62,Gift Card,Completed,1.2
ORD-001813,2024-09-28,CUST-00552,58.0,Central,Mobile App,Clothing,Polo Shirt,46.11,4,5,175.22,Credit Card,Returned,3.2
ORD-001814,2024-10-06,CUST-00769,68.0,Central,Mobile App,Automotive,Car Phone Mount,26.25,2,20,42.0,PayPal,Cancelled,4.2
ORD-001815,2026-08-28,CUST-00536,31.0,West,In-Store,Books,Cook Book,29.39,1,20,23.51,Credit Card,Completed,3.6
ORD-001816,2025-05-07,CUST-00084,39.0,Central,Website,Beauty,Lip Gloss Set,28.1,1,0,28.1,Crypto,Returned,
ORD-001817,2026-05-10,CUST-00939,41.0,Central,Mobile App,Electronics,Wireless Earbuds,110.51,1,10,99.46,Debit Card,Returned,3.3
ORD-001818,2026-05-06,CUST-00434,50.0,Central,Website,Beauty,Moisturizer,36.19,1,5,34.38,PayPal,Completed,2.3
ORD-001819,2026-03-02,CUST-00857,33.0,East,Website,Electronics,USB-C Hub,54.45,1,0,54.45,Crypto,Completed,1.5
ORD-001820,2025-09-16,CUST-00129,33.0,Central,In-Store,Clothing,Running Shoes,56.9,1,20,45.52,PayPal,Completed,2.4
ORD-001821,2026-03-12,CUST-00336,38.0,Central,Marketplace,Toys,LEGO Set,54.44,1,10,49.0,Gift Card,Completed,
ORD-001822,2025-12-11,CUST-00212,31.0,West,Website,Electronics,Smartwatch,302.08,1,15,256.77,PayPal,Cancelled,3.1
ORD-001823,2026-02-24,CUST-00223,69.0,East,Mobile App,Toys,Puzzle 1000pc,10.35,1,5,9.83,Gift Card,Completed,2.4
ORD-001824,2024-09-28,CUST-00999,42.0,West,Website,Electronics,Wireless Earbuds,106.08,1,10,95.47,PayPal,Completed,3.6
ORD-001825,2025-11-12,CUST-00366,61.0,East,Marketplace,Toys,Remote Car,71.61,1,10,64.45,Credit Card,Completed,2.6
ORD-001826,2025-01-17,CUST-00483,67.0,West,Website,Electronics,Smartwatch,245.35,2,20,392.56,Credit Card,Returned,2.7
ORD-001827,2025-07-21,CUST-00303,61.0,South,Mobile App,Toys,Puzzle 1000pc,12.74,1,20,10.19,Crypto,Returned,4.3
ORD-001828,2025-02-25,CUST-00714,70.0,West,In-Store,Toys,LEGO Set,17.95,3,0,53.85,PayPal,Completed,3.1
ORD-001829,2026-01-09,CUST-00383,31.0,North,Website,Sports,Jump Rope,12.2,1,0,12.2,Gift Card,Completed,
ORD-001830,2024-10-27,CUST-00433,35.0,South,In-Store,Electronics,Laptop Stand,36.13,1,5,34.32,Gift Card,Cancelled,2.0
ORD-001831,2025-09-27,CUST-00607,49.0,East,Marketplace,Automotive,Car Phone Mount,24.57,2,10,44.23,Credit Card,Completed,1.2
ORD-001832,2025-05-03,CUST-00676,35.0,Central,Mobile App,Toys,Board Game,38.53,1,20,30.82,Credit Card,Completed,3.1
ORD-001833,2026-06-10,CUST-00360,47.0,North,Marketplace,Automotive,Seat Covers,81.63,2,15,138.77,Debit Card,Returned,3.2
ORD-001834,2024-10-08,CUST-00202,68.0,North,Mobile App,Home & Kitchen,Bed Sheets,36.31,1,0,36.31,Crypto,Returned,4.9
ORD-001835,2025-06-23,CUST-00795,50.0,North,Website,Clothing,Polo Shirt,52.76,1,15,44.85,Debit Card,Completed,4.6
ORD-001836,2024-10-29,CUST-00766,48.0,East,In-Store,Automotive,Dash Cam,110.35,2,5,209.66,Debit Card,Completed,2.1
ORD-001837,2025-11-24,CUST-00735,50.0,North,Mobile App,Automotive,Car Phone Mount,45.35,1,0,45.35,Gift Card,Cancelled,2.4
ORD-001838,2026-03-11,CUST-00137,28.0,East,Website,Toys,LEGO Set,31.18,1,0,31.18,Debit Card,Pending,1.3
ORD-001839,2026-07-12,CUST-00365,63.0,West,Mobile App,Books,Python Programming,38.21,1,15,32.48,Credit Card,Completed,1.1
ORD-001840,2025-01-24,CUST-00579,22.0,South,Website,Automotive,Car Vacuum,43.36,1,0,43.36,PayPal,Pending,3.2
ORD-001841,2025-10-09,CUST-00102,65.0,South,Website,Electronics,Bluetooth Speaker,99.56,1,10,89.6,PayPal,Completed,3.3
ORD-001842,2026-06-11,CUST-00887,49.0,Central,Mobile App,Automotive,Dash Cam,121.88,1,25,91.41,Debit Card,Completed,
ORD-001843,2026-06-22,CUST-00853,30.0,South,Website,Sports,Resistance Bands,15.57,1,0,15.57,Credit Card,Completed,1.2
ORD-001844,2024-12-06,CUST-00391,28.0,South,Website,Sports,Jump Rope,20.62,1,0,20.62,Credit Card,Completed,3.8
ORD-001845,2025-07-25,CUST-00344,41.0,South,Website,Electronics,Smartwatch,349.35,1,0,349.35,Crypto,Completed,
ORD-001846,2024-11-09,CUST-00011,49.0,East,Mobile App,Books,Cook Book,56.82,1,10,51.14,Gift Card,Completed,
ORD-001847,2025-01-13,CUST-00989,67.0,North,Website,Books,Data Science Guide,21.24,3,15,54.16,Crypto,Completed,1.8
ORD-001848,2025-05-11,CUST-00210,59.0,Central,Marketplace,Electronics,USB-C Hub,25.72,1,0,25.72,Gift Card,Completed,4.5
ORD-001849,2025-09-22,CUST-00824,25.0,East,Website,Toys,Puzzle 1000pc,15.19,2,0,30.38,PayPal,Completed,5.0
ORD-001850,2024-12-15,CUST-00486,27.0,North,Mobile App,Home & Kitchen,Blender,165.85,2,25,248.77,PayPal,Completed,
ORD-001851,2026-04-20,CUST-00925,29.0,South,Website,Books,Business Mindset,17.18,1,15,14.6,Debit Card,Completed,1.6
ORD-001852,2026-06-15,CUST-00978,29.0,North,Mobile App,Books,Fiction Novel,12.59,4,0,50.36,PayPal,Completed,4.4
ORD-001853,2026-06-28,CUST-00431,,,Website,Toys,Doll Set,19.06,1,10,17.15,Debit Card,Cancelled,
ORD-001854,2026-04-29,CUST-00138,26.0,East,In-Store,Sports,Gym Bag,18.02,2,25,27.03,PayPal,Completed,2.5
ORD-001855,2026-08-17,CUST-00979,66.0,Central,Mobile App,Clothing,Running Shoes,86.0,3,0,258.0,Credit Card,Completed,4.5
ORD-001856,2026-04-19,CUST-00262,47.0,West,Mobile App,Sports,Gym Bag,51.1,1,20,40.88,Gift Card,Completed,
ORD-001857,2025-02-24,CUST-00276,53.0,East,Mobile App,Toys,LEGO Set,60.51,3,10,163.38,Credit Card,Completed,4.3
ORD-001858,2025-10-06,CUST-00299,54.0,Central,Marketplace,Clothing,Winter Coat,108.48,1,0,108.48,Debit Card,Completed,1.2
ORD-001859,2025-07-22,CUST-00131,46.0,South,Marketplace,Books,Cook Book,34.49,1,15,29.32,Debit Card,Completed,2.7
ORD-001860,2024-11-13,CUST-00989,18.0,Central,Mobile App,Electronics,Bluetooth Speaker,69.08,1,0,69.08,PayPal,Completed,
ORD-001861,2026-01-05,CUST-00745,31.0,West,Mobile App,Home & Kitchen,Air Fryer,139.79,1,0,139.79,Debit Card,Cancelled,2.3
ORD-001862,2025-07-13,CUST-00532,55.0,West,Website,Books,Python Programming,17.99,2,0,35.98,PayPal,Completed,2.8
ORD-001863,2025-06-23,CUST-00586,55.0,Central,In-Store,Clothing,Winter Coat,80.82,2,10,145.48,Credit Card,Completed,1.0
ORD-001864,2025-10-08,CUST-00156,61.0,South,Website,Clothing,Polo Shirt,44.6,1,15,37.91,Crypto,Completed,4.3
ORD-001865,2025-12-09,CUST-00815,48.0,East,Website,Automotive,Car Vacuum,35.58,3,0,106.74,Credit Card,Pending,3.2
ORD-001866,2025-08-21,CUST-00944,,,Marketplace,Sports,Jump Rope,8.67,1,0,8.67,Gift Card,Completed,
ORD-001867,2024-10-05,CUST-00099,62.0,Central,Marketplace,Clothing,Denim Jacket,138.61,3,0,415.83,PayPal,Completed,3.6
ORD-001868,2025-03-16,CUST-00986,18.0,East,Website,Sports,Water Bottle,17.23,3,15,43.94,Credit Card,Completed,4.4
ORD-001869,2025-08-13,CUST-00285,34.0,West,Mobile App,Clothing,Yoga Pants,35.17,1,15,29.89,Crypto,Completed,3.4
ORD-001870,2025-08-24,CUST-00415,59.0,West,Mobile App,Sports,Gym Bag,64.53,1,0,64.53,Credit Card,Completed,2.1
ORD-001871,2026-04-17,CUST-00094,67.0,Central,Website,Electronics,Smartwatch,264.27,1,10,237.84,Debit Card,Completed,3.4
ORD-001872,2025-08-01,CUST-00145,26.0,North,Mobile App,Sports,Yoga Mat,21.72,1,20,17.38,Gift Card,Cancelled,3.8
ORD-001873,2025-09-15,CUST-00995,19.0,South,Mobile App,Automotive,Dash Cam,120.52,1,5,114.49,Debit Card,Pending,5.0
ORD-001874,2026-04-12,CUST-00791,25.0,Central,In-Store,Electronics,Laptop Stand,25.33,2,10,45.59,Gift Card,Completed,
ORD-001875,2026-08-15,CUST-00998,20.0,East,Website,Toys,LEGO Set,72.13,3,15,183.93,Credit Card,Completed,2.6
ORD-001876,2025-04-16,CUST-00271,47.0,West,Mobile App,Electronics,USB-C Hub,42.57,3,0,127.71,Credit Card,Completed,3.1
ORD-001877,2025-01-16,CUST-00930,22.0,South,Website,Clothing,Running Shoes,33.02,1,20,26.42,Debit Card,Completed,3.5
ORD-001878,2026-06-04,CUST-00271,32.0,Central,Marketplace,Beauty,Face Serum,27.51,1,10,24.76,Credit Card,Completed,4.0
ORD-001879,2026-01-26,CUST-00897,58.0,East,Mobile App,Sports,Water Bottle,12.82,1,0,12.82,Debit Card,Pending,1.9
ORD-001880,2026-07-25,CUST-00637,31.0,North,Website,Sports,Jump Rope,18.25,1,0,18.25,Credit Card,Completed,4.2
ORD-001881,2025-10-22,CUST-00359,38.0,Central,In-Store,Sports,Jump Rope,19.45,2,0,38.9,Credit Card,Completed,1.7
ORD-001882,2025-03-23,CUST-00188,42.0,West,Mobile App,Clothing,Denim Jacket,92.17,4,10,331.81,Credit Card,Completed,3.8
ORD-001883,2026-04-09,CUST-00283,52.0,North,In-Store,Beauty,Lip Gloss Set,28.74,1,20,22.99,Gift Card,Cancelled,2.6
ORD-001884,2025-01-18,CUST-00639,41.0,East,Mobile App,Automotive,Car Vacuum,43.97,1,0,43.97,Credit Card,Completed,3.6
ORD-001885,2026-06-24,CUST-00826,33.0,Central,Website,Electronics,Wireless Earbuds,90.28,1,20,72.22,Gift Card,Completed,1.6
ORD-001886,2025-09-14,CUST-00315,39.0,West,Marketplace,Beauty,Perfume,97.9,1,5,93.0,Crypto,Completed,1.6
ORD-001887,2025-11-03,CUST-00168,69.0,East,Website,Toys,Board Game,50.94,1,15,43.3,Debit Card,Completed,3.8
ORD-001888,2026-02-26,CUST-00728,27.0,Central,Mobile App,Sports,Yoga Mat,32.17,2,0,64.34,Debit Card,Completed,
ORD-001889,2026-05-16,CUST-00240,69.0,East,Website,Automotive,Dash Cam,36.25,1,10,32.62,Gift Card,Returned,4.5
ORD-001890,2025-08-09,CUST-00821,24.0,West,Mobile App,Home & Kitchen,Air Fryer,133.95,1,0,133.95,Crypto,Completed,1.1
ORD-001891,2025-09-02,CUST-00900,19.0,East,Website,Clothing,Running Shoes,51.81,2,0,103.62,PayPal,Completed,2.0
ORD-001892,2025-12-03,CUST-00974,64.0,Central,Mobile App,Clothing,Polo Shirt,27.67,1,10,24.9,Debit Card,Completed,
ORD-001893,2025-02-04,CUST-00064,21.0,South,Website,Toys,LEGO Set,64.39,1,0,64.39,Crypto,Completed,3.4
ORD-001894,2025-09-14,CUST-00014,49.0,South,Website,Clothing,Running Shoes,99.38,1,0,99.38,Crypto,Returned,4.0
ORD-001895,2026-03-09,CUST-00569,27.0,West,Website,Clothing,Winter Coat,175.88,1,15,149.5,Credit Card,Cancelled,4.5
ORD-001896,2024-10-31,CUST-00740,70.0,Central,Website,Beauty,Hair Dryer,108.17,1,25,81.13,Gift Card,Completed,3.5
ORD-001897,2026-07-18,CUST-00079,19.0,South,In-Store,Beauty,Perfume,118.56,1,10,106.7,PayPal,Completed,3.8
ORD-001898,2025-12-20,CUST-00858,21.0,West,Mobile App,Automotive,Dash Cam,162.23,4,10,584.03,Credit Card,Completed,3.4
ORD-001899,2026-01-12,CUST-00437,27.0,North,Mobile App,Books,Cook Book,12.23,2,5,23.24,Gift Card,Completed,4.9
ORD-001900,2024-10-28,CUST-00603,32.0,West,Website,Home & Kitchen,Coffee Maker,122.34,1,20,97.87,Crypto,Completed,
ORD-001901,2024-10-29,CUST-00109,41.0,North,Website,Electronics,USB-C Hub,70.31,2,10,126.56,PayPal,Completed,3.9
ORD-001902,2025-09-10,CUST-00016,43.0,South,Mobile App,Beauty,Lip Gloss Set,30.09,1,10,27.08,PayPal,Completed,1.9
ORD-001903,2026-03-09,CUST-00600,47.0,North,Marketplace,Home & Kitchen,Coffee Maker,117.15,3,0,351.45,Crypto,Completed,3.2
ORD-001904,2025-04-13,CUST-00821,54.0,West,Mobile App,Sports,Jump Rope,12.75,2,0,25.5,PayPal,Completed,1.5
ORD-001905,2026-01-09,CUST-00119,18.0,West,Marketplace,Beauty,Moisturizer,13.32,1,0,13.32,Debit Card,Completed,
ORD-001906,2025-07-01,CUST-00978,25.0,Central,Marketplace,Books,Data Science Guide,33.04,2,25,49.56,Debit Card,Completed,4.0
ORD-001907,2024-09-30,CUST-00300,56.0,Central,Website,Books,Fiction Novel,9.81,1,10,8.83,Credit Card,Completed,4.0
ORD-001908,2026-04-24,CUST-00151,63.0,North,Website,Clothing,Running Shoes,55.51,1,0,55.51,Credit Card,Completed,4.1
ORD-001909,2024-10-29,CUST-00237,18.0,Central,Marketplace,Toys,Board Game,34.29,1,15,29.15,Debit Card,Completed,
ORD-001910,2026-02-04,CUST-00283,45.0,West,Mobile App,Beauty,Face Serum,44.99,1,20,35.99,Debit Card,Completed,3.3
ORD-001911,2025-12-03,CUST-00329,24.0,North,Website,Clothing,Yoga Pants,77.8,4,10,280.08,Credit Card,Cancelled,2.3
ORD-001912,2025-08-19,CUST-00510,20.0,Central,Website,Home & Kitchen,Coffee Maker,101.07,6,15,515.46,PayPal,Completed,4.8
ORD-001913,2025-12-14,CUST-00158,35.0,East,Marketplace,Automotive,Dash Cam,103.97,2,5,197.54,Crypto,Completed,2.5
ORD-001914,2025-08-22,CUST-00067,41.0,West,Website,Toys,Puzzle 1000pc,25.12,2,0,50.24,Crypto,Completed,2.9
ORD-001915,2025-12-09,CUST-00657,32.0,South,Mobile App,Toys,Board Game,72.3,1,5,68.68,Credit Card,Completed,2.2
ORD-001916,2026-04-17,CUST-00075,,East,Mobile App,Electronics,Smartwatch,310.76,1,0,310.76,PayPal,Completed,
ORD-001917,2025-01-22,CUST-00702,37.0,Central,Mobile App,Home & Kitchen,Knife Set,28.54,1,15,-24.26,Debit Card,Cancelled,3.1
ORD-001918,2025-07-10,CUST-00011,22.0,West,Mobile App,Electronics,USB-C Hub,42.87,1,0,42.87,Crypto,Completed,
ORD-001919,2025-05-20,CUST-00943,51.0,West,Mobile App,Books,Business Mindset,16.05,1,10,-14.45,Debit Card,Completed,
ORD-001920,2025-06-25,CUST-00417,61.0,North,Marketplace,Toys,Doll Set,57.29,1,10,51.56,Gift Card,Cancelled,2.6
ORD-001921,2025-06-01,CUST-00380,56.0,South,Website,Books,Data Science Guide,20.13,1,5,19.12,PayPal,Returned,4.8
ORD-001922,2024-09-24,CUST-00086,30.0,East,Mobile App,Home & Kitchen,Bed Sheets,36.1,2,5,68.59,Crypto,Completed,1.0
ORD-001923,2025-08-20,CUST-00513,22.0,Central,Marketplace,Beauty,Lip Gloss Set,21.26,1,15,18.07,Crypto,Completed,1.6
ORD-001924,2025-05-30,CUST-00151,64.0,South,Mobile App,Electronics,Smartwatch,313.52,1,10,282.17,Crypto,Completed,
ORD-001925,2026-06-19,CUST-00967,59.0,South,Mobile App,Books,Data Science Guide,20.21,5,0,101.05,Credit Card,Completed,4.3
ORD-001926,2025-09-01,CUST-00110,36.0,West,Website,Automotive,Tire Inflator,68.85,1,25,51.64,PayPal,Completed,
ORD-001927,2025-01-23,CUST-00034,55.0,East,Website,Sports,Gym Bag,28.15,1,10,25.34,Credit Card,Returned,1.0
ORD-001928,2025-12-02,CUST-00424,61.0,Central,Marketplace,Home & Kitchen,Coffee Maker,53.68,1,0,53.68,Credit Card,Completed,2.1
ORD-001929,2024-12-22,CUST-00433,31.0,Central,Website,Toys,Board Game,55.71,3,0,167.13,Credit Card,Completed,4.0
ORD-001930,2026-01-24,CUST-00798,29.0,North,Marketplace,Clothing,Polo Shirt,39.6,5,5,188.1,Credit Card,Pending,1.8
ORD-001931,2026-06-17,CUST-00386,68.0,Central,Website,Toys,Puzzle 1000pc,17.14,1,20,13.71,Credit Card,Cancelled,3.3
ORD-001932,2025-02-09,CUST-00006,34.0,Central,Website,Automotive,Tire Inflator,64.04,2,20,102.46,Gift Card,Completed,4.7
ORD-001933,2025-02-23,CUST-00628,62.0,Central,Website,Electronics,Smartwatch,236.14,1,10,212.53,Gift Card,Completed,1.5
ORD-001934,2026-09-14,CUST-00164,67.0,Central,Website,Home & Kitchen,Bed Sheets,34.88,1,20,27.9,Crypto,Completed,2.2
ORD-001935,2026-08-03,CUST-00430,59.0,West,Website,Toys,LEGO Set,34.41,8,5,261.52,PayPal,Returned,1.7
ORD-001936,2026-05-03,CUST-00272,52.0,Central,Marketplace,Sports,Water Bottle,30.95,1,10,27.86,Gift Card,Completed,1.0
ORD-001937,2026-03-03,CUST-00508,24.0,East,Marketplace,Toys,Board Game,38.11,1,5,36.2,Credit Card,Completed,3.7
ORD-001938,2024-09-23,CUST-00080,34.0,East,Marketplace,Home & Kitchen,Blender,37.0,2,0,74.0,PayPal,Cancelled,1.1
ORD-001939,2026-09-20,CUST-00357,20.0,South,Website,Electronics,Bluetooth Speaker,57.85,3,20,138.84,Debit Card,Completed,2.4
ORD-001940,2025-10-31,CUST-00353,61.0,North,Website,Home & Kitchen,Knife Set,101.72,1,15,86.46,Debit Card,Pending,
ORD-001941,2026-06-13,CUST-00833,67.0,Central,Marketplace,Electronics,Smartwatch,355.59,1,10,320.03,PayPal,Completed,1.8
ORD-001942,2026-04-26,CUST-00253,52.0,West,In-Store,Books,Data Science Guide,42.82,1,0,42.82,Gift Card,Completed,
ORD-001943,2025-01-26,CUST-00661,55.0,South,Website,Electronics,Laptop Stand,39.23,1,15,33.35,PayPal,Completed,
ORD-001944,2025-05-21,CUST-00403,21.0,East,In-Store,Electronics,USB-C Hub,53.1,1,15,45.13,Gift Card,Completed,
ORD-001945,2025-07-10,CUST-00203,18.0,North,Mobile App,Clothing,Denim Jacket,68.91,2,5,130.93,PayPal,Completed,1.3
ORD-001946,2025-04-04,CUST-00657,26.0,North,Mobile App,Toys,Remote Car,47.36,1,20,37.89,Crypto,Completed,1.4
ORD-001947,2026-06-29,CUST-00103,48.0,West,Website,Home & Kitchen,Bed Sheets,54.01,2,15,91.82,Crypto,Completed,4.8
ORD-001948,2025-07-13,CUST-00940,19.0,West,Website,Beauty,Moisturizer,47.3,1,10,42.57,Credit Card,Cancelled,
ORD-001949,2026-04-26,CUST-00028,38.0,North,Mobile App,Toys,LEGO Set,49.85,3,15,127.12,Debit Card,Completed,4.6
ORD-001950,2024-11-16,CUST-00109,35.0,North,Website,Home & Kitchen,Knife Set,32.35,1,0,32.35,Debit Card,Cancelled,2.3
ORD-001951,2026-08-22,CUST-00307,47.0,South,Mobile App,Books,Data Science Guide,21.71,1,10,19.54,Credit Card,Completed,4.7
ORD-001952,2024-12-20,CUST-00384,70.0,East,Marketplace,Home & Kitchen,Knife Set,91.67,3,25,206.26,Debit Card,Pending,1.9
ORD-001953,2026-05-13,CUST-00113,45.0,Central,Website,Sports,Water Bottle,24.22,1,10,21.8,Credit Card,Completed,3.0
ORD-001954,2025-06-16,CUST-00214,40.0,South,Marketplace,Automotive,Tire Inflator,88.07,1,0,88.07,Gift Card,Completed,2.4
ORD-001955,2026-06-13,CUST-00682,68.0,East,In-Store,Electronics,Smartwatch,201.09,1,15,170.93,PayPal,Completed,3.5
ORD-001956,2024-11-19,CUST-00555,43.0,South,In-Store,Beauty,Hair Dryer,84.21,3,15,214.74,PayPal,Completed,2.9
ORD-001957,2025-12-24,CUST-00494,58.0,South,Mobile App,Home & Kitchen,Air Fryer,261.68,1,0,261.68,Debit Card,Completed,4.4
ORD-001958,2026-04-05,CUST-00173,24.0,Central,Website,Beauty,Perfume,31.63,10,10,284.67,Debit Card,Cancelled,
ORD-001959,2025-11-25,CUST-00651,66.0,West,Website,Home & Kitchen,Knife Set,101.85,3,10,274.99,PayPal,Completed,1.8
ORD-001960,2026-01-25,CUST-00969,54.0,South,Marketplace,Sports,Resistance Bands,20.57,1,0,20.57,Debit Card,Cancelled,
ORD-001961,2025-03-19,CUST-00720,39.0,West,Website,Home & Kitchen,Blender,28.78,1,0,28.78,Crypto,Completed,1.0
ORD-001962,2025-06-29,CUST-00069,65.0,West,Marketplace,Electronics,Bluetooth Speaker,76.55,1,0,76.55,Credit Card,Completed,1.3
ORD-001963,2025-04-12,CUST-00206,55.0,Central,Mobile App,Clothing,Winter Coat,99.73,2,5,189.49,Debit Card,Completed,1.4
ORD-001964,2025-08-08,CUST-00430,35.0,North,In-Store,Books,Cook Book,40.42,2,10,72.76,Debit Card,Completed,2.3
ORD-001965,2025-05-13,CUST-00851,51.0,North,Mobile App,Toys,LEGO Set,84.83,2,15,144.21,Crypto,Cancelled,1.9
ORD-001966,2025-09-12,CUST-00475,32.0,South,Website,Beauty,Face Serum,19.84,1,5,18.85,Crypto,Completed,3.6
ORD-001967,2024-12-01,CUST-00806,37.0,West,Website,Clothing,Denim Jacket,205.69,1,20,164.55,Gift Card,Completed,4.9
ORD-001968,2025-12-29,CUST-00283,42.0,East,Website,Home & Kitchen,Coffee Maker,185.36,1,5,176.09,Debit Card,Completed,3.6
ORD-001969,2025-04-06,CUST-00771,20.0,North,Mobile App,Beauty,Lip Gloss Set,28.71,1,20,22.97,Debit Card,Returned,1.7
ORD-001970,2024-12-27,CUST-00879,49.0,East,Website,Sports,Jump Rope,27.41,3,5,78.12,Gift Card,Completed,4.3
ORD-001971,2024-10-18,CUST-00904,67.0,South,Website,Books,Data Science Guide,32.0,2,0,64.0,Debit Card,Completed,2.1
ORD-001972,2025-01-01,CUST-00800,66.0,East,Marketplace,Automotive,Dash Cam,44.86,1,5,42.62,Gift Card,Returned,
ORD-001973,2026-07-07,CUST-00549,53.0,East,Marketplace,Electronics,Smartwatch,217.01,2,0,434.02,Crypto,Returned,
ORD-001974,2025-06-03,CUST-00529,18.0,West,Marketplace,Electronics,Laptop Stand,62.85,1,0,62.85,PayPal,Completed,
ORD-001975,2026-07-18,CUST-00907,38.0,East,Mobile App,Beauty,Moisturizer,39.42,1,5,37.45,PayPal,Completed,2.1
ORD-001976,2025-10-06,CUST-00547,44.0,North,Website,Electronics,Wireless Earbuds,117.87,1,0,117.87,Crypto,Completed,3.6
ORD-001977,2025-01-18,CUST-00929,52.0,Central,Website,Clothing,Yoga Pants,25.27,3,10,68.23,Debit Card,Completed,2.5
ORD-001978,2026-02-16,CUST-00425,68.0,West,Website,Automotive,Seat Covers,53.37,2,0,106.74,Crypto,Completed,4.7
ORD-001979,2026-07-10,CUST-00090,27.0,Central,Website,Clothing,Yoga Pants,60.85,1,20,48.68,Gift Card,Completed,4.8
ORD-001980,2025-03-20,CUST-00864,47.0,North,Website,Automotive,Tire Inflator,75.77,2,0,151.54,Gift Card,Completed,
ORD-001981,2025-01-04,CUST-00422,45.0,West,Website,Toys,LEGO Set,32.73,1,0,32.73,Credit Card,Completed,2.1
ORD-001982,2025-03-01,CUST-00451,53.0,South,Website,Books,Data Science Guide,15.2,1,5,14.44,Crypto,Completed,4.6
ORD-001983,2026-03-08,CUST-00910,46.0,West,In-Store,Home & Kitchen,Coffee Maker,94.55,1,5,89.82,PayPal,Completed,4.1
ORD-001984,2026-04-21,CUST-00693,31.0,Central,Marketplace,Toys,Board Game,20.16,2,15,34.27,Credit Card,Completed,3.3
ORD-001985,2025-07-25,CUST-00890,58.0,Central,Marketplace,Sports,Resistance Bands,32.44,2,10,58.39,Crypto,Completed,4.2
ORD-001986,2025-04-06,CUST-00585,59.0,South,Website,Beauty,Face Serum,60.04,2,10,108.07,Credit Card,Completed,
ORD-001987,2026-05-11,CUST-00741,43.0,West,Website,Toys,LEGO Set,59.29,2,5,112.65,Crypto,Completed,4.1
ORD-001988,2026-02-04,CUST-00901,57.0,North,Mobile App,Home & Kitchen,Blender,74.18,2,10,133.52,Gift Card,Completed,3.0
ORD-001989,2026-04-22,CUST-00503,67.0,North,Mobile App,Clothing,Winter Coat,185.97,1,20,148.78,Crypto,Completed,4.1
ORD-001990,2026-05-17,CUST-00945,28.0,North,Mobile App,Books,Cook Book,15.12,2,15,25.7,PayPal,Completed,3.3
ORD-001991,2025-03-13,CUST-00704,61.0,South,In-Store,Electronics,Smartwatch,251.51,2,10,452.72,Credit Card,Completed,2.3
ORD-001992,2025-11-08,CUST-00626,39.0,West,Mobile App,Electronics,Wireless Earbuds,100.4,2,15,170.68,Crypto,Completed,
ORD-001993,2024-09-28,CUST-00622,35.0,Central,Website,Automotive,Dash Cam,38.21,3,0,114.63,PayPal,Completed,4.0
ORD-001994,2026-07-19,CUST-00711,18.0,North,Mobile App,Books,Python Programming,41.38,2,15,70.35,Gift Card,Completed,4.4
ORD-001995,2025-08-13,CUST-00228,21.0,North,Website,Toys,Puzzle 1000pc,38.71,2,0,77.42,Gift Card,Completed,4.6
ORD-001996,2025-02-04,CUST-00791,18.0,Central,In-Store,Clothing,Polo Shirt,28.78,3,0,86.34,Debit Card,Cancelled,1.4
ORD-001997,2025-11-01,CUST-00056,21.0,Central,In-Store,Books,Cook Book,49.42,1,0,49.42,Crypto,Completed,
ORD-001998,2026-03-18,CUST-00531,53.0,North,Mobile App,Books,Python Programming,26.37,1,10,23.73,Crypto,Completed,4.8
ORD-001999,2026-07-03,CUST-00335,39.0,North,Mobile App,Home & Kitchen,Knife Set,90.97,1,15,77.32,Credit Card,Completed,3.6
ORD-002000,2025-10-27,CUST-00430,42.0,Central,Website,Home & Kitchen,Bed Sheets,72.64,1,0,72.64,Gift Card,Completed,4.5
ORD-002001,2026-05-22,CUST-00136,,,Mobile App,Clothing,Denim Jacket,101.69,1,5,96.61,Gift Card,Completed,
ORD-002002,2026-02-21,CUST-00180,42.0,West,Website,Clothing,Polo Shirt,11.41,1,15,9.7,PayPal,Completed,4.2
ORD-002003,2026-05-16,CUST-00842,60.0,West,Marketplace,Home & Kitchen,Knife Set,42.05,1,10,37.84,Credit Card,Completed,2.2
ORD-002004,2025-12-27,CUST-00221,47.0,West,Mobile App,Home & Kitchen,Knife Set,52.78,1,20,42.22,Gift Card,Completed,4.8
ORD-002005,2025-03-31,CUST-00273,18.0,Central,Mobile App,Beauty,Moisturizer,12.32,1,10,11.09,Credit Card,Completed,4.0
ORD-002006,2026-05-25,CUST-00865,66.0,East,Website,Home & Kitchen,Knife Set,35.44,1,5,33.67,PayPal,Completed,2.0
ORD-002007,2025-05-14,CUST-00798,50.0,East,Mobile App,Clothing,Winter Coat,196.72,1,15,167.21,Debit Card,Cancelled,2.1
ORD-002008,2026-06-21,CUST-00463,30.0,West,Website,Home & Kitchen,Air Fryer,109.32,1,15,92.92,PayPal,Completed,2.6
ORD-002009,2026-03-02,CUST-00827,26.0,West,Mobile App,Home & Kitchen,Coffee Maker,65.08,2,5,123.65,Gift Card,Pending,3.3
ORD-002010,2024-11-25,CUST-00992,29.0,South,Website,Beauty,Hair Dryer,62.77,2,15,106.71,Credit Card,Pending,3.1
ORD-002011,2026-06-20,CUST-00394,30.0,West,Website,Home & Kitchen,Bed Sheets,61.64,1,0,61.64,Crypto,Pending,2.6
ORD-002012,2025-08-30,CUST-00912,64.0,Central,Mobile App,Beauty,Lip Gloss Set,25.26,1,10,22.73,Debit Card,Completed,4.2
ORD-002013,2026-02-20,CUST-00489,67.0,West,Mobile App,Books,Data Science Guide,19.41,1,10,17.47,Crypto,Completed,1.7
ORD-002014,2026-05-17,CUST-00538,30.0,South,Website,Toys,LEGO Set,42.82,1,0,42.82,PayPal,Cancelled,1.4
ORD-002015,2026-01-03,CUST-00413,60.0,North,Website,Books,Fiction Novel,6.61,2,25,9.92,Credit Card,Completed,
ORD-002016,2025-04-18,CUST-00765,36.0,North,In-Store,Automotive,Tire Inflator,34.23,1,10,30.81,PayPal,Completed,4.4
ORD-002017,2025-12-11,CUST-00529,20.0,Central,Mobile App,Clothing,Denim Jacket,112.87,1,0,112.87,Debit Card,Cancelled,2.9
ORD-002018,2025-03-20,CUST-00164,21.0,South,Website,Toys,Board Game,38.65,1,5,36.72,Credit Card,Completed,3.6
ORD-002019,2026-09-11,CUST-00584,34.0,West,In-Store,Home & Kitchen,Coffee Maker,66.9,2,0,133.8,Crypto,Completed,3.5
ORD-002020,2025-05-20,CUST-00848,26.0,Central,In-Store,Toys,Remote Car,67.43,1,10,60.69,Credit Card,Completed,2.6
ORD-002021,2024-12-23,CUST-00644,39.0,North,Mobile App,Electronics,Wireless Earbuds,154.22,1,5,146.51,Crypto,Completed,2.7
ORD-002022,2025-11-20,CUST-00751,34.0,East,Marketplace,Automotive,Dash Cam,160.35,1,10,144.31,Credit Card,Completed,2.2
ORD-002023,2025-05-17,CUST-00673,49.0,South,Mobile App,Clothing,Denim Jacket,64.83,3,25,145.87,Gift Card,Completed,1.1
ORD-002024,2025-10-04,CUST-00509,20.0,East,Website,Automotive,Tire Inflator,48.13,1,0,48.13,Crypto,Completed,3.7
ORD-002025,2025-11-16,CUST-00598,20.0,Central,Marketplace,Home & Kitchen,Knife Set,112.67,1,15,95.77,Gift Card,Completed,1.8
ORD-002026,2025-02-09,CUST-00873,49.0,East,Website,Books,Business Mindset,21.12,1,15,17.95,Crypto,Completed,4.1
ORD-002027,2025-12-17,CUST-00426,62.0,South,Marketplace,Toys,LEGO Set,93.27,4,25,279.81,PayPal,Pending,4.5
ORD-002028,2026-01-31,CUST-00623,40.0,North,Marketplace,Automotive,Tire Inflator,36.75,3,15,93.71,Credit Card,Pending,4.4
ORD-002029,2024-11-28,CUST-00171,20.0,Central,Mobile App,Clothing,Polo Shirt,60.16,1,25,45.12,Credit Card,Completed,4.9
ORD-002030,2026-05-23,CUST-00353,46.0,East,Mobile App,Clothing,Winter Coat,193.6,1,10,174.24,Credit Card,Completed,2.3
ORD-002031,2025-12-10,CUST-00686,49.0,East,Website,Sports,Water Bottle,43.83,2,10,78.89,Credit Card,Cancelled,
ORD-002032,2025-05-27,CUST-00252,35.0,North,Marketplace,Automotive,Car Phone Mount,10.37,1,0,10.37,PayPal,Cancelled,
ORD-002033,2025-08-20,CUST-00560,67.0,South,Website,Electronics,Smartwatch,280.26,2,15,476.44,Gift Card,Completed,2.5
ORD-002034,2025-08-03,CUST-00841,46.0,Central,Mobile App,Home & Kitchen,Air Fryer,93.4,2,5,177.46,PayPal,Completed,1.1
ORD-002035,2026-01-14,CUST-00715,31.0,East,Website,Electronics,Smartwatch,151.57,3,0,454.71,Crypto,Completed,3.4
ORD-002036,2025-03-31,CUST-00057,50.0,South,Mobile App,Books,Business Mindset,25.75,8,0,206.0,Crypto,Completed,3.0
ORD-002037,2026-09-06,CUST-00989,61.0,Central,Mobile App,Electronics,USB-C Hub,42.15,2,10,75.87,Credit Card,Completed,
ORD-002038,2025-08-30,CUST-00860,69.0,East,Marketplace,Clothing,Winter Coat,198.88,1,0,198.88,Credit Card,Completed,4.6
ORD-002039,2024-10-19,CUST-00283,60.0,Central,Website,Toys,Puzzle 1000pc,16.29,1,5,15.48,Credit Card,Completed,2.0
ORD-002040,2026-07-11,CUST-00303,48.0,West,Marketplace,Clothing,Running Shoes,91.9,1,5,87.31,Debit Card,Completed,3.4
ORD-002041,2025-05-03,CUST-00729,,East,Website,Electronics,USB-C Hub,39.48,1,0,39.48,Credit Card,Cancelled,
ORD-002042,2024-09-30,CUST-00400,68.0,North,Marketplace,Books,Python Programming,29.01,1,0,29.01,Gift Card,Completed,2.1
ORD-002043,2025-07-23,CUST-00418,32.0,South,Website,Automotive,Tire Inflator,104.84,1,0,104.84,Gift Card,Completed,
ORD-002044,2025-03-31,CUST-00548,31.0,East,Website,Electronics,Smartwatch,258.97,1,0,258.97,PayPal,Completed,2.8
ORD-002045,2024-11-02,CUST-00833,41.0,North,Website,Toys,Doll Set,47.92,1,5,45.52,Credit Card,Completed,4.3
ORD-002046,2026-07-23,CUST-00090,31.0,West,Website,Electronics,Smartwatch,334.19,3,20,802.06,Credit Card,Completed,1.0
ORD-002047,2025-07-10,CUST-00825,34.0,South,Mobile App,Electronics,Bluetooth Speaker,51.03,1,0,51.03,Debit Card,Completed,
ORD-002048,2025-04-23,CUST-00472,70.0,East,Mobile App,Beauty,Moisturizer,39.09,1,15,33.23,Gift Card,Completed,3.3
ORD-002049,2026-04-27,CUST-00547,36.0,West,Website,Home & Kitchen,Bed Sheets,23.55,1,10,21.2,Crypto,Completed,3.0
ORD-002050,2025-03-06,CUST-00605,36.0,South,Website,Beauty,Perfume,82.42,1,25,61.81,PayPal,Completed,2.1
ORD-002051,2024-10-27,CUST-00017,31.0,Central,Website,Beauty,Moisturizer,41.93,2,0,83.86,Gift Card,Completed,2.4
ORD-002052,2025-10-23,CUST-00416,57.0,South,Marketplace,Sports,Water Bottle,31.43,1,5,29.86,Gift Card,Returned,1.5
ORD-002053,2024-10-19,CUST-00013,52.0,South,In-Store,Automotive,Car Phone Mount,21.39,1,5,20.32,Crypto,Completed,1.6
ORD-002054,2024-11-17,CUST-00885,22.0,South,Marketplace,Toys,LEGO Set,76.15,1,0,76.15,Crypto,Completed,4.2
ORD-002055,2026-06-18,CUST-00978,23.0,South,Mobile App,Beauty,Hair Dryer,52.39,1,0,52.39,Credit Card,Completed,3.5
ORD-002056,2026-02-15,CUST-00056,34.0,East,Mobile App,Toys,Puzzle 1000pc,22.52,1,5,21.39,Gift Card,Completed,
ORD-002057,2025-01-01,CUST-00315,41.0,West,Mobile App,Sports,Yoga Mat,17.09,1,10,15.38,Credit Card,Completed,3.9
ORD-002058,2025-05-21,CUST-00962,65.0,West,Mobile App,Books,Python Programming,34.92,2,5,66.35,PayPal,Completed,
ORD-002059,2026-01-10,CUST-00446,25.0,East,Marketplace,Clothing,Winter Coat,131.83,1,10,118.65,Crypto,Completed,2.6
ORD-002060,2024-11-25,CUST-00507,61.0,East,Mobile App,Books,Data Science Guide,65.78,1,15,55.91,Gift Card,Completed,1.0
ORD-002061,2026-09-12,CUST-00764,59.0,West,Marketplace,Automotive,Car Phone Mount,31.5,2,25,47.25,Credit Card,Completed,1.0
ORD-002062,2024-10-28,CUST-00369,56.0,West,Mobile App,Clothing,Winter Coat,122.71,1,0,122.71,Debit Card,Completed,3.8
ORD-002063,2025-05-01,CUST-00580,33.0,West,Website,Automotive,Dash Cam,113.83,2,0,227.66,Credit Card,Completed,1.5
ORD-002064,2026-03-17,CUST-00472,33.0,West,Mobile App,Home & Kitchen,Bed Sheets,68.61,1,20,54.89,Gift Card,Completed,2.8
ORD-002065,2025-10-01,CUST-00668,24.0,South,Website,Home & Kitchen,Coffee Maker,128.16,1,20,102.53,Debit Card,Completed,
ORD-002066,2025-07-18,CUST-00234,22.0,South,Mobile App,Sports,Yoga Mat,18.83,1,10,16.95,PayPal,Completed,3.0
ORD-002067,2025-06-26,CUST-00340,42.0,East,Marketplace,Home & Kitchen,Blender,35.77,1,10,32.19,PayPal,Returned,1.5
ORD-002068,2025-01-19,CUST-00624,18.0,Central,Website,Electronics,USB-C Hub,25.33,1,10,22.8,Gift Card,Pending,
ORD-002069,2026-09-12,CUST-00159,26.0,South,Marketplace,Toys,Board Game,51.67,3,0,155.01,Crypto,Pending,1.6
ORD-002070,2025-07-24,CUST-00962,43.0,North,Mobile App,Automotive,Tire Inflator,65.86,2,0,131.72,Gift Card,Completed,
ORD-002071,2025-12-30,CUST-00822,39.0,West,Website,Toys,Board Game,70.73,2,0,141.46,Gift Card,Completed,4.2
ORD-002072,2025-01-23,CUST-00139,21.0,East,Website,Beauty,Moisturizer,30.15,3,15,76.88,Credit Card,Completed,2.2
ORD-002073,2025-07-13,CUST-00890,41.0,West,Mobile App,Home & Kitchen,Bed Sheets,44.69,1,10,40.22,PayPal,Completed,2.7
ORD-002074,2026-08-15,CUST-00041,68.0,South,Marketplace,Electronics,USB-C Hub,61.52,1,0,61.52,Debit Card,Returned,2.4
ORD-002075,2024-12-29,CUST-00290,51.0,Central,Mobile App,Toys,Board Game,84.54,1,15,71.86,PayPal,Completed,1.8
ORD-002076,2026-09-13,CUST-00497,56.0,Central,Marketplace,Books,Fiction Novel,18.89,1,10,17.0,PayPal,Returned,1.3
ORD-002077,2026-01-21,CUST-00323,70.0,East,Website,Toys,LEGO Set,48.44,2,10,87.19,PayPal,Completed,1.8
ORD-002078,2025-12-20,CUST-00764,24.0,South,In-Store,Toys,Puzzle 1000pc,32.49,3,0,97.47,PayPal,Cancelled,
ORD-002079,2024-11-30,CUST-00547,32.0,North,Mobile App,Home & Kitchen,Blender,110.22,1,20,88.18,Credit Card,Completed,4.7
ORD-002080,2025-01-29,CUST-00702,51.0,West,Mobile App,Sports,Yoga Mat,10.63,1,0,-10.63,Debit Card,Completed,
ORD-002081,2025-12-17,CUST-00952,50.0,South,Website,Sports,Jump Rope,15.2,1,15,12.92,Crypto,Completed,1.3
ORD-002082,2026-09-16,CUST-00560,21.0,West,Website,Home & Kitchen,Coffee Maker,51.87,2,10,93.37,Gift Card,Pending,2.6
ORD-002083,2025-03-28,CUST-00741,56.0,East,Mobile App,Toys,LEGO Set,79.25,1,0,79.25,PayPal,Completed,4.9
ORD-002084,2026-05-10,CUST-00528,61.0,West,Mobile App,Sports,Jump Rope,4.83,1,10,4.35,Gift Card,Completed,2.5
ORD-002085,2025-11-29,CUST-00456,27.0,South,Website,Books,Python Programming,58.46,1,20,46.77,Credit Card,Completed,3.3
ORD-002086,2025-11-04,CUST-00102,35.0,West,Website,Toys,LEGO Set,69.96,1,0,69.96,PayPal,Completed,2.6
ORD-002087,2024-10-21,CUST-00409,29.0,East,Website,Beauty,Lip Gloss Set,29.3,1,10,26.37,PayPal,Cancelled,5.0
ORD-002088,2026-05-09,CUST-00054,26.0,West,Mobile App,Sports,Jump Rope,10.32,1,0,10.32,PayPal,Completed,4.2
ORD-002089,2025-09-09,CUST-00362,22.0,East,Website,Sports,Yoga Mat,29.53,1,5,28.05,Debit Card,Completed,2.2
ORD-002090,2025-09-17,CUST-00854,67.0,South,Website,Automotive,Seat Covers,24.05,3,15,61.33,Crypto,Cancelled,1.1
ORD-002091,2026-06-30,CUST-00748,57.0,North,Mobile App,Books,Business Mindset,34.98,2,20,55.97,Debit Card,Completed,
ORD-002092,2025-10-21,CUST-00659,57.0,West,Website,Sports,Water Bottle,13.37,1,0,13.37,Credit Card,Returned,1.2
ORD-002093,2026-07-02,CUST-00285,70.0,North,Website,Books,Python Programming,51.88,2,15,88.2,Gift Card,Completed,3.6
ORD-002094,2025-11-15,CUST-00841,35.0,Central,Marketplace,Automotive,Car Vacuum,57.51,1,15,48.88,Debit Card,Returned,1.6
ORD-002095,2026-09-13,CUST-00540,66.0,North,Website,Clothing,Denim Jacket,72.03,3,10,194.48,Credit Card,Completed,4.1
ORD-002096,2025-08-02,CUST-00015,55.0,Central,Website,Automotive,Seat Covers,89.21,1,25,66.91,Debit Card,Completed,4.6
ORD-002097,2026-07-16,CUST-00173,32.0,Central,Website,Electronics,Smartwatch,311.18,2,5,591.24,Debit Card,Completed,1.2
ORD-002098,2026-01-28,CUST-00782,37.0,South,Website,Clothing,Yoga Pants,49.4,1,10,44.46,PayPal,Completed,2.9
ORD-002099,2026-06-12,CUST-00451,25.0,West,Mobile App,Home & Kitchen,Air Fryer,91.83,1,10,82.65,Gift Card,Completed,2.5
ORD-002100,2025-12-10,CUST-00274,56.0,Central,Marketplace,Sports,Yoga Mat,60.97,2,5,115.84,Debit Card,Completed,3.9
ORD-002101,2025-09-10,CUST-00826,45.0,East,Website,Beauty,Hair Dryer,86.01,2,10,154.82,Crypto,Completed,1.9
ORD-002102,2026-07-17,CUST-00638,24.0,East,Website,Electronics,Laptop Stand,67.98,1,5,64.58,Crypto,Returned,3.1
ORD-002103,2024-11-30,CUST-00187,69.0,Central,Website,Automotive,Dash Cam,152.07,1,5,144.47,Credit Card,Completed,3.1
ORD-002104,2026-04-11,CUST-00798,53.0,South,Marketplace,Clothing,Polo Shirt,33.44,3,0,100.32,PayPal,Returned,2.7
ORD-002105,2026-02-10,CUST-00472,19.0,South,Website,Electronics,USB-C Hub,43.16,1,0,43.16,Crypto,Completed,4.8
ORD-002106,2026-05-08,CUST-00587,52.0,North,Website,Home & Kitchen,Coffee Maker,51.62,4,10,185.83,Crypto,Completed,4.2
ORD-002107,2026-08-14,CUST-00830,46.0,West,In-Store,Automotive,Car Phone Mount,30.13,1,10,27.12,Gift Card,Completed,3.5
ORD-002108,2025-09-24,CUST-00538,65.0,North,In-Store,Toys,Puzzle 1000pc,19.75,2,0,39.5,Gift Card,Completed,4.4
ORD-002109,2026-08-04,CUST-00067,56.0,East,Mobile App,Books,Cook Book,29.94,1,5,28.44,Credit Card,Completed,3.0
ORD-002110,2025-01-15,CUST-00518,19.0,East,Mobile App,Toys,Remote Car,31.01,2,10,55.82,Crypto,Completed,4.4
ORD-002111,2026-03-15,CUST-00409,53.0,North,Website,Automotive,Tire Inflator,28.44,1,0,28.44,Gift Card,Completed,4.0
ORD-002112,2025-12-08,CUST-00553,69.0,Central,Mobile App,Clothing,Denim Jacket,198.26,1,10,178.43,Credit Card,Completed,
ORD-002113,2026-01-21,CUST-00733,67.0,Central,Website,Electronics,USB-C Hub,14.25,1,5,13.54,Credit Card,Completed,1.9
ORD-002114,2025-02-07,CUST-00622,56.0,South,Website,Home & Kitchen,Blender,53.4,1,5,50.73,Gift Card,Completed,3.6
ORD-002115,2025-04-19,CUST-00431,32.0,West,Website,Automotive,Car Phone Mount,14.69,2,5,27.91,Gift Card,Completed,4.1
ORD-002116,2025-10-13,CUST-00820,31.0,West,Mobile App,Books,Business Mindset,24.11,1,5,22.9,Credit Card,Completed,3.6
ORD-002117,2024-10-13,CUST-00698,57.0,East,Mobile App,Clothing,Yoga Pants,45.61,1,10,41.05,Credit Card,Completed,3.1
ORD-002118,2025-10-04,CUST-00270,22.0,North,Website,Books,Fiction Novel,13.92,1,15,11.83,Gift Card,Completed,
ORD-002119,2025-09-01,CUST-00053,30.0,North,Marketplace,Sports,Yoga Mat,27.44,1,5,26.07,Debit Card,Pending,4.4
ORD-002120,2026-06-01,CUST-00643,46.0,West,Marketplace,Toys,Doll Set,64.55,1,0,64.55,Gift Card,Completed,3.3
ORD-002121,2026-06-29,CUST-00904,50.0,South,Website,Automotive,Car Vacuum,42.32,7,0,296.24,PayPal,Returned,2.4
ORD-002122,2026-07-06,CUST-00830,37.0,East,Website,Sports,Water Bottle,20.08,2,5,38.15,Debit Card,Returned,4.4
ORD-002123,2025-05-01,CUST-00628,55.0,East,Mobile App,Electronics,Wireless Earbuds,82.98,1,20,66.38,Crypto,Completed,1.5
ORD-002124,2025-10-26,CUST-00616,65.0,South,Mobile App,Automotive,Seat Covers,59.89,1,20,47.91,Debit Card,Completed,3.2
ORD-002125,2024-12-08,CUST-00340,29.0,Central,Website,Books,Python Programming,31.66,1,15,26.91,PayPal,Completed,1.9
ORD-002126,2026-05-05,CUST-00382,19.0,North,Mobile App,Sports,Yoga Mat,28.72,2,25,43.08,PayPal,Completed,4.2
ORD-002127,2026-02-18,CUST-00867,65.0,West,Marketplace,Automotive,Dash Cam,47.44,1,15,40.32,Crypto,Completed,
ORD-002128,2026-09-23,CUST-00643,18.0,West,Website,Beauty,Hair Dryer,43.94,3,0,131.82,Gift Card,Completed,
ORD-002129,2025-05-21,CUST-00079,36.0,Central,Mobile App,Beauty,Face Serum,69.21,2,20,110.74,Crypto,Completed,
ORD-002130,2025-11-17,CUST-00281,62.0,West,Website,Clothing,Denim Jacket,145.54,2,0,291.08,Credit Card,Completed,3.2
ORD-002131,2024-10-21,CUST-00132,33.0,Central,Marketplace,Automotive,Tire Inflator,55.16,2,15,93.77,Debit Card,Completed,3.5
ORD-002132,2026-01-02,CUST-00874,70.0,East,In-Store,Books,Python Programming,30.39,1,5,28.87,Credit Card,Completed,2.5
ORD-002133,2025-10-21,CUST-00387,22.0,West,Mobile App,Home & Kitchen,Air Fryer,151.91,2,0,303.82,Gift Card,Completed,
ORD-002134,2026-08-15,CUST-00938,61.0,South,Website,Electronics,Smartwatch,398.21,2,15,676.96,Credit Card,Completed,1.5
ORD-002135,2025-11-02,CUST-00075,57.0,South,Marketplace,Books,Business Mindset,37.94,1,10,34.15,Crypto,Completed,3.0
ORD-002136,2026-02-13,CUST-00074,19.0,East,Website,Electronics,Wireless Earbuds,62.68,1,5,59.55,PayPal,Completed,2.1
ORD-002137,2026-04-25,CUST-00065,69.0,West,Website,Home & Kitchen,Coffee Maker,50.52,1,20,40.42,Crypto,Cancelled,2.2
ORD-002138,2026-03-14,CUST-00502,59.0,South,Website,Toys,LEGO Set,26.6,4,5,101.08,Credit Card,Completed,2.4
ORD-002139,2025-11-05,CUST-00777,69.0,South,Mobile App,Toys,Doll Set,62.12,1,5,59.01,Crypto,Completed,4.5
ORD-002140,2025-02-05,CUST-00950,64.0,Central,Website,Clothing,Yoga Pants,36.01,1,0,36.01,Debit Card,Completed,1.3
ORD-002141,2025-07-01,CUST-00262,18.0,Central,Website,Books,Business Mindset,35.52,1,20,28.42,Debit Card,Completed,1.9
ORD-002142,2026-07-18,CUST-00068,61.0,East,In-Store,Sports,Jump Rope,17.14,1,25,12.86,PayPal,Completed,1.3
ORD-002143,2025-08-16,CUST-00367,38.0,North,Website,Automotive,Seat Covers,62.72,1,0,62.72,Gift Card,Completed,3.4
ORD-002144,2024-12-23,CUST-00297,24.0,North,Mobile App,Books,Python Programming,31.5,1,10,28.35,PayPal,Completed,2.7
ORD-002145,2024-12-19,CUST-00515,55.0,North,Website,Books,Python Programming,63.11,1,15,53.64,Gift Card,Completed,2.2
ORD-002146,2025-09-14,CUST-00235,69.0,West,Mobile App,Clothing,Yoga Pants,28.12,4,0,112.48,Crypto,Completed,
ORD-002147,2025-09-30,CUST-00468,39.0,North,Website,Electronics,USB-C Hub,56.93,1,0,56.93,Crypto,Completed,2.2
ORD-002148,2025-03-17,CUST-00858,69.0,North,Website,Automotive,Car Phone Mount,17.76,1,10,15.98,Crypto,Returned,
ORD-002149,2026-07-02,CUST-00761,50.0,South,Website,Clothing,Yoga Pants,75.71,1,0,75.71,Credit Card,Completed,1.7
ORD-002150,2025-09-25,CUST-00344,68.0,North,Mobile App,Toys,Board Game,51.37,1,10,46.23,Debit Card,Completed,1.4
ORD-002151,2025-05-28,CUST-00106,43.0,East,Website,Home & Kitchen,Air Fryer,104.87,1,5,99.63,PayPal,Completed,1.1
ORD-002152,2025-09-18,CUST-00145,38.0,South,Website,Toys,Remote Car,30.73,4,15,104.48,Debit Card,Completed,
ORD-002153,2026-07-24,CUST-00049,20.0,East,Website,Books,Fiction Novel,10.73,1,10,9.66,Credit Card,Completed,3.5
ORD-002154,2024-11-03,CUST-00315,51.0,South,Website,Clothing,Running Shoes,130.85,1,0,130.85,Credit Card,Completed,2.5
ORD-002155,2026-06-19,CUST-00751,29.0,Central,Website,Toys,LEGO Set,84.75,1,0,84.75,Crypto,Completed,1.9
ORD-002156,2024-11-09,CUST-00454,35.0,West,Marketplace,Toys,Board Game,59.67,1,0,59.67,Debit Card,Completed,2.7
ORD-002157,2025-07-13,CUST-00366,70.0,South,Mobile App,Home & Kitchen,Air Fryer,170.26,1,10,153.23,Crypto,Completed,4.6
ORD-002158,2026-03-26,CUST-00641,23.0,East,Website,Books,Business Mindset,24.43,1,10,21.99,Crypto,Returned,4.3
ORD-002159,2024-09-30,CUST-00414,42.0,East,Marketplace,Beauty,Moisturizer,56.88,3,25,127.98,Gift Card,Returned,4.1
ORD-002160,2025-03-15,CUST-00524,48.0,North,Mobile App,Home & Kitchen,Knife Set,66.4,2,20,106.24,Crypto,Completed,
ORD-002161,2025-09-15,CUST-00715,43.0,East,Website,Beauty,Moisturizer,24.9,1,15,21.16,Crypto,Completed,4.7
ORD-002162,2026-02-17,CUST-00575,53.0,Central,Mobile App,Toys,Board Game,27.09,1,5,25.74,Crypto,Completed,4.1
ORD-002163,2025-12-05,CUST-00933,48.0,West,Mobile App,Beauty,Moisturizer,35.09,2,0,70.18,Gift Card,Completed,
ORD-002164,2025-03-06,CUST-00715,60.0,West,In-Store,Clothing,Denim Jacket,79.58,3,20,190.99,Gift Card,Cancelled,1.9
ORD-002165,2026-05-22,CUST-00440,64.0,South,Mobile App,Sports,Jump Rope,11.91,4,10,42.88,Credit Card,Completed,
ORD-002166,2026-05-04,CUST-00243,24.0,Central,Mobile App,Home & Kitchen,Knife Set,58.72,1,10,52.85,Gift Card,Returned,
ORD-002167,2024-12-20,CUST-00104,33.0,West,Marketplace,Beauty,Moisturizer,72.51,1,10,65.26,Gift Card,Completed,1.4
ORD-002168,2025-03-09,CUST-00389,35.0,North,Mobile App,Electronics,USB-C Hub,48.26,1,5,45.85,Debit Card,Completed,4.8
ORD-002169,2025-08-12,CUST-00020,25.0,Central,Marketplace,Toys,Puzzle 1000pc,38.85,1,20,31.08,Crypto,Completed,1.5
ORD-002170,2026-04-13,CUST-00305,58.0,West,Website,Sports,Jump Rope,14.24,2,10,25.63,PayPal,Completed,4.0
ORD-002171,2024-11-11,CUST-00769,55.0,West,Website,Home & Kitchen,Bed Sheets,103.69,2,0,207.38,Debit Card,Completed,4.0
ORD-002172,2025-12-26,CUST-00269,59.0,Central,Marketplace,Sports,Yoga Mat,39.5,1,15,33.57,Credit Card,Pending,
ORD-002173,2025-01-20,CUST-00091,39.0,Central,Mobile App,Toys,Puzzle 1000pc,22.48,1,10,20.23,Credit Card,Completed,1.9
ORD-002174,2025-03-31,CUST-00399,54.0,North,Website,Books,Fiction Novel,7.91,1,0,7.91,Gift Card,Completed,3.9
ORD-002175,2025-08-22,CUST-00200,48.0,South,Website,Sports,Gym Bag,21.69,1,15,18.44,PayPal,Completed,2.7
ORD-002176,2025-01-21,CUST-00047,22.0,Central,Mobile App,Books,Business Mindset,18.86,5,0,94.3,PayPal,Completed,
ORD-002177,2026-06-20,CUST-00258,55.0,Central,Website,Toys,Puzzle 1000pc,28.81,1,0,28.81,Crypto,Completed,3.6
ORD-002178,2026-01-31,CUST-00921,44.0,South,Marketplace,Clothing,Running Shoes,30.66,1,5,29.13,Credit Card,Completed,4.5
ORD-002179,2025-01-03,CUST-00766,67.0,North,Marketplace,Clothing,Polo Shirt,39.35,5,25,147.56,Gift Card,Completed,1.5
ORD-002180,2025-07-09,CUST-00338,45.0,East,Mobile App,Books,Business Mindset,27.36,1,15,23.26,Debit Card,Pending,1.8
ORD-002181,2026-04-28,CUST-00498,68.0,Central,Website,Electronics,USB-C Hub,41.03,1,10,36.93,Gift Card,Completed,
ORD-002182,2025-09-15,CUST-00810,,,Website,Automotive,Car Phone Mount,33.87,1,20,27.1,Debit Card,Returned,
ORD-002183,2025-02-08,CUST-00476,25.0,North,Website,Sports,Yoga Mat,38.89,1,5,36.95,Gift Card,Completed,2.2
ORD-002184,2026-07-14,CUST-00325,48.0,South,In-Store,Home & Kitchen,Blender,77.75,3,10,209.93,Credit Card,Completed,4.9
ORD-002185,2025-05-17,CUST-00193,58.0,Central,Website,Beauty,Lip Gloss Set,17.56,1,20,14.05,Gift Card,Returned,
ORD-002186,2025-11-02,CUST-00389,36.0,North,Marketplace,Automotive,Seat Covers,84.44,4,0,337.76,PayPal,Completed,1.5
ORD-002187,2025-05-24,CUST-00344,42.0,South,Website,Electronics,Wireless Earbuds,108.0,1,0,108.0,Crypto,Completed,3.6
ORD-002188,2025-02-05,CUST-00346,22.0,South,In-Store,Clothing,Polo Shirt,25.78,1,15,21.91,Debit Card,Completed,2.2
ORD-002189,2026-06-30,CUST-00738,51.0,North,In-Store,Electronics,Smartwatch,288.9,1,0,288.9,Crypto,Completed,
ORD-002190,2026-06-02,CUST-00584,58.0,Central,Website,Beauty,Lip Gloss Set,19.76,2,0,39.52,Credit Card,Completed,
ORD-002191,2025-08-03,CUST-00940,29.0,West,Website,Beauty,Lip Gloss Set,21.29,1,20,17.03,PayPal,Completed,1.6
ORD-002192,2026-07-24,CUST-00137,60.0,East,Mobile App,Automotive,Car Phone Mount,24.85,2,5,47.22,Credit Card,Completed,2.9
ORD-002193,2025-03-07,CUST-00944,44.0,East,Website,Electronics,Wireless Earbuds,62.72,5,25,235.2,Debit Card,Completed,
ORD-002194,2024-12-12,CUST-00456,52.0,North,Marketplace,Home & Kitchen,Knife Set,37.19,1,15,31.61,Credit Card,Pending,2.6
ORD-002195,2026-07-27,CUST-00103,64.0,West,Website,Electronics,Laptop Stand,83.32,1,15,70.82,Debit Card,Completed,1.8
ORD-002196,2026-06-01,CUST-00166,18.0,South,Website,Clothing,Running Shoes,68.09,1,15,57.88,Gift Card,Completed,1.6
ORD-002197,2026-01-12,CUST-00198,35.0,East,In-Store,Sports,Jump Rope,6.93,2,0,13.86,Gift Card,Completed,
ORD-002198,2026-03-13,CUST-00464,33.0,Central,Marketplace,Clothing,Running Shoes,78.48,1,10,70.63,Debit Card,Completed,
ORD-002199,2025-11-24,CUST-00322,55.0,South,Website,Beauty,Face Serum,90.43,1,20,72.34,Crypto,Cancelled,3.6
ORD-002200,2026-05-07,CUST-00121,33.0,East,In-Store,Home & Kitchen,Air Fryer,153.73,2,5,292.09,Gift Card,Pending,2.9
ORD-002201,2025-06-11,CUST-00075,39.0,North,Marketplace,Electronics,Smartwatch,376.99,4,0,1507.96,Credit Card,Completed,3.8
ORD-002202,2026-05-16,CUST-00778,59.0,South,Marketplace,Books,Business Mindset,12.75,1,5,12.11,Gift Card,Completed,
ORD-002203,2025-06-12,CUST-00466,61.0,East,Marketplace,Sports,Water Bottle,20.68,2,5,39.29,Debit Card,Completed,3.6
ORD-002204,2026-08-07,CUST-00510,67.0,Central,Mobile App,Books,Python Programming,28.49,1,15,24.22,Credit Card,Completed,3.2
ORD-002205,2025-06-29,CUST-00636,38.0,West,Website,Clothing,Denim Jacket,53.27,1,15,45.28,Debit Card,Returned,3.3
ORD-002206,2025-11-29,CUST-00505,66.0,East,Mobile App,Beauty,Hair Dryer,64.01,2,5,121.62,PayPal,Completed,
ORD-002207,2024-11-09,CUST-00855,37.0,West,Mobile App,Sports,Resistance Bands,35.46,4,15,120.56,Crypto,Completed,
ORD-002208,2025-12-20,CUST-00440,46.0,North,Website,Beauty,Moisturizer,61.43,2,15,104.43,Credit Card,Completed,2.0
ORD-002209,2025-05-04,CUST-00409,22.0,East,Website,Sports,Water Bottle,17.99,1,0,17.99,Crypto,Completed,3.7
ORD-002210,2025-11-12,CUST-00367,57.0,South,Mobile App,Sports,Gym Bag,84.43,1,0,84.43,Gift Card,Completed,2.6
ORD-002211,2025-09-14,CUST-00309,69.0,West,Marketplace,Home & Kitchen,Blender,101.8,1,0,101.8,Crypto,Returned,4.2
ORD-002212,2025-10-04,CUST-00762,35.0,South,In-Store,Electronics,Bluetooth Speaker,74.17,2,0,148.34,Debit Card,Completed,4.1
ORD-002213,2024-10-06,CUST-00738,47.0,East,Website,Clothing,Polo Shirt,51.62,2,5,98.08,Crypto,Completed,2.4
ORD-002214,2025-05-15,CUST-00855,21.0,West,Mobile App,Sports,Gym Bag,59.77,1,5,56.78,Crypto,Completed,2.5
ORD-002215,2025-10-20,CUST-00814,38.0,East,Mobile App,Books,Data Science Guide,28.82,1,0,28.82,PayPal,Completed,4.4
ORD-002216,2025-06-03,CUST-00021,23.0,South,Mobile App,Home & Kitchen,Blender,67.88,1,0,67.88,Crypto,Completed,3.5
ORD-002217,2025-12-23,CUST-00161,47.0,Central,Website,Automotive,Dash Cam,81.46,1,0,81.46,Debit Card,Completed,
ORD-002218,2025-06-10,CUST-00181,32.0,West,Website,Home & Kitchen,Air Fryer,110.29,1,0,110.29,Debit Card,Completed,1.0
ORD-002219,2026-04-26,CUST-00125,40.0,South,Mobile App,Home & Kitchen,Knife Set,68.1,5,25,255.38,Gift Card,Completed,4.8
ORD-002220,2026-07-19,CUST-00688,32.0,Central,Website,Electronics,Smartwatch,151.59,1,5,144.01,Gift Card,Completed,2.5
ORD-002221,2024-10-09,CUST-00003,42.0,North,Mobile App,Automotive,Car Vacuum,48.8,1,10,43.92,Debit Card,Completed,2.7
ORD-002222,2025-06-29,CUST-00736,37.0,East,Marketplace,Home & Kitchen,Coffee Maker,131.0,1,5,124.45,Credit Card,Completed,4.9
ORD-002223,2025-01-28,CUST-00921,31.0,South,Website,Electronics,USB-C Hub,34.28,2,10,61.7,PayPal,Returned,4.2
ORD-002224,2025-01-02,CUST-00643,46.0,West,Mobile App,Home & Kitchen,Coffee Maker,27.96,1,5,26.56,Gift Card,Completed,2.5
ORD-002225,2026-06-26,CUST-00122,23.0,Central,Website,Sports,Resistance Bands,23.32,1,15,19.82,PayPal,Completed,4.6
ORD-002226,2025-03-18,CUST-00439,22.0,East,Website,Automotive,Tire Inflator,47.96,3,5,136.69,Debit Card,Completed,4.0
ORD-002227,2026-03-28,CUST-00089,64.0,East,Mobile App,Home & Kitchen,Air Fryer,135.78,3,0,407.34,Credit Card,Completed,
ORD-002228,2026-08-16,CUST-00117,70.0,West,Mobile App,Electronics,Smartwatch,138.61,1,0,138.61,Gift Card,Completed,2.5
ORD-002229,2025-07-17,CUST-00155,26.0,South,Mobile App,Automotive,Tire Inflator,46.53,1,0,46.53,Credit Card,Completed,1.3
ORD-002230,2026-07-05,CUST-00377,37.0,West,Website,Toys,Doll Set,54.45,3,10,147.02,Crypto,Completed,1.6
ORD-002231,2025-08-01,CUST-00251,27.0,West,Marketplace,Books,Python Programming,16.4,1,20,13.12,Debit Card,Completed,4.6
ORD-002232,2025-12-16,CUST-00353,48.0,Central,Mobile App,Books,Python Programming,35.6,2,0,71.2,Gift Card,Returned,1.8
ORD-002233,2025-12-13,CUST-00821,51.0,West,Mobile App,Sports,Yoga Mat,59.34,1,10,53.41,Gift Card,Completed,4.6
ORD-002234,2025-08-16,CUST-00684,45.0,North,Marketplace,Home & Kitchen,Air Fryer,73.19,2,15,124.42,PayPal,Completed,2.2
ORD-002235,2026-05-19,CUST-00825,33.0,South,Mobile App,Automotive,Dash Cam,122.28,1,5,116.17,PayPal,Completed,4.8
ORD-002236,2026-01-13,CUST-00770,45.0,West,Mobile App,Automotive,Seat Covers,48.11,2,5,91.41,Crypto,Completed,2.2
ORD-002237,2025-06-22,CUST-00295,44.0,East,Marketplace,Home & Kitchen,Coffee Maker,63.44,1,15,53.92,Credit Card,Completed,
ORD-002238,2025-08-04,CUST-00952,44.0,East,Marketplace,Home & Kitchen,Blender,70.6,1,5,67.07,Debit Card,Returned,
ORD-002239,2026-03-05,CUST-00184,31.0,Central,In-Store,Home & Kitchen,Bed Sheets,65.54,1,15,55.71,PayPal,Completed,3.3
ORD-002240,2025-12-08,CUST-00590,36.0,North,Website,Sports,Water Bottle,50.23,2,0,100.46,PayPal,Cancelled,4.1
ORD-002241,2026-06-05,CUST-00958,26.0,North,Website,Automotive,Tire Inflator,68.51,1,20,54.81,PayPal,Pending,2.9
ORD-002242,2026-06-18,CUST-00672,36.0,North,Mobile App,Beauty,Face Serum,71.84,2,0,143.68,Debit Card,Completed,1.5
ORD-002243,2026-06-20,CUST-00971,21.0,South,Marketplace,Automotive,Car Vacuum,54.03,5,20,216.12,Debit Card,Completed,1.6
ORD-002244,2024-11-13,CUST-00500,60.0,West,Marketplace,Sports,Water Bottle,12.65,1,20,10.12,Crypto,Completed,3.5
ORD-002245,2026-03-02,CUST-00069,64.0,South,Marketplace,Home & Kitchen,Blender,56.99,4,0,227.96,Debit Card,Completed,1.2
ORD-002246,2025-01-03,CUST-00837,46.0,East,Marketplace,Sports,Gym Bag,46.13,1,0,46.13,Gift Card,Completed,1.9
ORD-002247,2025-03-10,CUST-00962,42.0,Central,Mobile App,Toys,LEGO Set,76.82,1,10,69.14,Crypto,Completed,3.8
ORD-002248,2026-06-15,CUST-00940,44.0,East,Marketplace,Electronics,Laptop Stand,60.21,1,0,60.21,Gift Card,Completed,2.5
ORD-002249,2026-07-10,CUST-00888,31.0,South,Website,Sports,Gym Bag,58.55,1,0,58.55,Gift Card,Completed,4.6
ORD-002250,2025-11-25,CUST-00896,40.0,North,Website,Beauty,Face Serum,90.34,2,25,135.51,PayPal,Completed,
ORD-002251,2025-07-27,CUST-00537,21.0,Central,Mobile App,Electronics,Bluetooth Speaker,142.74,1,0,142.74,Credit Card,Completed,1.2
ORD-002252,2025-12-18,CUST-00916,24.0,Central,Website,Sports,Resistance Bands,19.07,4,5,72.47,Debit Card,Returned,3.5
ORD-002253,2026-07-14,CUST-00470,43.0,East,Website,Sports,Gym Bag,54.9,1,5,52.15,Credit Card,Completed,1.0
ORD-002254,2026-08-05,CUST-00861,47.0,West,Mobile App,Beauty,Lip Gloss Set,17.05,1,0,17.05,Credit Card,Completed,1.1
ORD-002255,2026-09-19,CUST-00573,51.0,South,Mobile App,Clothing,Polo Shirt,52.62,1,10,47.36,Credit Card,Completed,
ORD-002256,2026-05-08,CUST-00433,55.0,North,Website,Toys,Puzzle 1000pc,35.52,2,10,63.94,Gift Card,Completed,2.8
ORD-002257,2025-03-25,CUST-00891,30.0,North,Marketplace,Books,Data Science Guide,19.13,2,0,38.26,Credit Card,Completed,1.8
ORD-002258,2025-07-27,CUST-00357,33.0,West,Website,Sports,Water Bottle,26.65,1,0,26.65,Debit Card,Completed,4.8
ORD-002259,2025-11-09,CUST-00146,61.0,North,Mobile App,Home & Kitchen,Knife Set,42.56,1,5,40.43,Crypto,Completed,
ORD-002260,2025-11-17,CUST-00439,27.0,Central,Mobile App,Beauty,Hair Dryer,111.9,1,20,89.52,Debit Card,Completed,1.8
ORD-002261,2026-09-05,CUST-00184,38.0,West,Marketplace,Beauty,Moisturizer,20.99,2,15,35.68,Crypto,Completed,1.9
ORD-002262,2026-05-17,CUST-00169,33.0,East,Website,Clothing,Yoga Pants,59.0,2,15,100.3,Gift Card,Completed,1.4
ORD-002263,2026-08-22,CUST-00938,64.0,North,Mobile App,Electronics,Bluetooth Speaker,88.72,3,0,266.16,Gift Card,Cancelled,
ORD-002264,2025-03-18,CUST-00886,25.0,South,In-Store,Electronics,USB-C Hub,46.62,1,0,46.62,Crypto,Completed,4.8
ORD-002265,2025-07-04,CUST-00710,46.0,West,Mobile App,Clothing,Winter Coat,136.21,2,5,258.8,Crypto,Completed,1.2
ORD-002266,2025-02-12,CUST-00734,21.0,East,Website,Clothing,Denim Jacket,33.29,3,15,84.89,PayPal,Completed,4.6
ORD-002267,2026-08-05,CUST-00458,25.0,West,Website,Beauty,Lip Gloss Set,31.22,1,10,28.1,Gift Card,Returned,4.6
ORD-002268,2026-03-24,CUST-00445,57.0,East,Marketplace,Automotive,Car Phone Mount,17.03,1,15,14.48,Crypto,Completed,1.2
ORD-002269,2026-02-25,CUST-00798,36.0,East,Website,Toys,Doll Set,37.81,1,0,37.81,Gift Card,Completed,4.7
ORD-002270,2026-01-18,CUST-00800,22.0,West,Mobile App,Home & Kitchen,Bed Sheets,48.54,1,5,46.11,Debit Card,Completed,
ORD-002271,2025-03-03,CUST-00470,25.0,North,Website,Sports,Resistance Bands,31.62,2,15,53.75,PayPal,Completed,1.2
ORD-002272,2025-08-27,CUST-00085,27.0,East,Website,Beauty,Lip Gloss Set,29.71,1,10,26.74,Credit Card,Completed,4.3
ORD-002273,2025-06-20,CUST-00411,56.0,East,Mobile App,Toys,LEGO Set,27.3,1,0,27.3,Debit Card,Completed,4.6
ORD-002274,2025-04-02,CUST-00327,24.0,East,Mobile App,Automotive,Car Vacuum,56.04,1,0,56.04,Debit Card,Completed,3.4
ORD-002275,2025-01-25,CUST-00838,36.0,East,Website,Sports,Gym Bag,28.1,1,10,25.29,Gift Card,Cancelled,2.5
ORD-002276,2026-08-09,CUST-00966,51.0,West,Mobile App,Books,Data Science Guide,18.85,1,0,18.85,Crypto,Completed,
ORD-002277,2025-08-22,CUST-00879,20.0,Central,In-Store,Home & Kitchen,Knife Set,51.43,2,5,97.72,Crypto,Completed,1.2
ORD-002278,2024-10-17,CUST-00089,53.0,East,Mobile App,Home & Kitchen,Air Fryer,150.1,1,10,135.09,Crypto,Returned,3.4
ORD-002279,2026-01-23,CUST-00899,30.0,North,Mobile App,Beauty,Perfume,34.13,2,0,68.26,Debit Card,Completed,3.8
ORD-002280,2025-04-16,CUST-00932,21.0,South,Website,Books,Business Mindset,31.59,2,15,53.7,Debit Card,Returned,
ORD-002281,2026-06-11,CUST-00610,18.0,Central,Website,Electronics,Wireless Earbuds,107.93,1,10,97.14,Gift Card,Completed,
ORD-002282,2025-01-20,CUST-00660,66.0,South,Website,Sports,Gym Bag,47.85,1,0,47.85,PayPal,Completed,4.8
ORD-002283,2025-01-20,CUST-00236,67.0,North,In-Store,Home & Kitchen,Blender,65.14,3,10,175.88,Debit Card,Completed,1.4
ORD-002284,2026-09-21,CUST-00026,58.0,Central,Marketplace,Toys,Puzzle 1000pc,15.93,1,20,12.74,Credit Card,Completed,
ORD-002285,2026-08-01,CUST-00886,18.0,Central,Website,Toys,Doll Set,21.14,1,20,16.91,Crypto,Cancelled,4.1
ORD-002286,2025-12-05,CUST-00091,18.0,North,In-Store,Beauty,Moisturizer,29.3,2,15,49.81,Gift Card,Pending,4.0
ORD-002287,2024-12-19,CUST-00634,37.0,Central,Website,Toys,Puzzle 1000pc,60.86,2,10,109.55,Debit Card,Completed,1.5
ORD-002288,2025-12-01,CUST-00418,24.0,East,Mobile App,Home & Kitchen,Bed Sheets,103.07,1,5,97.92,Credit Card,Completed,2.9
ORD-002289,2025-12-03,CUST-00674,60.0,Central,Mobile App,Automotive,Tire Inflator,92.59,1,20,74.07,Debit Card,Completed,3.2
ORD-002290,2024-11-26,CUST-00901,45.0,South,Mobile App,Beauty,Face Serum,32.85,3,10,88.7,Crypto,Completed,2.7
ORD-002291,2026-02-25,CUST-00584,28.0,South,Mobile App,Automotive,Car Vacuum,40.0,4,10,144.0,Crypto,Completed,4.3
ORD-002292,2025-07-24,CUST-00914,38.0,Central,In-Store,Home & Kitchen,Blender,118.57,2,10,213.43,Credit Card,Completed,2.0
ORD-002293,2024-10-22,CUST-00492,19.0,West,Website,Clothing,Denim Jacket,79.74,1,10,71.77,PayPal,Pending,2.5
ORD-002294,2025-12-22,CUST-00026,67.0,East,Website,Books,Fiction Novel,22.85,1,15,19.42,Credit Card,Cancelled,2.2
ORD-002295,2025-01-05,CUST-00338,40.0,West,Mobile App,Automotive,Car Phone Mount,25.73,1,15,21.87,Debit Card,Completed,1.6
ORD-002296,2026-02-19,CUST-00452,59.0,North,Mobile App,Toys,Board Game,30.59,2,10,55.06,PayPal,Completed,
ORD-002297,2025-12-05,CUST-00269,49.0,East,Mobile App,Beauty,Face Serum,32.42,2,10,58.36,Debit Card,Completed,4.3
ORD-002298,2026-02-25,CUST-00658,64.0,North,Marketplace,Beauty,Lip Gloss Set,22.63,3,10,61.1,Gift Card,Completed,
ORD-002299,2026-06-04,CUST-00520,19.0,West,Marketplace,Home & Kitchen,Knife Set,70.69,2,0,141.38,Credit Card,Completed,4.0
ORD-002300,2024-11-22,CUST-00166,19.0,South,Marketplace,Toys,Doll Set,44.46,1,25,33.34,Crypto,Completed,3.5
ORD-002301,2025-06-24,CUST-00976,42.0,West,Mobile App,Toys,Remote Car,73.19,3,0,219.57,Credit Card,Pending,4.1
ORD-002302,2025-07-28,CUST-00463,68.0,East,Website,Toys,Remote Car,37.35,1,15,31.75,PayPal,Pending,2.3
ORD-002303,2025-04-24,CUST-00985,64.0,Central,Website,Clothing,Yoga Pants,34.22,1,20,27.38,Crypto,Completed,2.0
ORD-002304,2025-11-27,CUST-00371,42.0,East,Website,Toys,Doll Set,78.59,1,15,66.8,PayPal,Completed,1.3
ORD-002305,2025-02-03,CUST-00429,30.0,East,In-Store,Toys,Doll Set,41.49,5,10,186.71,Gift Card,Completed,2.1
ORD-002306,2024-10-20,CUST-00963,31.0,East,Mobile App,Sports,Gym Bag,62.78,10,0,627.8,Crypto,Completed,4.3
ORD-002307,2024-09-24,CUST-00247,50.0,South,Website,Toys,Puzzle 1000pc,33.47,2,10,60.25,Crypto,Completed,1.0
ORD-002308,2024-10-23,CUST-00419,56.0,Central,Mobile App,Sports,Resistance Bands,16.25,1,20,13.0,PayPal,Completed,3.9
ORD-002309,2025-12-15,CUST-00742,52.0,East,Website,Beauty,Hair Dryer,43.8,2,0,87.6,Credit Card,Completed,3.4
ORD-002310,2026-05-23,CUST-00009,30.0,North,Mobile App,Sports,Jump Rope,10.76,2,15,18.29,PayPal,Completed,3.4
ORD-002311,2025-06-10,CUST-00502,60.0,South,Marketplace,Electronics,USB-C Hub,42.34,1,20,33.87,Gift Card,Completed,4.7
ORD-002312,2026-04-17,CUST-00432,26.0,South,Website,Electronics,Smartwatch,227.52,4,0,910.08,PayPal,Completed,
ORD-002313,2025-04-27,CUST-00190,47.0,Central,Website,Electronics,Laptop Stand,67.65,1,0,67.65,Debit Card,Completed,1.6
ORD-002314,2024-09-29,CUST-00636,19.0,East,Website,Sports,Resistance Bands,32.99,2,15,56.08,Credit Card,Completed,2.4
ORD-002315,2026-01-21,CUST-00472,60.0,East,Website,Sports,Resistance Bands,15.42,2,0,30.84,Crypto,Returned,1.7
ORD-002316,2025-10-12,CUST-00508,23.0,South,Mobile App,Beauty,Face Serum,67.67,2,10,121.81,Gift Card,Completed,2.2
ORD-002317,2024-11-13,CUST-00844,37.0,North,Mobile App,Sports,Jump Rope,25.55,2,15,43.44,PayPal,Completed,4.6
ORD-002318,2026-04-29,CUST-00706,44.0,West,Mobile App,Beauty,Perfume,49.42,0,10,44.48,Crypto,Completed,4.4
ORD-002319,2024-09-24,CUST-00098,64.0,South,Marketplace,Automotive,Dash Cam,63.86,1,0,63.86,PayPal,Returned,2.7
ORD-002320,2025-09-22,CUST-00772,46.0,West,Website,Home & Kitchen,Bed Sheets,39.64,1,0,39.64,PayPal,Completed,4.1
ORD-002321,2026-03-28,CUST-00061,33.0,West,Mobile App,Toys,Remote Car,16.68,2,10,30.02,Credit Card,Completed,1.1
ORD-002322,2024-12-13,CUST-00061,70.0,East,Website,Beauty,Face Serum,73.84,2,5,140.3,PayPal,Completed,3.2
ORD-002323,2025-04-07,CUST-00103,53.0,South,In-Store,Home & Kitchen,Bed Sheets,45.6,2,10,82.08,Debit Card,Completed,4.1
ORD-002324,2026-04-15,CUST-00093,37.0,East,Mobile App,Electronics,Laptop Stand,44.72,4,20,143.1,Credit Card,Completed,2.0
ORD-002325,2026-09-08,CUST-00180,42.0,South,Website,Beauty,Face Serum,67.96,1,0,67.96,PayPal,Completed,2.5
ORD-002326,2026-01-21,CUST-00736,23.0,East,Website,Automotive,Dash Cam,74.69,2,0,149.38,Credit Card,Completed,1.8
ORD-002327,2026-05-11,CUST-00382,60.0,South,In-Store,Books,Business Mindset,17.07,1,20,13.66,Credit Card,Cancelled,4.4
ORD-002328,2025-01-19,CUST-00329,26.0,North,Mobile App,Automotive,Tire Inflator,26.82,1,10,24.14,Gift Card,Completed,
ORD-002329,2025-08-16,CUST-00219,64.0,South,Mobile App,Toys,Board Game,47.36,2,20,75.78,Crypto,Completed,4.0
ORD-002330,2026-02-28,CUST-00101,38.0,Central,Mobile App,Automotive,Dash Cam,84.64,2,0,169.28,Crypto,Completed,
ORD-002331,2026-08-12,CUST-00496,,,Marketplace,Automotive,Dash Cam,114.73,1,5,108.99,PayPal,Completed,
ORD-002332,2024-11-23,CUST-00634,69.0,North,Website,Automotive,Seat Covers,61.76,1,10,55.58,Debit Card,Completed,1.2
ORD-002333,2025-08-28,CUST-00761,31.0,Central,Website,Home & Kitchen,Air Fryer,78.33,1,10,70.5,Crypto,Completed,
ORD-002334,2026-01-06,CUST-00324,18.0,Central,Website,Sports,Water Bottle,22.24,1,0,22.24,Crypto,Completed,1.2
ORD-002335,2025-05-15,CUST-00696,,,Website,Books,Business Mindset,21.08,2,10,37.94,Credit Card,Completed,
ORD-002336,2025-12-22,CUST-00563,33.0,South,Mobile App,Clothing,Running Shoes,73.67,2,0,147.34,Credit Card,Completed,1.4
ORD-002337,2026-03-26,CUST-00164,33.0,South,Website,Sports,Jump Rope,4.72,2,10,8.5,Debit Card,Completed,2.4
ORD-002338,2025-07-11,CUST-00702,32.0,North,Marketplace,Home & Kitchen,Air Fryer,176.33,1,15,149.88,Crypto,Completed,3.5
ORD-002339,2025-04-26,CUST-00684,47.0,North,Mobile App,Toys,LEGO Set,36.39,1,10,32.75,Crypto,Pending,3.4
ORD-002340,2026-08-07,CUST-00044,48.0,North,Website,Sports,Jump Rope,11.43,1,0,11.43,Credit Card,Completed,4.1
ORD-002341,2025-12-18,CUST-00575,38.0,East,Marketplace,Electronics,USB-C Hub,41.13,2,0,82.26,Credit Card,Returned,4.4
ORD-002342,2024-10-24,CUST-00381,37.0,North,Marketplace,Clothing,Denim Jacket,69.76,2,0,139.52,Gift Card,Completed,4.2
ORD-002343,2026-05-09,CUST-00484,47.0,South,Mobile App,Beauty,Perfume,102.71,2,5,195.15,PayPal,Completed,3.4
ORD-002344,2025-12-02,CUST-00752,33.0,North,Mobile App,Toys,Puzzle 1000pc,22.71,1,5,21.57,Gift Card,Completed,4.4
ORD-002345,2024-11-09,CUST-00784,49.0,West,In-Store,Beauty,Lip Gloss Set,16.46,1,15,13.99,Crypto,Completed,2.5
ORD-002346,2026-09-07,CUST-00873,64.0,Central,Mobile App,Books,Cook Book,16.2,3,10,43.74,PayPal,Returned,
ORD-002347,2025-04-17,CUST-00780,29.0,East,Mobile App,Home & Kitchen,Coffee Maker,95.61,1,20,76.49,Credit Card,Completed,4.5
ORD-002348,2025-11-28,CUST-00304,37.0,North,Website,Automotive,Tire Inflator,57.64,1,0,57.64,Crypto,Completed,
ORD-002349,2025-11-04,CUST-00233,34.0,North,Mobile App,Home & Kitchen,Air Fryer,146.18,2,0,292.36,Gift Card,Completed,4.7
ORD-002350,2025-09-05,CUST-00387,31.0,Central,In-Store,Automotive,Car Phone Mount,33.49,1,5,31.82,Crypto,Completed,4.7
ORD-002351,2026-01-28,CUST-00004,43.0,North,Website,Toys,Doll Set,30.98,3,25,69.7,Debit Card,Completed,3.6
ORD-002352,2026-02-20,CUST-00186,21.0,South,Marketplace,Books,Python Programming,27.17,2,10,48.91,Gift Card,Completed,2.9
ORD-002353,2026-04-23,CUST-00045,46.0,East,Website,Toys,Board Game,33.09,2,0,66.18,Debit Card,Completed,
ORD-002354,2025-08-31,CUST-00128,43.0,Central,Website,Home & Kitchen,Coffee Maker,91.63,1,0,91.63,Credit Card,Completed,3.3
ORD-002355,2026-08-03,CUST-00628,57.0,Central,Mobile App,Electronics,USB-C Hub,36.73,3,5,104.68,Gift Card,Completed,
ORD-002356,2024-10-29,CUST-00110,44.0,West,Website,Electronics,Laptop Stand,37.25,1,20,29.8,PayPal,Completed,2.3
ORD-002357,2026-04-18,CUST-00548,61.0,North,In-Store,Beauty,Hair Dryer,68.28,1,10,61.45,Credit Card,Completed,3.5
ORD-002358,2026-09-13,CUST-00418,40.0,South,Marketplace,Beauty,Lip Gloss Set,29.96,1,0,29.96,Debit Card,Completed,2.5
ORD-002359,2025-07-05,CUST-00106,22.0,West,Mobile App,Automotive,Dash Cam,128.03,1,15,108.83,Gift Card,Completed,3.2
ORD-002360,2024-12-01,CUST-00874,62.0,Central,Mobile App,Clothing,Winter Coat,356.26,2,0,712.52,Gift Card,Completed,4.8
ORD-002361,2026-02-01,CUST-00014,25.0,West,Website,Electronics,Wireless Earbuds,81.48,1,10,73.33,Crypto,Completed,3.8
ORD-002362,2024-10-15,CUST-00432,35.0,North,Marketplace,Toys,Remote Car,74.96,1,10,67.46,Debit Card,Completed,3.1
ORD-002363,2025-05-12,CUST-00058,67.0,South,Mobile App,Electronics,Wireless Earbuds,72.04,1,10,64.84,Debit Card,Completed,2.5
ORD-002364,2026-06-26,CUST-00926,35.0,South,Mobile App,Beauty,Hair Dryer,41.87,3,10,113.05,Gift Card,Completed,1.6
ORD-002365,2026-09-15,CUST-00330,38.0,East,Website,Books,Fiction Novel,17.81,1,0,17.81,PayPal,Completed,4.0
ORD-002366,2025-08-22,CUST-00920,43.0,South,In-Store,Clothing,Yoga Pants,66.6,4,20,213.12,Credit Card,Returned,3.8
ORD-002367,2025-05-11,CUST-00586,34.0,Central,Website,Electronics,Wireless Earbuds,106.76,1,5,101.42,PayPal,Completed,4.1
ORD-002368,2025-06-29,CUST-00795,51.0,North,Mobile App,Beauty,Moisturizer,19.22,1,5,18.26,Credit Card,Cancelled,3.4
ORD-002369,2026-06-12,CUST-00713,35.0,East,Website,Beauty,Hair Dryer,28.46,1,10,25.61,Gift Card,Completed,
ORD-002370,2025-04-30,CUST-00888,59.0,South,Marketplace,Electronics,Bluetooth Speaker,126.06,3,10,340.36,Crypto,Completed,1.8
ORD-002371,2025-08-28,CUST-00899,48.0,South,Website,Clothing,Polo Shirt,33.02,1,0,33.02,Gift Card,Completed,2.8
ORD-002372,2026-03-05,CUST-00301,65.0,North,Marketplace,Home & Kitchen,Air Fryer,101.63,1,0,101.63,Debit Card,Completed,3.6
ORD-002373,2026-02-21,CUST-00811,33.0,South,Marketplace,Sports,Yoga Mat,29.88,1,10,26.89,Credit Card,Completed,1.7
ORD-002374,2026-08-28,CUST-00913,53.0,Central,Website,Toys,Board Game,27.34,2,0,54.68,PayPal,Completed,4.0
ORD-002375,2025-09-26,CUST-00162,40.0,East,Website,Sports,Resistance Bands,28.58,3,10,77.17,PayPal,Completed,2.8
ORD-002376,2026-01-18,CUST-00674,69.0,North,In-Store,Clothing,Running Shoes,65.43,3,10,176.66,Crypto,Pending,
ORD-002377,2025-01-10,CUST-00636,58.0,Central,Mobile App,Sports,Yoga Mat,20.23,1,5,19.22,Credit Card,Cancelled,2.3
ORD-002378,2025-04-24,CUST-00701,70.0,Central,Website,Home & Kitchen,Knife Set,74.04,1,25,55.53,Debit Card,Completed,
ORD-002379,2026-02-18,CUST-00328,29.0,Central,Website,Clothing,Running Shoes,59.44,1,5,56.47,Gift Card,Completed,3.5
ORD-002380,2025-04-29,CUST-00598,23.0,West,Mobile App,Books,Cook Book,21.97,1,5,20.87,Debit Card,Completed,3.1
ORD-002381,2024-10-20,CUST-00555,37.0,South,Mobile App,Sports,Yoga Mat,57.82,1,10,52.04,Credit Card,Returned,4.1
ORD-002382,2026-05-08,CUST-00302,30.0,North,Website,Home & Kitchen,Knife Set,65.07,1,20,52.06,Debit Card,Completed,2.6
ORD-002383,2025-03-20,CUST-00244,45.0,East,Website,Sports,Gym Bag,37.55,2,0,75.1,PayPal,Completed,3.1
ORD-002384,2026-02-08,CUST-00371,26.0,East,Website,Sports,Yoga Mat,24.6,1,15,20.91,Debit Card,Completed,4.8
ORD-002385,2026-07-20,CUST-00349,51.0,North,Mobile App,Beauty,Perfume,33.47,1,0,-33.47,PayPal,Completed,3.2
ORD-002386,2024-11-14,CUST-00492,36.0,North,Website,Beauty,Hair Dryer,59.02,1,25,44.27,Crypto,Returned,4.8
ORD-002387,2025-09-22,CUST-00883,53.0,West,Mobile App,Beauty,Moisturizer,28.05,1,0,28.05,Credit Card,Completed,
ORD-002388,2025-12-05,CUST-00603,36.0,East,Website,Books,Python Programming,26.11,1,10,23.5,Gift Card,Completed,4.7
ORD-002389,2024-12-15,CUST-00461,62.0,Central,Mobile App,Toys,Puzzle 1000pc,42.33,2,5,80.43,Gift Card,Completed,
ORD-002390,2026-05-27,CUST-00023,23.0,West,Mobile App,Clothing,Polo Shirt,41.86,3,20,100.46,Credit Card,Returned,4.6
ORD-002391,2025-12-10,CUST-00975,38.0,West,Website,Electronics,Smartwatch,541.64,1,0,541.64,Crypto,Completed,2.7
ORD-002392,2026-02-15,CUST-00433,64.0,North,Mobile App,Electronics,Laptop Stand,18.99,1,15,16.14,Crypto,Completed,3.3
ORD-002393,2026-07-07,CUST-00989,35.0,East,Mobile App,Home & Kitchen,Coffee Maker,67.29,1,0,67.29,Crypto,Completed,4.5
ORD-002394,2025-08-12,CUST-00419,63.0,Central,Marketplace,Beauty,Face Serum,58.74,1,15,49.93,Debit Card,Completed,1.5
ORD-002395,2025-11-12,CUST-00483,20.0,Central,Mobile App,Sports,Resistance Bands,44.02,1,5,41.82,PayPal,Returned,
ORD-002396,2026-02-23,CUST-00880,37.0,South,Mobile App,Home & Kitchen,Knife Set,15.9,1,20,12.72,Crypto,Completed,2.5
ORD-002397,2026-03-08,CUST-00663,30.0,East,Mobile App,Clothing,Polo Shirt,39.38,1,0,39.38,Crypto,Returned,3.7
ORD-002398,2025-03-08,CUST-00861,53.0,North,Website,Beauty,Hair Dryer,41.05,1,0,41.05,Credit Card,Returned,
ORD-002399,2026-02-22,CUST-00626,63.0,South,Website,Toys,Doll Set,21.89,1,25,16.42,PayPal,Completed,2.5
ORD-002400,2026-01-19,CUST-00487,30.0,North,Marketplace,Automotive,Tire Inflator,38.16,1,5,36.25,Crypto,Completed,
ORD-002401,2025-03-18,CUST-00217,33.0,Central,Website,Toys,Remote Car,28.18,1,10,25.36,Gift Card,Returned,4.0
ORD-002402,2025-05-23,CUST-00155,63.0,South,Website,Books,Python Programming,30.42,1,10,27.38,Crypto,Completed,
ORD-002403,2025-12-11,CUST-00908,44.0,West,Website,Electronics,USB-C Hub,102.62,1,15,87.23,PayPal,Completed,1.7
ORD-002404,2025-07-16,CUST-00552,56.0,East,Mobile App,Home & Kitchen,Bed Sheets,42.97,1,5,40.82,Gift Card,Completed,4.7
ORD-002405,2025-01-09,CUST-00792,63.0,East,Mobile App,Automotive,Tire Inflator,33.98,4,5,129.12,PayPal,Completed,4.4
ORD-002406,2026-07-07,CUST-00457,47.0,West,Marketplace,Beauty,Moisturizer,43.51,3,15,110.95,Credit Card,Pending,2.9
ORD-002407,2026-01-16,CUST-00894,46.0,South,Website,Toys,Doll Set,28.24,1,0,28.24,Crypto,Completed,2.2
ORD-002408,2025-10-04,CUST-00773,59.0,West,Marketplace,Beauty,Moisturizer,31.25,2,0,62.5,Debit Card,Completed,4.2
ORD-002409,2025-06-26,CUST-00816,64.0,West,Website,Electronics,Bluetooth Speaker,132.88,2,15,225.9,PayPal,Completed,4.0
ORD-002410,2025-04-30,CUST-00820,30.0,East,Mobile App,Sports,Water Bottle,12.4,1,25,9.3,Crypto,Completed,1.7
ORD-002411,2025-10-22,CUST-00700,54.0,North,Marketplace,Home & Kitchen,Bed Sheets,58.23,2,0,116.46,Credit Card,Completed,
ORD-002412,2024-10-29,CUST-00316,56.0,Central,In-Store,Clothing,Running Shoes,49.27,4,0,197.08,PayPal,Returned,
ORD-002413,2025-10-03,CUST-00105,37.0,East,Mobile App,Toys,Board Game,60.22,1,0,60.22,Crypto,Returned,2.7
ORD-002414,2025-11-21,CUST-00523,43.0,West,Mobile App,Sports,Jump Rope,15.25,1,20,12.2,Credit Card,Completed,3.3
ORD-002415,2026-08-26,CUST-00017,19.0,East,Marketplace,Toys,Doll Set,59.62,3,15,152.03,PayPal,Completed,3.3
ORD-002416,2026-02-01,CUST-00709,36.0,South,Website,Clothing,Yoga Pants,39.6,1,15,33.66,Debit Card,Completed,2.7
ORD-002417,2026-08-23,CUST-00248,,,Mobile App,Electronics,Laptop Stand,40.3,2,5,76.57,Debit Card,Cancelled,
ORD-002418,2025-11-03,CUST-00398,55.0,West,Website,Beauty,Face Serum,42.87,2,0,85.74,Crypto,Completed,1.9
ORD-002419,2026-09-07,CUST-00348,38.0,South,Website,Clothing,Yoga Pants,45.3,2,15,77.01,PayPal,Cancelled,1.0
ORD-002420,2026-07-08,CUST-00765,40.0,South,In-Store,Sports,Water Bottle,11.32,1,20,9.06,Debit Card,Returned,1.9
ORD-002421,2024-09-28,CUST-00773,23.0,West,Mobile App,Clothing,Winter Coat,223.9,3,10,604.53,Crypto,Completed,
ORD-002422,2025-07-17,CUST-00009,67.0,South,Website,Books,Business Mindset,14.84,3,10,40.07,PayPal,Completed,4.9
ORD-002423,2025-05-06,CUST-00974,53.0,Central,In-Store,Beauty,Hair Dryer,77.49,1,5,73.62,Gift Card,Completed,1.5
ORD-002424,2026-09-14,CUST-00060,42.0,Central,Mobile App,Beauty,Perfume,103.47,1,15,87.95,Credit Card,Cancelled,3.2
ORD-002425,2025-10-11,CUST-00997,24.0,North,Website,Beauty,Perfume,112.96,1,15,96.02,PayPal,Completed,3.2
ORD-002426,2025-02-06,CUST-00094,22.0,Central,Marketplace,Books,Business Mindset,17.49,2,25,26.23,Credit Card,Completed,4.8
ORD-002427,2026-08-02,CUST-00622,47.0,South,Website,Sports,Jump Rope,7.84,2,0,15.68,Debit Card,Completed,2.5
ORD-002428,2025-01-20,CUST-00105,,South,Website,Books,Python Programming,31.09,1,15,26.43,PayPal,Completed,
ORD-002429,2025-03-26,CUST-00341,21.0,East,Website,Sports,Jump Rope,5.06,3,0,15.18,Credit Card,Pending,1.2
ORD-002430,2025-06-28,CUST-00091,53.0,North,Marketplace,Sports,Water Bottle,8.28,1,5,7.87,Gift Card,Pending,2.4
ORD-002431,2026-04-10,CUST-00860,53.0,West,Website,Sports,Water Bottle,14.14,2,5,26.87,PayPal,Completed,1.5
ORD-002432,2025-06-17,CUST-00962,61.0,Central,Marketplace,Home & Kitchen,Blender,85.24,1,0,85.24,Gift Card,Completed,2.7
ORD-002433,2026-06-14,CUST-00024,19.0,West,In-Store,Clothing,Winter Coat,235.95,1,15,200.56,Crypto,Pending,3.5
ORD-002434,2025-11-16,CUST-00257,70.0,South,Marketplace,Electronics,Bluetooth Speaker,140.65,1,0,140.65,Credit Card,Completed,
ORD-002435,2024-12-18,CUST-00512,54.0,East,In-Store,Home & Kitchen,Coffee Maker,179.91,1,10,161.92,Crypto,Completed,4.3
ORD-002436,2025-09-05,CUST-00278,54.0,West,Mobile App,Toys,Remote Car,20.74,1,0,20.74,Credit Card,Completed,
ORD-002437,2025-07-12,CUST-00945,28.0,East,Mobile App,Books,Data Science Guide,44.62,1,10,40.16,Debit Card,Completed,3.8
ORD-002438,2025-09-07,CUST-00475,69.0,East,Mobile App,Home & Kitchen,Air Fryer,63.2,2,10,113.76,Gift Card,Completed,
ORD-002439,2026-05-29,CUST-00625,61.0,East,Website,Books,Fiction Novel,14.29,1,0,14.29,PayPal,Completed,1.2
ORD-002440,2026-03-20,CUST-00410,68.0,North,Marketplace,Electronics,Smartwatch,298.45,1,20,238.76,Credit Card,Completed,
ORD-002441,2025-03-27,CUST-00868,56.0,East,Marketplace,Home & Kitchen,Knife Set,16.82,4,15,57.19,PayPal,Completed,3.8
ORD-002442,2026-07-06,CUST-00892,34.0,North,Mobile App,Beauty,Face Serum,66.24,3,0,198.72,Gift Card,Completed,4.9
ORD-002443,2024-09-30,CUST-00643,50.0,East,Mobile App,Books,Python Programming,17.37,1,5,16.5,Debit Card,Completed,3.1
ORD-002444,2025-08-27,CUST-00934,44.0,Central,Mobile App,Automotive,Tire Inflator,54.33,2,10,97.79,Debit Card,Completed,4.8
ORD-002445,2026-09-07,CUST-00091,35.0,North,Marketplace,Home & Kitchen,Coffee Maker,124.64,1,0,124.64,Debit Card,Completed,
ORD-002446,2025-09-22,CUST-00925,25.0,North,Marketplace,Automotive,Car Vacuum,32.16,1,15,27.34,Gift Card,Completed,1.8
ORD-002447,2026-09-09,CUST-00331,63.0,South,Mobile App,Sports,Gym Bag,46.88,1,25,35.16,Gift Card,Completed,
ORD-002448,2025-02-14,CUST-00049,23.0,East,Website,Clothing,Yoga Pants,31.19,1,10,28.07,Crypto,Completed,2.4
ORD-002449,2026-06-30,CUST-00578,53.0,East,Marketplace,Toys,Puzzle 1000pc,18.02,1,0,18.02,Debit Card,Completed,1.0
ORD-002450,2024-12-26,CUST-00642,27.0,Central,Marketplace,Sports,Gym Bag,92.73,1,5,88.09,Crypto,Returned,3.8
ORD-002451,2025-04-07,CUST-00548,18.0,South,Marketplace,Home & Kitchen,Knife Set,69.65,1,20,55.72,Debit Card,Completed,3.1
ORD-002452,2025-01-17,CUST-00215,61.0,North,Mobile App,Clothing,Winter Coat,81.98,1,0,81.98,Gift Card,Completed,3.9
ORD-002453,2025-03-30,CUST-00515,35.0,North,Mobile App,Toys,Puzzle 1000pc,29.91,1,10,26.92,Crypto,Completed,1.9
ORD-002454,2025-07-17,CUST-00343,48.0,South,Website,Sports,Gym Bag,38.09,1,10,34.28,PayPal,Completed,
ORD-002455,2026-02-15,CUST-00615,35.0,South,In-Store,Beauty,Perfume,59.5,2,15,101.15,Gift Card,Completed,2.8
ORD-002456,2026-09-12,CUST-00540,65.0,West,Mobile App,Clothing,Running Shoes,91.64,4,0,366.56,Debit Card,Completed,1.5
ORD-002457,2026-06-25,CUST-00343,67.0,South,Website,Clothing,Winter Coat,185.2,1,5,175.94,Crypto,Completed,4.1
ORD-002458,2025-05-05,CUST-00452,69.0,Central,Mobile App,Toys,Board Game,45.42,1,10,40.88,Debit Card,Cancelled,
ORD-002459,2026-01-09,CUST-00517,66.0,South,Website,Electronics,Bluetooth Speaker,101.41,2,5,192.68,Credit Card,Completed,1.2
ORD-002460,2026-03-01,CUST-00177,37.0,East,Website,Beauty,Hair Dryer,48.52,2,10,87.34,Gift Card,Completed,4.0
ORD-002461,2025-01-21,CUST-00582,23.0,Central,Marketplace,Home & Kitchen,Bed Sheets,34.86,1,10,31.37,Crypto,Completed,
ORD-002462,2025-04-20,CUST-00932,65.0,East,Mobile App,Electronics,Laptop Stand,21.63,2,0,43.26,Credit Card,Returned,1.9
ORD-002463,2025-11-19,CUST-00410,40.0,West,Website,Books,Business Mindset,44.52,2,10,80.14,PayPal,Completed,4.5
ORD-002464,2026-09-06,CUST-00630,62.0,West,Mobile App,Books,Fiction Novel,10.09,1,5,9.59,PayPal,Cancelled,2.6
ORD-002465,2024-10-22,CUST-00768,56.0,South,Website,Home & Kitchen,Bed Sheets,37.23,2,10,67.01,PayPal,Completed,
ORD-002466,2026-05-12,CUST-00456,40.0,South,Marketplace,Home & Kitchen,Blender,94.31,2,5,179.19,PayPal,Completed,1.3
ORD-002467,2025-06-28,CUST-00690,28.0,West,Mobile App,Beauty,Moisturizer,40.07,1,20,32.06,PayPal,Completed,
ORD-002468,2026-08-11,CUST-00622,53.0,East,Website,Toys,Remote Car,45.01,1,0,45.01,Gift Card,Completed,1.0
ORD-002469,2025-03-22,CUST-00801,48.0,Central,Mobile App,Electronics,USB-C Hub,49.21,2,0,98.42,Credit Card,Completed,
ORD-002470,2025-08-26,CUST-00705,24.0,East,Website,Beauty,Perfume,36.17,1,10,32.55,PayPal,Completed,1.8
ORD-002471,2024-09-27,CUST-00778,45.0,South,Mobile App,Toys,Board Game,37.81,3,0,113.43,PayPal,Completed,2.8
ORD-002472,2025-09-12,CUST-00038,63.0,West,Website,Beauty,Lip Gloss Set,28.03,6,10,151.36,PayPal,Completed,3.6
ORD-002473,2026-09-15,CUST-00550,27.0,West,Mobile App,Books,Business Mindset,17.32,1,15,14.72,Credit Card,Completed,3.3
ORD-002474,2025-03-09,CUST-00920,31.0,North,Mobile App,Electronics,Bluetooth Speaker,52.44,1,10,47.2,Debit Card,Completed,
ORD-002475,2026-04-06,CUST-00053,67.0,North,Website,Beauty,Hair Dryer,50.82,1,0,50.82,PayPal,Completed,4.4
ORD-002476,2026-09-13,CUST-00074,50.0,East,Mobile App,Sports,Gym Bag,64.64,2,0,129.28,Crypto,Completed,2.5
ORD-002477,2025-02-07,CUST-00277,31.0,West,Website,Beauty,Lip Gloss Set,10.64,1,0,10.64,Crypto,Completed,2.5
ORD-002478,2026-03-23,CUST-00376,40.0,East,Website,Beauty,Moisturizer,20.56,3,0,61.68,Credit Card,Returned,3.3
ORD-002479,2025-06-10,CUST-00951,51.0,Central,Website,Automotive,Car Vacuum,35.07,1,5,33.32,Crypto,Completed,
ORD-002480,2026-08-16,CUST-00245,34.0,South,Marketplace,Sports,Yoga Mat,49.95,2,5,94.91,PayPal,Completed,2.9
ORD-002481,2026-01-17,CUST-00734,70.0,North,Website,Toys,Doll Set,45.4,1,5,43.13,Crypto,Completed,4.2
ORD-002482,2025-02-06,CUST-00328,41.0,Central,Website,Books,Business Mindset,10.07,4,5,38.27,Credit Card,Completed,4.8
ORD-002483,2024-11-25,CUST-00624,20.0,West,Website,Toys,LEGO Set,44.46,5,0,222.3,Credit Card,Completed,1.1
ORD-002484,2025-10-12,CUST-00472,56.0,Central,Marketplace,Clothing,Polo Shirt,53.61,1,20,42.89,PayPal,Completed,2.7
ORD-002485,2025-03-26,CUST-00408,67.0,South,Website,Home & Kitchen,Blender,49.26,1,10,44.33,PayPal,Completed,3.7
ORD-002486,2024-12-11,CUST-00203,51.0,West,Mobile App,Toys,Puzzle 1000pc,37.2,2,0,74.4,Debit Card,Completed,2.4
ORD-002487,2025-09-10,CUST-00137,40.0,Central,Mobile App,Toys,LEGO Set,58.59,1,5,55.66,PayPal,Completed,1.9
ORD-002488,2025-07-30,CUST-00195,32.0,North,Mobile App,Clothing,Denim Jacket,101.88,1,0,101.88,PayPal,Completed,4.9
ORD-002489,2024-10-08,CUST-00322,62.0,West,Marketplace,Toys,Puzzle 1000pc,39.41,1,20,31.53,Gift Card,Completed,4.5
ORD-002490,2025-07-26,CUST-00787,58.0,North,Mobile App,Sports,Gym Bag,71.57,1,0,71.57,Crypto,Completed,2.5
ORD-002491,2024-10-19,CUST-00845,64.0,North,Mobile App,Toys,Board Game,41.17,1,0,41.17,PayPal,Completed,2.7
ORD-002492,2025-07-25,CUST-00820,55.0,North,Website,Automotive,Car Vacuum,70.66,1,15,60.06,Gift Card,Cancelled,2.7
ORD-002493,2025-09-10,CUST-00980,28.0,South,Marketplace,Clothing,Running Shoes,99.58,1,10,89.62,Debit Card,Completed,1.7
ORD-002494,2025-02-09,CUST-00809,43.0,Central,Mobile App,Toys,LEGO Set,61.26,3,10,165.4,Debit Card,Returned,4.5
ORD-002495,2026-05-25,CUST-00280,36.0,West,In-Store,Beauty,Lip Gloss Set,30.68,1,10,27.61,Debit Card,Completed,2.3
ORD-002496,2026-04-08,CUST-00705,50.0,Central,Mobile App,Clothing,Running Shoes,69.41,2,15,118.0,PayPal,Completed,2.8
ORD-002497,2024-12-21,CUST-00846,50.0,Central,Website,Electronics,Laptop Stand,52.71,1,0,52.71,Gift Card,Completed,3.9
ORD-002498,2026-02-17,CUST-00883,19.0,West,In-Store,Sports,Yoga Mat,25.46,1,20,20.37,PayPal,Completed,
ORD-002499,2025-05-03,CUST-00249,46.0,East,Website,Clothing,Yoga Pants,52.28,2,0,104.56,Credit Card,Cancelled,
ORD-002500,2025-05-06,CUST-00201,64.0,North,Mobile App,Home & Kitchen,Blender,47.34,2,5,89.95,Crypto,Cancelled,2.9
ORD-002501,2026-05-30,CUST-00112,48.0,Central,Website,Electronics,USB-C Hub,47.76,2,5,90.74,Crypto,Completed,2.5
ORD-002502,2025-07-11,CUST-00427,51.0,South,In-Store,Toys,Puzzle 1000pc,32.86,2,0,65.72,Crypto,Completed,3.1
ORD-002503,2026-08-04,CUST-00514,42.0,West,Marketplace,Toys,Doll Set,20.32,1,0,20.32,Debit Card,Completed,3.7
ORD-002504,2025-06-16,CUST-00440,61.0,West,Website,Sports,Water Bottle,29.49,1,0,29.49,Gift Card,Completed,2.3
ORD-002505,2026-09-22,CUST-00934,49.0,East,Marketplace,Books,Fiction Novel,18.61,1,5,17.68,Gift Card,Completed,3.8
ORD-002506,2025-07-06,CUST-00678,53.0,North,Marketplace,Electronics,Smartwatch,197.94,1,5,188.04,Gift Card,Completed,
ORD-002507,2025-10-18,CUST-00407,35.0,Central,Website,Clothing,Yoga Pants,58.23,9,0,524.07,Crypto,Completed,
ORD-002508,2024-12-17,CUST-00069,28.0,Central,Website,Home & Kitchen,Air Fryer,311.2,3,20,746.88,Crypto,Completed,2.4
ORD-002509,2024-11-12,CUST-00586,27.0,North,Mobile App,Toys,LEGO Set,46.21,1,0,46.21,Gift Card,Completed,3.1
ORD-002510,2025-06-04,CUST-00237,44.0,Central,Marketplace,Books,Data Science Guide,46.59,1,5,44.26,Debit Card,Completed,1.3
ORD-002511,2026-01-08,CUST-00872,62.0,North,Mobile App,Beauty,Lip Gloss Set,11.19,2,15,19.02,PayPal,Cancelled,1.9
ORD-002512,2024-11-08,CUST-00084,54.0,East,Website,Beauty,Face Serum,28.03,2,0,56.06,Credit Card,Completed,1.8
ORD-002513,2025-02-06,CUST-00724,56.0,West,Mobile App,Beauty,Perfume,49.52,2,10,89.14,Credit Card,Cancelled,4.0
ORD-002514,2024-12-29,CUST-00878,,,Mobile App,Automotive,Car Phone Mount,39.65,1,5,37.67,Debit Card,Completed,
ORD-002515,2025-11-06,CUST-00716,66.0,West,Website,Sports,Yoga Mat,27.08,1,20,21.66,Credit Card,Pending,4.2
ORD-002516,2025-03-17,CUST-00266,60.0,North,Marketplace,Beauty,Moisturizer,20.61,2,5,39.16,Crypto,Completed,2.9
ORD-002517,2026-04-02,CUST-00318,32.0,East,In-Store,Toys,LEGO Set,21.85,1,0,21.85,Gift Card,Returned,3.5
ORD-002518,2025-11-30,CUST-00232,66.0,South,Website,Clothing,Polo Shirt,63.98,1,0,63.98,Crypto,Completed,2.8
ORD-002519,2024-10-31,CUST-00799,62.0,North,Website,Automotive,Seat Covers,98.61,1,5,93.68,PayPal,Cancelled,3.3
ORD-002520,2026-02-01,CUST-00353,56.0,West,Website,Automotive,Dash Cam,86.32,1,10,77.69,PayPal,Returned,1.2
ORD-002521,2025-04-02,CUST-00489,48.0,West,Marketplace,Beauty,Hair Dryer,67.03,1,0,67.03,Credit Card,Completed,5.0
ORD-002522,2024-11-11,CUST-00690,28.0,East,Mobile App,Toys,Board Game,65.32,9,5,558.49,Crypto,Completed,2.8
ORD-002523,2025-01-01,CUST-00275,42.0,North,Marketplace,Toys,Doll Set,19.51,2,10,35.12,Gift Card,Completed,4.8
ORD-002524,2024-11-12,CUST-00741,44.0,Central,Marketplace,Beauty,Lip Gloss Set,13.37,1,5,12.7,Debit Card,Cancelled,3.9
ORD-002525,2025-10-24,CUST-00801,47.0,Central,Mobile App,Clothing,Denim Jacket,98.06,2,20,156.9,Gift Card,Completed,2.8
ORD-002526,2025-01-09,CUST-00670,29.0,South,Mobile App,Automotive,Car Vacuum,27.11,2,0,54.22,Crypto,Completed,2.9
ORD-002527,2026-05-10,CUST-00970,29.0,West,Marketplace,Automotive,Car Phone Mount,27.09,2,0,54.18,PayPal,Completed,2.7
ORD-002528,2025-11-19,CUST-00939,21.0,South,Website,Electronics,USB-C Hub,61.08,2,20,97.73,Debit Card,Completed,4.1
ORD-002529,2024-11-30,CUST-00259,42.0,East,Website,Home & Kitchen,Coffee Maker,135.22,5,20,540.88,Crypto,Returned,4.3
ORD-002530,2025-07-12,CUST-00627,67.0,East,Mobile App,Sports,Resistance Bands,31.92,1,0,31.92,Debit Card,Completed,2.6
ORD-002531,2025-10-05,CUST-00352,34.0,South,Mobile App,Home & Kitchen,Blender,67.07,2,0,134.14,Credit Card,Completed,4.8
ORD-002532,2026-06-26,CUST-00349,18.0,South,Website,Beauty,Perfume,77.85,1,15,66.17,Gift Card,Completed,3.1
ORD-002533,2024-09-25,CUST-00927,37.0,South,Mobile App,Sports,Resistance Bands,19.82,2,25,29.73,Credit Card,Completed,2.6
ORD-002534,2025-03-08,CUST-00571,29.0,West,Mobile App,Home & Kitchen,Knife Set,37.31,1,0,37.31,Crypto,Completed,
ORD-002535,2026-01-03,CUST-00173,23.0,North,Website,Electronics,Smartwatch,220.94,1,25,165.7,Credit Card,Cancelled,
ORD-002536,2026-06-23,CUST-00214,48.0,Central,Marketplace,Beauty,Hair Dryer,55.1,1,5,52.34,Debit Card,Completed,3.1
ORD-002537,2025-01-11,CUST-00717,29.0,North,Website,Home & Kitchen,Blender,54.08,2,15,91.94,Debit Card,Returned,4.2
ORD-002538,2026-07-24,CUST-00318,50.0,East,Website,Clothing,Polo Shirt,59.02,2,10,106.24,Credit Card,Completed,3.2
ORD-002539,2024-11-10,CUST-00719,19.0,North,Website,Electronics,USB-C Hub,26.29,1,5,24.98,Crypto,Completed,1.6
ORD-002540,2025-03-22,CUST-00004,43.0,North,Marketplace,Home & Kitchen,Coffee Maker,94.14,1,10,84.73,Crypto,Completed,2.1
ORD-002541,2025-03-12,CUST-00886,47.0,North,Website,Sports,Gym Bag,35.93,1,0,35.93,PayPal,Completed,
ORD-002542,2026-05-30,CUST-00416,64.0,Central,Mobile App,Beauty,Face Serum,60.12,1,5,57.11,PayPal,Completed,
ORD-002543,2026-08-05,CUST-00350,49.0,East,Marketplace,Toys,LEGO Set,61.1,1,20,48.88,Debit Card,Completed,2.5
ORD-002544,2026-04-12,CUST-00548,27.0,North,Mobile App,Home & Kitchen,Coffee Maker,95.76,1,0,95.76,Credit Card,Cancelled,4.9
ORD-002545,2024-10-10,CUST-00760,20.0,Central,Website,Books,Data Science Guide,36.13,7,0,252.91,Credit Card,Completed,1.4
ORD-002546,2026-06-18,CUST-00868,20.0,West,Mobile App,Clothing,Winter Coat,153.49,2,10,276.28,Credit Card,Completed,3.3
ORD-002547,2026-05-25,CUST-00362,35.0,South,Website,Clothing,Winter Coat,95.67,1,15,81.32,Debit Card,Pending,1.0
ORD-002548,2026-06-17,CUST-00608,31.0,North,Website,Books,Cook Book,32.15,1,10,28.93,PayPal,Cancelled,1.3
ORD-002549,2025-05-26,CUST-00020,37.0,West,Website,Automotive,Car Phone Mount,16.63,3,0,49.89,Crypto,Completed,5.0
ORD-002550,2025-08-29,CUST-00244,52.0,Central,Mobile App,Home & Kitchen,Knife Set,64.9,5,5,308.27,Crypto,Completed,3.1
ORD-002551,2025-01-09,CUST-00976,47.0,West,Marketplace,Books,Python Programming,14.86,1,10,13.37,Debit Card,Completed,3.8
ORD-002552,2026-07-20,CUST-00196,49.0,East,Website,Automotive,Dash Cam,143.86,1,0,143.86,PayPal,Returned,2.8
ORD-002553,2026-04-15,CUST-00488,51.0,North,Website,Home & Kitchen,Blender,100.16,5,5,475.76,Crypto,Completed,1.9
ORD-002554,2026-07-29,CUST-00782,48.0,South,Website,Electronics,Smartwatch,297.17,2,10,534.91,Gift Card,Completed,1.5
ORD-002555,2025-11-11,CUST-00582,44.0,East,Website,Toys,LEGO Set,93.58,1,15,79.54,Credit Card,Completed,1.9
ORD-002556,2024-11-25,CUST-00712,68.0,South,Website,Home & Kitchen,Knife Set,117.41,2,5,223.08,PayPal,Completed,1.9
ORD-002557,2026-07-21,CUST-00981,33.0,East,In-Store,Books,Python Programming,37.63,1,0,37.63,Credit Card,Cancelled,1.6
ORD-002558,2024-11-27,CUST-00187,54.0,West,Website,Clothing,Running Shoes,130.22,1,0,130.22,Credit Card,Completed,2.3
ORD-002559,2025-05-03,CUST-00129,35.0,Central,Marketplace,Electronics,Wireless Earbuds,101.17,2,10,182.11,Debit Card,Pending,4.9
ORD-002560,2025-10-03,CUST-00653,48.0,South,Marketplace,Automotive,Seat Covers,39.2,2,10,70.56,PayPal,Completed,4.6
ORD-002561,2026-03-21,CUST-00610,47.0,North,Marketplace,Automotive,Car Phone Mount,31.59,1,0,31.59,Debit Card,Completed,4.0
ORD-002562,2026-03-07,CUST-00208,45.0,South,Mobile App,Books,Cook Book,19.25,1,0,19.25,Credit Card,Completed,3.5
ORD-002563,2025-07-15,CUST-00661,38.0,East,Website,Sports,Jump Rope,11.65,1,20,9.32,Crypto,Completed,4.0
ORD-002564,2026-09-16,CUST-00944,64.0,East,Website,Beauty,Perfume,84.82,1,0,84.82,Debit Card,Completed,3.4
ORD-002565,2025-08-20,CUST-00884,54.0,East,In-Store,Electronics,USB-C Hub,42.14,1,5,40.03,Debit Card,Completed,1.9
ORD-002566,2026-03-09,CUST-00218,39.0,Central,Marketplace,Toys,Doll Set,15.12,1,5,14.36,PayPal,Completed,3.8
ORD-002567,2026-07-24,CUST-00524,33.0,North,Marketplace,Automotive,Dash Cam,70.66,1,15,60.06,Debit Card,Completed,2.1
ORD-002568,2025-06-04,CUST-00318,58.0,North,Marketplace,Books,Python Programming,21.33,2,0,42.66,Debit Card,Completed,2.0
ORD-002569,2025-09-09,CUST-00057,21.0,South,Website,Beauty,Moisturizer,44.8,2,5,85.12,Credit Card,Completed,
ORD-002570,2025-01-31,CUST-00839,49.0,North,Mobile App,Home & Kitchen,Coffee Maker,90.01,1,5,85.51,Credit Card,Completed,3.1
ORD-002571,2025-10-15,CUST-00716,39.0,North,Website,Electronics,Bluetooth Speaker,159.44,1,0,159.44,Debit Card,Cancelled,3.7
ORD-002572,2025-03-02,CUST-00161,20.0,East,Marketplace,Toys,Board Game,14.28,1,10,12.85,Credit Card,Completed,4.2
ORD-002573,2026-09-21,CUST-00256,57.0,East,In-Store,Automotive,Car Vacuum,22.58,1,0,22.58,PayPal,Completed,3.8
ORD-002574,2025-08-19,CUST-00113,43.0,East,Mobile App,Sports,Yoga Mat,42.74,1,20,34.19,PayPal,Completed,4.6
ORD-002575,2025-10-10,CUST-00666,65.0,South,In-Store,Toys,Remote Car,33.46,7,10,210.8,Crypto,Completed,2.7
ORD-002576,2025-10-11,CUST-00686,,Central,Mobile App,Toys,Remote Car,77.79,1,0,77.79,Crypto,Completed,
ORD-002577,2026-03-18,CUST-00043,40.0,East,Website,Electronics,USB-C Hub,33.43,3,0,100.29,PayPal,Completed,3.0
ORD-002578,2025-05-21,CUST-00314,66.0,South,Mobile App,Toys,Doll Set,35.04,2,20,56.06,Crypto,Completed,1.2
ORD-002579,2026-02-09,CUST-00784,50.0,West,Marketplace,Electronics,Wireless Earbuds,34.72,1,20,27.78,Credit Card,Completed,2.9
ORD-002580,2025-01-27,CUST-00819,50.0,West,Mobile App,Clothing,Winter Coat,126.67,4,0,506.68,Crypto,Cancelled,1.5
ORD-002581,2025-07-07,CUST-00837,55.0,East,In-Store,Automotive,Car Vacuum,59.53,2,0,119.06,Gift Card,Completed,1.1
ORD-002582,2025-09-18,CUST-00550,27.0,South,Website,Toys,Board Game,51.99,2,15,88.38,Debit Card,Completed,
ORD-002583,2026-02-25,CUST-00568,40.0,North,Mobile App,Automotive,Dash Cam,84.92,1,15,72.18,PayPal,Completed,2.8
ORD-002584,2025-04-23,CUST-00745,51.0,North,In-Store,Toys,Board Game,13.35,3,10,36.05,Debit Card,Completed,2.8
ORD-002585,2026-01-12,CUST-00291,42.0,Central,Mobile App,Beauty,Face Serum,40.94,0,5,116.68,Crypto,Completed,
ORD-002586,2024-09-26,CUST-00389,53.0,Central,Mobile App,Automotive,Seat Covers,58.6,1,20,46.88,Crypto,Completed,
ORD-002587,2025-12-17,CUST-00312,31.0,East,Mobile App,Beauty,Lip Gloss Set,51.73,1,0,51.73,PayPal,Completed,4.3
ORD-002588,2026-01-05,CUST-00050,40.0,West,Website,Sports,Resistance Bands,26.45,1,0,26.45,Debit Card,Completed,
ORD-002589,2026-02-21,CUST-00246,30.0,West,Marketplace,Beauty,Lip Gloss Set,11.88,1,15,10.1,Crypto,Returned,
ORD-002590,2025-06-23,CUST-00111,27.0,Central,Marketplace,Clothing,Polo Shirt,37.28,1,10,33.55,Crypto,Completed,2.9
ORD-002591,2026-03-20,CUST-00142,21.0,East,In-Store,Electronics,Wireless Earbuds,50.69,3,10,136.86,PayPal,Completed,
ORD-002592,2026-07-15,CUST-00763,49.0,North,Mobile App,Beauty,Perfume,87.24,1,0,87.24,Gift Card,Cancelled,3.3
ORD-002593,2026-03-21,CUST-00139,36.0,East,Website,Toys,Puzzle 1000pc,14.91,1,10,13.42,Crypto,Completed,4.2
ORD-002594,2026-01-09,CUST-00029,32.0,North,Mobile App,Books,Fiction Novel,8.22,1,10,7.4,PayPal,Completed,2.2
ORD-002595,2025-04-19,CUST-00109,44.0,West,In-Store,Electronics,USB-C Hub,46.39,2,15,78.86,Gift Card,Pending,5.0
ORD-002596,2026-08-25,CUST-00200,46.0,East,Website,Toys,Remote Car,50.72,1,5,48.18,Gift Card,Returned,2.3
ORD-002597,2026-01-17,CUST-00256,24.0,North,Website,Beauty,Lip Gloss Set,7.97,1,0,7.97,PayPal,Completed,2.9
ORD-002598,2025-12-26,CUST-00578,50.0,North,Marketplace,Home & Kitchen,Knife Set,42.09,1,5,39.99,Credit Card,Cancelled,1.7
ORD-002599,2026-07-06,CUST-00045,51.0,Central,Marketplace,Electronics,Laptop Stand,30.26,3,5,86.24,Debit Card,Completed,
ORD-002600,2024-11-10,CUST-00598,57.0,Central,Website,Sports,Water Bottle,27.46,1,10,24.71,Debit Card,Completed,2.9
ORD-002601,2025-09-14,CUST-00289,53.0,East,Website,Beauty,Hair Dryer,81.48,1,20,65.18,Credit Card,Completed,2.0
ORD-002602,2025-12-25,CUST-00196,41.0,North,Website,Home & Kitchen,Knife Set,100.7,2,15,171.19,Crypto,Completed,
ORD-002603,2025-03-11,CUST-00893,55.0,North,In-Store,Electronics,Smartwatch,305.53,1,15,259.7,Credit Card,Completed,2.5
ORD-002604,2025-01-29,CUST-00255,68.0,Central,Mobile App,Clothing,Yoga Pants,45.08,1,10,40.57,Crypto,Completed,4.7
ORD-002605,2026-04-29,CUST-00851,60.0,North,Marketplace,Clothing,Winter Coat,150.06,1,15,127.55,Gift Card,Completed,4.8
ORD-002606,2026-02-04,CUST-00566,23.0,South,Website,Home & Kitchen,Knife Set,50.77,1,5,48.23,Credit Card,Completed,
ORD-002607,2025-08-03,CUST-00879,62.0,Central,Mobile App,Books,Python Programming,33.05,1,0,33.05,PayPal,Completed,4.7
ORD-002608,2026-01-07,CUST-00895,41.0,Central,Mobile App,Books,Data Science Guide,20.75,1,0,20.75,PayPal,Completed,
ORD-002609,2025-12-10,CUST-00049,22.0,West,Mobile App,Toys,LEGO Set,108.7,2,0,217.4,PayPal,Completed,3.1
ORD-002610,2026-08-31,CUST-00363,60.0,West,Website,Electronics,Smartwatch,130.37,3,15,332.44,Crypto,Completed,2.8
ORD-002611,2025-10-09,CUST-00744,57.0,East,Website,Automotive,Car Vacuum,36.78,2,0,73.56,Debit Card,Returned,2.1
ORD-002612,2026-07-04,CUST-00624,29.0,North,Marketplace,Automotive,Car Phone Mount,29.53,1,0,29.53,Crypto,Completed,2.2
ORD-002613,2026-02-05,CUST-00018,53.0,South,Website,Toys,Board Game,11.59,1,15,9.85,Crypto,Completed,3.8
ORD-002614,2025-08-24,CUST-00248,59.0,North,Mobile App,Electronics,Laptop Stand,51.89,1,20,41.51,Credit Card,Completed,3.4
ORD-002615,2025-04-23,CUST-00330,35.0,South,Website,Beauty,Perfume,56.64,2,0,113.28,Crypto,Cancelled,
ORD-002616,2026-03-21,CUST-00614,55.0,East,Marketplace,Automotive,Seat Covers,69.43,2,5,131.92,Crypto,Completed,4.3
ORD-002617,2026-03-16,CUST-00013,47.0,South,Mobile App,Sports,Gym Bag,26.09,1,0,26.09,Credit Card,Completed,
ORD-002618,2025-11-19,CUST-00973,30.0,South,Mobile App,Automotive,Car Phone Mount,42.39,1,5,40.27,PayPal,Completed,1.8
ORD-002619,2025-05-31,CUST-00907,20.0,North,Mobile App,Electronics,USB-C Hub,41.75,2,0,83.5,Gift Card,Completed,1.2
ORD-002620,2024-10-17,CUST-00275,32.0,East,Website,Sports,Gym Bag,23.3,3,20,55.92,PayPal,Completed,2.8
ORD-002621,2026-01-01,CUST-00680,24.0,Central,Marketplace,Books,Data Science Guide,29.84,2,10,53.71,PayPal,Completed,3.3
ORD-002622,2025-09-09,CUST-00369,29.0,South,In-Store,Automotive,Car Phone Mount,32.83,2,15,55.81,Credit Card,Completed,3.3
ORD-002623,2026-09-23,CUST-00396,47.0,North,In-Store,Toys,Puzzle 1000pc,37.47,1,0,37.47,Gift Card,Completed,1.9
ORD-002624,2025-06-22,CUST-00712,68.0,South,Website,Books,Fiction Novel,22.77,3,15,58.06,Crypto,Completed,4.7
ORD-002625,2026-07-17,CUST-00678,47.0,South,Marketplace,Beauty,Hair Dryer,55.87,2,5,106.15,Debit Card,Cancelled,2.6
ORD-002626,2025-08-06,CUST-00982,56.0,South,Website,Clothing,Yoga Pants,60.06,1,25,45.05,Debit Card,Returned,2.9
ORD-002627,2025-12-30,CUST-00375,56.0,East,Mobile App,Toys,Puzzle 1000pc,61.19,3,5,174.39,Credit Card,Completed,2.3
ORD-002628,2026-03-09,CUST-00140,66.0,East,Website,Home & Kitchen,Air Fryer,146.65,2,0,293.3,Gift Card,Completed,4.5
ORD-002629,2025-11-20,CUST-00607,58.0,Central,Mobile App,Sports,Jump Rope,12.39,1,0,12.39,Crypto,Completed,3.7
ORD-002630,2026-09-19,CUST-00237,24.0,Central,Marketplace,Beauty,Perfume,70.05,1,15,59.54,PayPal,Completed,4.4
ORD-002631,2025-05-27,CUST-00155,57.0,East,Website,Toys,Puzzle 1000pc,34.83,1,10,31.35,Gift Card,Returned,2.3
ORD-002632,2025-04-27,CUST-00683,38.0,North,Marketplace,Home & Kitchen,Bed Sheets,75.67,2,0,151.34,Credit Card,Completed,1.3
ORD-002633,2025-05-14,CUST-00471,23.0,South,Mobile App,Toys,LEGO Set,50.53,1,15,42.95,PayPal,Pending,3.5
ORD-002634,2026-07-04,CUST-00689,54.0,Central,Mobile App,Home & Kitchen,Air Fryer,188.75,1,0,188.75,Debit Card,Completed,4.9
ORD-002635,2024-12-28,CUST-00202,47.0,South,Website,Electronics,Bluetooth Speaker,212.9,4,5,809.02,PayPal,Completed,3.0
ORD-002636,2024-12-09,CUST-00993,22.0,East,Marketplace,Books,Cook Book,64.86,3,20,155.66,Credit Card,Completed,
ORD-002637,2026-06-14,CUST-00084,42.0,Central,Marketplace,Home & Kitchen,Coffee Maker,32.52,1,0,32.52,Crypto,Returned,
ORD-002638,2025-11-21,CUST-00424,58.0,East,Marketplace,Clothing,Denim Jacket,150.05,2,0,300.1,Crypto,Completed,1.8
ORD-002639,2024-11-11,CUST-00016,60.0,South,Website,Clothing,Polo Shirt,69.09,1,5,65.64,Gift Card,Completed,3.9
ORD-002640,2025-10-11,CUST-00153,55.0,West,Marketplace,Home & Kitchen,Knife Set,34.31,2,20,54.9,Credit Card,Completed,2.0
ORD-002641,2025-12-04,CUST-00866,34.0,South,In-Store,Sports,Gym Bag,99.66,4,10,358.78,PayPal,Completed,4.0
ORD-002642,2024-11-10,CUST-00821,25.0,West,Marketplace,Sports,Gym Bag,44.1,1,25,33.08,Gift Card,Completed,
ORD-002643,2025-08-17,CUST-00048,53.0,West,Website,Clothing,Yoga Pants,64.16,1,0,64.16,Gift Card,Completed,
ORD-002644,2026-04-13,CUST-00720,28.0,East,Mobile App,Automotive,Tire Inflator,30.57,1,5,29.04,Credit Card,Completed,3.8
ORD-002645,2025-11-07,CUST-00176,33.0,East,Mobile App,Automotive,Car Vacuum,57.13,1,10,51.42,Debit Card,Completed,4.8
ORD-002646,2024-10-27,CUST-00742,22.0,West,Website,Automotive,Dash Cam,58.06,1,0,58.06,Credit Card,Completed,3.0
ORD-002647,2025-02-12,CUST-00635,68.0,Central,Mobile App,Electronics,Smartwatch,185.74,1,5,176.45,Crypto,Completed,2.8
ORD-002648,2025-09-14,CUST-00874,34.0,Central,Website,Books,Fiction Novel,21.01,1,25,15.76,PayPal,Completed,4.3
ORD-002649,2025-04-25,CUST-00491,40.0,South,In-Store,Automotive,Seat Covers,58.94,1,0,58.94,Crypto,Completed,2.7
ORD-002650,2025-06-21,CUST-00165,68.0,East,In-Store,Toys,Puzzle 1000pc,36.16,2,0,72.32,PayPal,Completed,1.8
ORD-002651,2025-04-28,CUST-00256,34.0,North,Marketplace,Electronics,Bluetooth Speaker,33.95,1,5,32.25,Gift Card,Completed,1.7
ORD-002652,2025-11-09,CUST-00859,30.0,South,Marketplace,Home & Kitchen,Blender,97.03,4,25,291.09,Credit Card,Cancelled,3.1
ORD-002653,2026-01-05,CUST-00438,18.0,East,Marketplace,Clothing,Denim Jacket,69.38,2,0,138.76,PayPal,Completed,
ORD-002654,2026-07-09,CUST-00866,45.0,North,Mobile App,Automotive,Dash Cam,42.76,3,10,115.45,Debit Card,Completed,
ORD-002655,2026-05-17,CUST-00910,40.0,South,Mobile App,Home & Kitchen,Bed Sheets,58.36,1,5,55.44,PayPal,Completed,3.9
ORD-002656,2026-01-10,CUST-00980,67.0,East,Marketplace,Beauty,Face Serum,42.75,2,0,85.5,Credit Card,Completed,3.8
ORD-002657,2025-07-14,CUST-00213,38.0,North,Website,Sports,Resistance Bands,14.56,1,20,-11.65,Crypto,Completed,1.5
ORD-002658,2025-08-20,CUST-00003,47.0,South,Mobile App,Electronics,Smartwatch,322.75,2,10,580.95,Debit Card,Cancelled,1.8
ORD-002659,2024-12-08,CUST-00786,63.0,Central,Website,Beauty,Moisturizer,65.35,1,25,49.01,Gift Card,Completed,4.5
ORD-002660,2025-12-21,CUST-00804,31.0,West,Mobile App,Toys,Remote Car,43.9,2,15,74.63,Gift Card,Completed,1.0
ORD-002661,2025-03-16,CUST-00066,61.0,North,Website,Electronics,Laptop Stand,36.45,1,20,29.16,Crypto,Completed,1.0
ORD-002662,2026-05-20,CUST-00029,44.0,North,Website,Sports,Water Bottle,26.37,1,5,25.05,Credit Card,Completed,3.3
ORD-002663,2025-07-21,CUST-00099,44.0,North,Website,Home & Kitchen,Blender,37.07,2,0,74.14,PayPal,Returned,4.9
ORD-002664,2025-09-10,CUST-00126,26.0,East,Marketplace,Toys,LEGO Set,75.82,1,15,64.45,PayPal,Completed,3.8
ORD-002665,2025-01-09,CUST-00467,62.0,West,Mobile App,Electronics,Laptop Stand,36.87,2,10,66.37,Debit Card,Completed,1.2
ORD-002666,2025-03-16,CUST-00349,39.0,South,Mobile App,Sports,Jump Rope,15.94,1,0,15.94,Credit Card,Completed,
ORD-002667,2026-05-14,CUST-00855,23.0,South,Mobile App,Home & Kitchen,Knife Set,40.99,2,10,73.78,Gift Card,Completed,1.2
ORD-002668,2025-07-08,CUST-00244,18.0,North,Website,Automotive,Seat Covers,62.53,1,0,62.53,PayPal,Returned,4.2
ORD-002669,2025-09-15,CUST-00819,62.0,East,Marketplace,Automotive,Car Phone Mount,33.35,2,5,63.37,Debit Card,Completed,1.9
ORD-002670,2026-08-11,CUST-00901,56.0,South,Website,Beauty,Perfume,89.47,2,5,169.99,PayPal,Completed,2.8
ORD-002671,2025-10-06,CUST-00607,46.0,Central,Website,Clothing,Running Shoes,103.89,1,15,88.31,PayPal,Completed,4.9
ORD-002672,2025-05-18,CUST-00090,,,Website,Sports,Water Bottle,25.84,2,10,46.51,Gift Card,Pending,
ORD-002673,2025-08-03,CUST-00357,42.0,South,Website,Automotive,Car Phone Mount,33.94,1,0,33.94,Debit Card,Completed,3.4
ORD-002674,2026-06-14,CUST-00470,51.0,West,Mobile App,Electronics,Wireless Earbuds,140.54,1,0,140.54,Credit Card,Completed,3.3
ORD-002675,2024-11-14,CUST-00288,66.0,West,In-Store,Books,Python Programming,50.75,1,20,40.6,Credit Card,Completed,3.3
ORD-002676,2024-11-29,CUST-00130,32.0,West,Website,Automotive,Car Vacuum,83.45,1,15,70.93,PayPal,Completed,4.6
ORD-002677,2025-11-07,CUST-00904,53.0,Central,Mobile App,Books,Fiction Novel,25.36,0,15,43.11,Debit Card,Completed,4.9
ORD-002678,2025-05-18,CUST-00786,,East,Marketplace,Toys,Doll Set,43.78,1,10,39.4,Gift Card,Completed,
ORD-002679,2025-08-21,CUST-00292,37.0,Central,Mobile App,Electronics,Wireless Earbuds,96.03,1,5,91.23,Gift Card,Returned,3.6
ORD-002680,2025-12-26,CUST-00676,43.0,East,Marketplace,Sports,Water Bottle,32.78,1,20,26.22,PayPal,Completed,1.2
ORD-002681,2026-05-12,CUST-00949,54.0,East,Website,Home & Kitchen,Bed Sheets,30.42,2,10,54.76,Debit Card,Completed,2.4
ORD-002682,2025-10-24,CUST-00266,58.0,South,Website,Clothing,Polo Shirt,18.03,1,15,15.33,Gift Card,Completed,2.3
ORD-002683,2024-12-20,CUST-00587,,West,Website,Electronics,USB-C Hub,96.99,1,15,82.44,PayPal,Completed,
ORD-002684,2025-04-12,CUST-00074,20.0,West,Mobile App,Beauty,Lip Gloss Set,22.65,2,15,38.5,PayPal,Pending,2.2
ORD-002685,2024-12-22,CUST-00687,61.0,North,Marketplace,Automotive,Dash Cam,73.99,2,5,140.58,Crypto,Completed,4.5
ORD-002686,2025-09-17,CUST-00003,63.0,West,Mobile App,Books,Business Mindset,28.89,1,10,26.0,Debit Card,Completed,1.8
ORD-002687,2025-11-08,CUST-00419,20.0,Central,Mobile App,Beauty,Perfume,40.6,2,20,64.96,PayPal,Completed,3.7
ORD-002688,2025-03-31,CUST-00142,39.0,West,Website,Home & Kitchen,Coffee Maker,32.35,1,25,24.26,Debit Card,Completed,
ORD-002689,2025-05-01,CUST-00609,45.0,North,Website,Clothing,Yoga Pants,50.54,2,0,101.08,Debit Card,Completed,1.3
ORD-002690,2025-02-10,CUST-00322,27.0,East,Website,Beauty,Face Serum,35.82,2,15,60.89,Crypto,Pending,
ORD-002691,2026-01-14,CUST-00076,35.0,South,Mobile App,Electronics,Wireless Earbuds,63.08,1,5,59.93,PayPal,Completed,2.4
ORD-002692,2025-07-14,CUST-00565,64.0,Central,Website,Automotive,Tire Inflator,39.67,1,0,39.67,Gift Card,Completed,2.9
ORD-002693,2025-09-27,CUST-00415,33.0,North,In-Store,Electronics,USB-C Hub,34.43,1,5,32.71,Debit Card,Cancelled,3.2
ORD-002694,2025-11-21,CUST-00571,39.0,East,Website,Electronics,Laptop Stand,60.11,1,0,60.11,Credit Card,Cancelled,2.3
ORD-002695,2025-08-24,CUST-00723,61.0,East,Mobile App,Beauty,Face Serum,27.56,2,5,52.36,Crypto,Completed,3.4
ORD-002696,2026-09-13,CUST-00420,,South,Mobile App,Sports,Resistance Bands,16.11,3,0,48.33,Gift Card,Completed,
ORD-002697,2026-06-01,CUST-00677,61.0,South,In-Store,Home & Kitchen,Coffee Maker,78.04,3,5,222.41,Crypto,Cancelled,1.7
ORD-002698,2026-06-12,CUST-00972,59.0,East,Mobile App,Home & Kitchen,Coffee Maker,37.45,1,5,35.58,Crypto,Completed,1.1
ORD-002699,2025-05-23,CUST-00349,57.0,North,Website,Automotive,Car Phone Mount,33.78,2,0,67.56,Credit Card,Completed,2.0
ORD-002700,2025-04-26,CUST-00168,61.0,North,Website,Electronics,USB-C Hub,35.55,3,5,101.32,Credit Card,Completed,2.0
ORD-002701,2025-04-12,CUST-00075,39.0,Central,Website,Books,Fiction Novel,17.42,2,20,27.87,Crypto,Returned,1.4
ORD-002702,2026-09-16,CUST-00942,,,Website,Books,Python Programming,30.22,3,0,90.66,Credit Card,Cancelled,
ORD-002703,2026-06-17,CUST-00465,46.0,North,Website,Books,Cook Book,27.78,5,0,138.9,Gift Card,Completed,3.2
ORD-002704,2025-07-22,CUST-00199,23.0,South,Website,Home & Kitchen,Blender,120.07,3,0,360.21,Gift Card,Returned,1.1
ORD-002705,2025-02-26,CUST-00924,35.0,East,Website,Home & Kitchen,Bed Sheets,57.49,1,10,51.74,Crypto,Completed,1.5
ORD-002706,2026-03-17,CUST-00839,70.0,North,Mobile App,Automotive,Tire Inflator,24.74,3,10,66.8,PayPal,Completed,2.0
ORD-002707,2026-03-05,CUST-00564,46.0,West,Mobile App,Beauty,Moisturizer,25.02,1,0,25.02,Crypto,Completed,2.0
ORD-002708,2025-04-14,CUST-00480,57.0,West,Marketplace,Electronics,Bluetooth Speaker,56.4,1,5,53.58,Credit Card,Pending,
ORD-002709,2026-04-17,CUST-00535,61.0,North,Marketplace,Automotive,Dash Cam,85.03,1,0,85.03,Debit Card,Completed,4.6
ORD-002710,2025-03-14,CUST-00002,39.0,East,Website,Clothing,Polo Shirt,21.26,4,5,80.79,Crypto,Completed,2.7
ORD-002711,2026-02-11,CUST-00207,54.0,North,Mobile App,Toys,Puzzle 1000pc,17.68,1,0,17.68,Crypto,Completed,4.9
ORD-002712,2026-03-18,CUST-00196,41.0,North,Marketplace,Beauty,Face Serum,22.93,4,10,82.55,PayPal,Completed,2.0
ORD-002713,2026-03-28,CUST-00087,46.0,Central,Mobile App,Sports,Yoga Mat,42.18,2,15,71.71,Gift Card,Completed,1.1
ORD-002714,2026-02-28,CUST-00799,47.0,West,Mobile App,Electronics,Wireless Earbuds,62.48,1,10,56.23,Credit Card,Completed,
ORD-002715,2025-10-22,CUST-00292,46.0,South,Website,Clothing,Running Shoes,85.47,2,0,170.94,Gift Card,Completed,3.4
ORD-002716,2024-11-19,CUST-00336,48.0,North,Website,Home & Kitchen,Knife Set,68.88,1,10,61.99,Gift Card,Cancelled,
ORD-002717,2026-01-22,CUST-00029,28.0,South,Website,Electronics,Wireless Earbuds,69.05,2,15,117.38,Credit Card,Completed,3.3
ORD-002718,2025-11-14,CUST-00691,,,Mobile App,Books,Fiction Novel,14.28,2,0,28.56,Crypto,Completed,
ORD-002719,2025-07-24,CUST-00433,40.0,East,Mobile App,Automotive,Seat Covers,69.93,1,20,55.94,Crypto,Completed,4.0
ORD-002720,2025-11-30,CUST-00782,36.0,East,Mobile App,Home & Kitchen,Bed Sheets,88.53,1,10,79.68,Debit Card,Completed,
ORD-002721,2026-04-17,CUST-00299,47.0,North,In-Store,Clothing,Yoga Pants,54.34,5,0,271.7,PayPal,Completed,
ORD-002722,2026-09-04,CUST-00405,,,Marketplace,Books,Cook Book,36.55,1,15,31.07,Gift Card,Completed,
ORD-002723,2025-09-06,CUST-00091,43.0,West,Website,Electronics,Bluetooth Speaker,68.24,1,5,64.83,Credit Card,Returned,3.5
ORD-002724,2024-10-11,CUST-00528,61.0,North,Website,Clothing,Yoga Pants,42.51,4,10,153.04,PayPal,Completed,3.9
ORD-002725,2026-03-28,CUST-00579,38.0,Central,Mobile App,Beauty,Lip Gloss Set,13.11,5,5,62.27,Crypto,Completed,4.1
ORD-002726,2025-06-13,CUST-00923,22.0,North,Website,Home & Kitchen,Bed Sheets,72.88,1,0,72.88,Credit Card,Cancelled,4.2
ORD-002727,2026-05-17,CUST-00625,40.0,Central,Mobile App,Sports,Jump Rope,13.65,3,20,32.76,PayPal,Completed,1.3
ORD-002728,2026-02-06,CUST-00839,18.0,West,Marketplace,Toys,LEGO Set,40.63,3,0,121.89,Debit Card,Completed,4.4
ORD-002729,2025-09-23,CUST-00272,39.0,South,Website,Electronics,Smartwatch,136.17,1,20,108.94,Crypto,Completed,
ORD-002730,2026-07-22,CUST-00589,57.0,Central,Marketplace,Beauty,Perfume,83.16,1,0,83.16,Crypto,Cancelled,1.4
ORD-002731,2024-11-15,CUST-00482,29.0,East,Mobile App,Home & Kitchen,Air Fryer,233.4,3,15,595.17,Gift Card,Completed,1.0
ORD-002732,2024-10-20,CUST-00561,49.0,East,Mobile App,Books,Cook Book,48.08,4,5,182.7,Debit Card,Completed,2.8
ORD-002733,2025-04-15,CUST-00820,57.0,South,Mobile App,Beauty,Hair Dryer,24.27,2,0,48.54,Debit Card,Completed,4.4
ORD-002734,2025-05-10,CUST-00964,36.0,West,Website,Automotive,Car Vacuum,62.69,1,10,56.42,PayPal,Completed,2.8
ORD-002735,2024-12-23,CUST-00626,18.0,South,Marketplace,Clothing,Denim Jacket,109.76,5,0,548.8,Gift Card,Pending,2.7
ORD-002736,2026-05-12,CUST-00341,,,In-Store,Beauty,Hair Dryer,51.86,1,10,46.67,Gift Card,Completed,
ORD-002737,2025-02-11,CUST-00541,40.0,East,Marketplace,Electronics,Wireless Earbuds,41.81,1,0,41.81,Crypto,Completed,4.2
ORD-002738,2026-09-06,CUST-00369,33.0,West,Mobile App,Toys,LEGO Set,89.38,2,0,178.76,Crypto,Completed,
ORD-002739,2025-12-14,CUST-00629,20.0,East,Mobile App,Electronics,USB-C Hub,34.26,4,5,130.19,PayPal,Pending,
ORD-002740,2026-08-17,CUST-00248,59.0,South,Website,Home & Kitchen,Coffee Maker,83.94,2,20,134.3,Crypto,Pending,4.5
ORD-002741,2025-03-25,CUST-00166,24.0,East,Website,Automotive,Car Phone Mount,20.89,2,10,37.6,PayPal,Completed,
ORD-002742,2024-10-14,CUST-00504,43.0,Central,Marketplace,Home & Kitchen,Air Fryer,98.29,2,10,176.92,Gift Card,Cancelled,4.2
ORD-002743,2026-01-10,CUST-00356,38.0,Central,Marketplace,Toys,LEGO Set,34.24,1,20,27.39,PayPal,Completed,2.4
ORD-002744,2026-01-17,CUST-00644,28.0,Central,Mobile App,Sports,Yoga Mat,26.97,2,0,53.94,Debit Card,Completed,
ORD-002745,2025-04-23,CUST-00324,29.0,Central,Website,Toys,Puzzle 1000pc,24.1,1,20,19.28,Gift Card,Cancelled,4.0
ORD-002746,2026-09-01,CUST-00037,70.0,East,Website,Home & Kitchen,Blender,113.2,1,5,107.54,Debit Card,Completed,3.7
ORD-002747,2025-12-28,CUST-00172,45.0,South,Marketplace,Automotive,Car Phone Mount,54.05,1,15,45.94,Credit Card,Completed,2.5
ORD-002748,2024-09-25,CUST-00767,39.0,West,Mobile App,Sports,Resistance Bands,31.95,1,20,25.56,Debit Card,Completed,3.7
ORD-002749,2025-07-21,CUST-00388,53.0,North,Marketplace,Home & Kitchen,Bed Sheets,36.08,2,5,68.55,Debit Card,Completed,2.9
ORD-002750,2026-01-24,CUST-00762,40.0,North,Mobile App,Books,Business Mindset,16.98,1,0,16.98,Gift Card,Completed,3.6
ORD-002751,2025-02-03,CUST-00178,59.0,South,In-Store,Beauty,Lip Gloss Set,10.44,4,20,33.41,Debit Card,Returned,2.8
ORD-002752,2025-04-01,CUST-00544,32.0,East,Marketplace,Electronics,Wireless Earbuds,63.3,4,0,253.2,Crypto,Completed,4.1
ORD-002753,2026-04-12,CUST-00830,66.0,West,In-Store,Home & Kitchen,Coffee Maker,81.68,1,15,69.43,Credit Card,Completed,2.0
ORD-002754,2025-12-15,CUST-00421,47.0,Central,Mobile App,Home & Kitchen,Knife Set,75.8,1,0,75.8,Debit Card,Pending,4.6
ORD-002755,2025-12-12,CUST-00995,36.0,Central,Mobile App,Electronics,Laptop Stand,49.17,1,5,46.71,Credit Card,Completed,3.6
ORD-002756,2025-07-15,CUST-00806,,,Website,Toys,Puzzle 1000pc,19.45,1,5,18.48,Credit Card,Completed,
ORD-002757,2026-07-12,CUST-00729,39.0,South,Mobile App,Toys,Puzzle 1000pc,34.54,1,0,34.54,Credit Card,Pending,3.2
ORD-002758,2025-02-01,CUST-00030,38.0,North,Mobile App,Beauty,Hair Dryer,38.93,1,10,35.04,Crypto,Cancelled,3.5
ORD-002759,2026-05-21,CUST-00423,26.0,North,Mobile App,Sports,Resistance Bands,20.39,1,0,20.39,Gift Card,Completed,
ORD-002760,2026-01-05,CUST-00524,66.0,North,Mobile App,Electronics,Smartwatch,249.79,2,0,499.58,Debit Card,Completed,1.4
ORD-002761,2026-03-14,CUST-00435,20.0,Central,Mobile App,Toys,Remote Car,42.13,2,0,84.26,PayPal,Cancelled,5.0
ORD-002762,2024-09-27,CUST-00469,59.0,East,Marketplace,Electronics,Wireless Earbuds,81.32,1,0,81.32,Debit Card,Completed,1.5
ORD-002763,2025-05-19,CUST-00073,62.0,East,In-Store,Automotive,Tire Inflator,37.44,2,15,63.65,PayPal,Completed,2.5
ORD-002764,2026-01-08,CUST-00352,33.0,Central,Mobile App,Sports,Water Bottle,23.76,1,5,22.57,PayPal,Completed,4.6
ORD-002765,2026-08-10,CUST-00454,,,Website,Toys,Remote Car,53.79,1,10,48.41,PayPal,Cancelled,
ORD-002766,2025-04-13,CUST-00321,60.0,South,Marketplace,Books,Fiction Novel,11.78,2,0,23.56,PayPal,Completed,4.8
ORD-002767,2026-02-13,CUST-00895,36.0,North,Mobile App,Home & Kitchen,Air Fryer,74.89,1,5,71.15,Debit Card,Completed,2.5
ORD-002768,2026-04-30,CUST-00042,19.0,South,Mobile App,Sports,Water Bottle,10.22,2,15,17.37,Crypto,Completed,2.9
ORD-002769,2026-03-09,CUST-00747,65.0,East,Mobile App,Home & Kitchen,Knife Set,76.87,1,0,76.87,Debit Card,Completed,4.1
ORD-002770,2026-05-30,CUST-00597,19.0,South,In-Store,Sports,Water Bottle,7.43,1,15,6.32,Crypto,Completed,4.2
ORD-002771,2024-11-28,CUST-00843,54.0,Central,In-Store,Sports,Yoga Mat,29.8,1,15,25.33,PayPal,Completed,2.4
ORD-002772,2025-07-09,CUST-00290,27.0,West,Mobile App,Beauty,Hair Dryer,70.99,1,15,60.34,PayPal,Completed,3.6
ORD-002773,2025-12-16,CUST-00922,32.0,Central,Website,Beauty,Perfume,106.56,1,0,106.56,Credit Card,Completed,4.9
ORD-002774,2024-12-30,CUST-00207,52.0,South,Mobile App,Sports,Gym Bag,88.8,1,5,84.36,Gift Card,Completed,2.8
ORD-002775,2026-06-27,CUST-00840,62.0,South,Website,Toys,LEGO Set,38.92,1,0,38.92,Credit Card,Completed,3.5
ORD-002776,2026-08-22,CUST-00095,,,Mobile App,Books,Fiction Novel,9.42,1,0,9.42,PayPal,Completed,
ORD-002777,2024-11-13,CUST-00072,70.0,Central,Website,Electronics,Bluetooth Speaker,126.98,1,10,114.28,Crypto,Completed,1.8
ORD-002778,2026-04-23,CUST-00158,62.0,North,Mobile App,Clothing,Winter Coat,193.55,1,0,193.55,Debit Card,Completed,3.9
ORD-002779,2025-03-16,CUST-00779,63.0,West,Marketplace,Books,Python Programming,24.38,1,0,24.38,Crypto,Completed,4.9
ORD-002780,2026-05-16,CUST-00223,48.0,Central,In-Store,Clothing,Polo Shirt,16.95,2,20,27.12,Credit Card,Completed,4.2
ORD-002781,2025-09-15,CUST-00115,69.0,South,Marketplace,Sports,Yoga Mat,27.98,2,20,44.77,Debit Card,Completed,2.0
ORD-002782,2025-11-27,CUST-00505,63.0,North,Website,Sports,Gym Bag,49.91,1,0,49.91,Gift Card,Completed,1.2
ORD-002783,2025-07-15,CUST-00367,43.0,West,Website,Automotive,Tire Inflator,56.99,1,15,-48.44,Credit Card,Returned,1.8
ORD-002784,2024-09-28,CUST-00516,19.0,North,Website,Electronics,Smartwatch,282.76,1,25,212.07,Credit Card,Completed,4.0
ORD-002785,2026-03-18,CUST-00211,43.0,North,Mobile App,Books,Fiction Novel,14.72,1,20,11.78,Crypto,Completed,
ORD-002786,2025-09-23,CUST-00733,24.0,South,In-Store,Toys,Puzzle 1000pc,29.66,1,0,29.66,Debit Card,Completed,1.1
ORD-002787,2026-04-29,CUST-00594,44.0,West,Marketplace,Beauty,Hair Dryer,73.45,1,15,62.43,Credit Card,Completed,
ORD-002788,2025-02-17,CUST-00865,36.0,North,Marketplace,Books,Data Science Guide,16.09,1,0,16.09,Crypto,Completed,3.0
ORD-002789,2024-11-10,CUST-00480,38.0,East,Mobile App,Books,Fiction Novel,29.74,1,0,29.74,Credit Card,Returned,1.6
ORD-002790,2025-05-18,CUST-00281,44.0,East,Website,Home & Kitchen,Knife Set,57.63,1,5,54.75,Credit Card,Completed,4.6
ORD-002791,2025-01-14,CUST-00170,30.0,South,Mobile App,Electronics,Smartwatch,262.36,2,10,472.25,Gift Card,Completed,3.8
ORD-002792,2026-05-07,CUST-00976,41.0,South,Mobile App,Toys,Doll Set,51.78,1,0,51.78,Credit Card,Completed,2.0
ORD-002793,2025-12-16,CUST-00530,26.0,West,Marketplace,Sports,Jump Rope,18.11,1,15,15.39,PayPal,Completed,4.1
ORD-002794,2025-09-21,CUST-00354,40.0,South,Mobile App,Electronics,USB-C Hub,29.83,1,5,28.34,Crypto,Completed,
ORD-002795,2025-02-17,CUST-00795,,East,Website,Sports,Yoga Mat,24.75,1,0,24.75,Credit Card,Completed,
ORD-002796,2025-05-27,CUST-00552,30.0,West,Website,Books,Cook Book,37.48,1,0,37.48,PayPal,Completed,
ORD-002797,2026-06-28,CUST-00410,40.0,North,Marketplace,Toys,LEGO Set,31.7,2,10,57.06,PayPal,Completed,2.5
ORD-002798,2025-06-15,CUST-00253,32.0,West,Mobile App,Sports,Resistance Bands,32.25,1,10,29.03,PayPal,Cancelled,4.9
ORD-002799,2025-10-02,CUST-00028,54.0,South,Website,Automotive,Tire Inflator,39.89,1,0,39.89,PayPal,Completed,5.0
ORD-002800,2024-12-19,CUST-00237,27.0,North,Marketplace,Beauty,Lip Gloss Set,47.52,1,0,47.52,Credit Card,Completed,4.9
ORD-002801,2025-11-15,CUST-00386,64.0,Central,Mobile App,Automotive,Dash Cam,188.77,1,25,141.58,PayPal,Completed,3.6
ORD-002802,2026-02-21,CUST-00548,46.0,East,Mobile App,Automotive,Dash Cam,53.93,8,10,388.3,Credit Card,Pending,3.7
ORD-002803,2025-09-09,CUST-00734,25.0,Central,Mobile App,Electronics,Bluetooth Speaker,54.41,2,0,108.82,Crypto,Completed,1.1
ORD-002804,2024-12-31,CUST-00266,65.0,North,Website,Clothing,Denim Jacket,128.01,1,10,115.21,Gift Card,Completed,1.8
ORD-002805,2024-11-01,CUST-00177,25.0,West,In-Store,Automotive,Tire Inflator,42.09,1,10,37.88,PayPal,Completed,4.5
ORD-002806,2024-12-25,CUST-00292,65.0,Central,Marketplace,Sports,Resistance Bands,44.51,1,5,42.28,Crypto,Completed,4.3
ORD-002807,2025-08-30,CUST-00352,63.0,South,Mobile App,Automotive,Seat Covers,79.91,1,0,79.91,Credit Card,Completed,4.0
ORD-002808,2025-02-05,CUST-00594,70.0,East,Mobile App,Clothing,Polo Shirt,15.74,1,5,14.95,PayPal,Completed,3.7
ORD-002809,2026-01-24,CUST-00433,61.0,East,In-Store,Toys,Remote Car,37.13,2,15,63.12,Gift Card,Completed,3.7
ORD-002810,2025-04-01,CUST-00570,22.0,North,Website,Electronics,Wireless Earbuds,49.34,1,0,49.34,Gift Card,Completed,2.8
ORD-002811,2025-10-16,CUST-00797,58.0,Central,Website,Books,Python Programming,49.47,1,20,39.58,PayPal,Completed,2.2
ORD-002812,2025-03-25,CUST-00807,63.0,Central,Website,Books,Business Mindset,25.59,1,15,21.75,Debit Card,Completed,4.2
ORD-002813,2025-03-26,CUST-00569,35.0,North,Mobile App,Beauty,Lip Gloss Set,21.17,4,10,76.21,Credit Card,Cancelled,2.3
ORD-002814,2024-10-03,CUST-00531,20.0,Central,Website,Automotive,Tire Inflator,40.38,1,0,40.38,Credit Card,Returned,4.8
ORD-002815,2025-08-16,CUST-00500,34.0,Central,Website,Sports,Yoga Mat,56.96,4,20,182.27,Crypto,Completed,2.6
ORD-002816,2025-03-01,CUST-00877,67.0,Central,Website,Toys,LEGO Set,78.07,2,25,117.1,Gift Card,Completed,1.7
ORD-002817,2026-02-28,CUST-00789,64.0,Central,In-Store,Sports,Jump Rope,5.33,2,15,9.06,PayPal,Pending,3.0
ORD-002818,2026-08-16,CUST-00746,27.0,West,Mobile App,Automotive,Seat Covers,61.37,2,15,104.33,Credit Card,Completed,1.5
ORD-002819,2026-01-11,CUST-00161,28.0,North,Marketplace,Beauty,Moisturizer,15.94,2,20,25.5,Gift Card,Returned,1.7
ORD-002820,2026-02-27,CUST-00630,45.0,West,Mobile App,Toys,Puzzle 1000pc,18.21,1,10,16.39,Crypto,Completed,
ORD-002821,2026-02-11,CUST-00585,26.0,East,Mobile App,Beauty,Moisturizer,25.82,1,0,25.82,Crypto,Completed,3.7
ORD-002822,2025-05-06,CUST-00763,20.0,West,Website,Clothing,Running Shoes,95.7,2,0,191.4,Gift Card,Returned,
ORD-002823,2025-05-09,CUST-00647,69.0,Central,Marketplace,Books,Cook Book,27.11,1,0,27.11,Crypto,Cancelled,2.7
ORD-002824,2025-10-09,CUST-00814,61.0,North,Mobile App,Books,Data Science Guide,21.29,1,15,18.1,Gift Card,Completed,3.4
ORD-002825,2024-12-22,CUST-00886,69.0,West,In-Store,Toys,Puzzle 1000pc,51.57,1,10,46.41,Debit Card,Completed,4.4
ORD-002826,2025-08-22,CUST-00453,50.0,South,Mobile App,Sports,Water Bottle,29.93,4,5,113.73,Crypto,Completed,4.1
ORD-002827,2025-07-11,CUST-00278,37.0,West,Mobile App,Home & Kitchen,Blender,45.94,3,25,103.36,PayPal,Completed,1.2
ORD-002828,2026-08-15,CUST-00448,65.0,South,Website,Beauty,Moisturizer,48.97,1,0,48.97,Debit Card,Completed,
ORD-002829,2024-10-09,CUST-00381,47.0,West,Website,Toys,Board Game,31.69,2,25,47.54,Credit Card,Completed,1.1
ORD-002830,2024-12-08,CUST-00089,48.0,West,Mobile App,Sports,Yoga Mat,76.74,1,0,76.74,Debit Card,Completed,2.6
ORD-002831,2026-04-08,CUST-00205,64.0,West,Marketplace,Beauty,Face Serum,23.38,1,15,19.87,Gift Card,Completed,
ORD-002832,2025-09-27,CUST-00418,34.0,Central,In-Store,Beauty,Moisturizer,31.33,1,20,25.06,Debit Card,Completed,1.9
ORD-002833,2025-11-18,CUST-00410,68.0,South,Marketplace,Home & Kitchen,Coffee Maker,122.12,4,5,464.06,Gift Card,Completed,
ORD-002834,2026-08-29,CUST-00769,67.0,Central,Website,Books,Cook Book,34.9,1,0,34.9,Credit Card,Completed,2.9
ORD-002835,2025-11-10,CUST-00146,30.0,South,Website,Electronics,Wireless Earbuds,134.32,1,10,120.89,Credit Card,Completed,2.1
ORD-002836,2025-11-27,CUST-00551,26.0,Central,Website,Books,Data Science Guide,56.24,1,10,50.62,PayPal,Completed,4.9
ORD-002837,2025-02-11,CUST-00013,58.0,East,Mobile App,Beauty,Lip Gloss Set,20.98,5,10,94.41,Crypto,Completed,
ORD-002838,2025-12-26,CUST-00675,37.0,West,Mobile App,Beauty,Face Serum,77.84,4,5,295.79,Crypto,Completed,2.4
ORD-002839,2025-05-30,CUST-00553,31.0,South,Mobile App,Home & Kitchen,Air Fryer,100.32,6,10,541.73,Debit Card,Completed,
ORD-002840,2026-08-04,CUST-00992,26.0,Central,Mobile App,Home & Kitchen,Bed Sheets,37.88,1,25,28.41,Gift Card,Completed,3.9
ORD-002841,2025-03-18,CUST-00629,41.0,Central,Mobile App,Books,Fiction Novel,6.92,1,10,6.23,Gift Card,Cancelled,1.3
ORD-002842,2025-02-07,CUST-00384,61.0,Central,Marketplace,Electronics,Smartwatch,96.52,1,10,86.87,Crypto,Pending,4.1
ORD-002843,2025-12-20,CUST-00445,49.0,Central,Mobile App,Electronics,Smartwatch,317.58,3,5,905.1,Credit Card,Completed,5.0
ORD-002844,2025-12-04,CUST-00582,57.0,Central,Mobile App,Toys,Puzzle 1000pc,23.39,1,0,23.39,Crypto,Completed,2.4
ORD-002845,2025-02-14,CUST-00318,40.0,South,Marketplace,Clothing,Running Shoes,38.02,1,5,36.12,Crypto,Completed,
ORD-002846,2025-03-06,CUST-00211,56.0,Central,Mobile App,Toys,Remote Car,59.56,1,5,56.58,Crypto,Completed,3.5
ORD-002847,2025-09-06,CUST-00329,48.0,East,Mobile App,Sports,Yoga Mat,22.85,1,10,20.57,Crypto,Completed,1.8
ORD-002848,2025-07-26,CUST-00154,42.0,North,Website,Electronics,Bluetooth Speaker,95.99,1,0,95.99,Debit Card,Completed,4.8
ORD-002849,2026-06-16,CUST-00360,64.0,West,Mobile App,Toys,Remote Car,60.97,1,25,45.73,Crypto,Completed,1.7
ORD-002850,2025-06-30,CUST-00578,55.0,South,Mobile App,Books,Business Mindset,37.71,1,5,35.82,Credit Card,Completed,4.2
ORD-002851,2026-09-13,CUST-00532,27.0,West,Website,Clothing,Running Shoes,83.84,1,5,79.65,Credit Card,Completed,4.4
ORD-002852,2025-11-06,CUST-00793,58.0,Central,Marketplace,Toys,Board Game,35.32,2,15,60.04,Debit Card,Completed,3.5
ORD-002853,2026-06-15,CUST-00060,44.0,Central,Mobile App,Sports,Yoga Mat,36.8,1,5,34.96,Gift Card,Completed,
ORD-002854,2025-03-21,CUST-00015,54.0,East,Website,Sports,Water Bottle,20.19,1,10,18.17,Crypto,Returned,2.7
ORD-002855,2026-09-04,CUST-00706,63.0,South,Mobile App,Sports,Water Bottle,31.05,3,15,79.18,Gift Card,Cancelled,4.1
ORD-002856,2025-02-20,CUST-00676,30.0,East,Website,Beauty,Moisturizer,24.41,1,10,21.97,PayPal,Cancelled,
ORD-002857,2024-12-15,CUST-00461,46.0,West,Website,Automotive,Car Vacuum,95.91,1,5,91.11,Gift Card,Cancelled,1.9
ORD-002858,2025-06-20,CUST-00621,28.0,West,Mobile App,Sports,Resistance Bands,34.46,1,5,32.74,Gift Card,Completed,
ORD-002859,2024-12-16,CUST-00882,28.0,Central,Mobile App,Beauty,Face Serum,46.38,3,0,139.14,Crypto,Completed,4.8
ORD-002860,2025-09-14,CUST-00367,24.0,East,Mobile App,Sports,Resistance Bands,18.0,1,20,14.4,Gift Card,Completed,1.7
ORD-002861,2025-12-11,CUST-00463,57.0,North,Website,Beauty,Lip Gloss Set,17.29,1,0,17.29,Gift Card,Completed,2.2
ORD-002862,2024-12-17,CUST-00602,55.0,North,Website,Sports,Jump Rope,18.25,2,20,29.2,Crypto,Completed,2.7
ORD-002863,2024-12-19,CUST-00119,38.0,East,Website,Clothing,Running Shoes,118.53,1,0,118.53,Debit Card,Completed,2.6
ORD-002864,2025-11-24,CUST-00729,51.0,North,Mobile App,Beauty,Hair Dryer,109.39,2,15,185.96,Credit Card,Completed,1.5
ORD-002865,2026-03-13,CUST-00557,,West,Marketplace,Books,Data Science Guide,20.81,2,0,41.62,Crypto,Completed,
ORD-002866,2025-01-14,CUST-00876,22.0,West,Website,Electronics,Wireless Earbuds,46.01,1,5,43.71,Gift Card,Completed,4.5
ORD-002867,2025-02-25,CUST-00097,69.0,Central,Website,Home & Kitchen,Knife Set,55.15,1,20,44.12,PayPal,Completed,4.7
ORD-002868,2025-11-30,CUST-00593,40.0,North,Website,Clothing,Winter Coat,169.24,1,10,152.32,Crypto,Completed,1.1
ORD-002869,2025-08-11,CUST-00758,68.0,Central,Website,Beauty,Face Serum,54.54,2,10,98.17,Gift Card,Completed,3.0
ORD-002870,2026-02-27,CUST-00658,53.0,East,Mobile App,Automotive,Car Phone Mount,15.92,3,10,42.98,Debit Card,Completed,1.7
ORD-002871,2025-03-23,CUST-00104,22.0,Central,Mobile App,Beauty,Face Serum,39.54,1,20,31.63,Debit Card,Pending,4.3
ORD-002872,2025-05-11,CUST-00139,70.0,North,Mobile App,Books,Business Mindset,25.33,2,0,50.66,PayPal,Completed,
ORD-002873,2026-09-04,CUST-00952,34.0,West,Mobile App,Books,Cook Book,39.0,1,0,39.0,Gift Card,Completed,3.9
ORD-002874,2025-04-01,CUST-00941,42.0,South,In-Store,Electronics,USB-C Hub,33.98,1,0,33.98,Debit Card,Completed,4.7
ORD-002875,2025-08-25,CUST-00096,23.0,South,Website,Beauty,Face Serum,45.76,1,5,43.47,Gift Card,Completed,1.3
ORD-002876,2026-02-05,CUST-00799,29.0,South,Marketplace,Clothing,Denim Jacket,76.96,1,15,65.42,Gift Card,Returned,1.8
ORD-002877,2025-06-10,CUST-00788,68.0,West,Mobile App,Beauty,Perfume,82.53,1,15,70.15,Debit Card,Completed,1.9
ORD-002878,2026-03-16,CUST-00705,58.0,Central,Marketplace,Sports,Water Bottle,19.36,1,10,17.42,Credit Card,Returned,3.8
ORD-002879,2025-05-03,CUST-00050,66.0,East,Website,Clothing,Winter Coat,188.71,1,20,150.97,PayPal,Completed,
ORD-002880,2026-05-12,CUST-00126,34.0,West,Marketplace,Electronics,Smartwatch,303.1,1,0,303.1,Credit Card,Pending,4.1
ORD-002881,2024-12-06,CUST-00719,53.0,North,Mobile App,Sports,Jump Rope,28.16,1,20,22.53,Crypto,Cancelled,4.2
ORD-002882,2025-02-19,CUST-00288,61.0,Central,Marketplace,Books,Business Mindset,15.53,1,5,14.75,Credit Card,Returned,
ORD-002883,2025-05-25,CUST-00709,58.0,West,Website,Beauty,Hair Dryer,24.84,1,15,21.11,Crypto,Completed,3.7
ORD-002884,2025-03-01,CUST-00146,36.0,Central,In-Store,Beauty,Hair Dryer,59.23,2,5,112.54,Credit Card,Completed,3.6
ORD-002885,2026-06-25,CUST-00454,43.0,West,Website,Beauty,Lip Gloss Set,33.25,1,25,24.94,Debit Card,Completed,2.2
ORD-002886,2025-03-14,CUST-00354,51.0,South,Website,Toys,Doll Set,17.62,1,10,15.86,Crypto,Cancelled,3.0
ORD-002887,2024-11-13,CUST-00730,68.0,West,Marketplace,Toys,LEGO Set,78.27,1,0,78.27,PayPal,Completed,
ORD-002888,2025-11-26,CUST-00398,45.0,North,Website,Toys,Remote Car,73.48,3,5,209.42,Crypto,Completed,3.2
ORD-002889,2025-10-10,CUST-00277,48.0,West,Marketplace,Electronics,Smartwatch,210.69,1,10,189.62,Gift Card,Cancelled,3.7
ORD-002890,2026-01-17,CUST-00860,41.0,West,Marketplace,Electronics,Wireless Earbuds,62.01,2,5,117.82,PayPal,Completed,
ORD-002891,2025-07-07,CUST-00152,65.0,East,Website,Automotive,Dash Cam,65.83,1,15,55.96,Debit Card,Pending,2.4
ORD-002892,2024-12-06,CUST-00858,24.0,Central,Marketplace,Toys,LEGO Set,40.08,1,5,38.08,PayPal,Completed,2.8
ORD-002893,2026-06-07,CUST-00641,25.0,East,In-Store,Beauty,Face Serum,40.37,2,0,80.74,Debit Card,Completed,1.8
ORD-002894,2026-08-16,CUST-00628,63.0,Central,Website,Sports,Water Bottle,32.8,1,0,32.8,Debit Card,Completed,
ORD-002895,2026-07-27,CUST-00944,70.0,Central,Website,Clothing,Running Shoes,92.78,2,20,148.45,PayPal,Cancelled,1.4
ORD-002896,2026-04-18,CUST-00926,30.0,Central,In-Store,Sports,Yoga Mat,23.5,17,0,399.5,Crypto,Completed,4.6
ORD-002897,2025-11-09,CUST-00706,51.0,East,Website,Automotive,Tire Inflator,92.85,1,10,83.56,Debit Card,Completed,
ORD-002898,2026-04-26,CUST-00963,18.0,Central,Marketplace,Home & Kitchen,Coffee Maker,34.96,4,5,132.85,Gift Card,Completed,
ORD-002899,2025-07-10,CUST-00167,69.0,West,Website,Electronics,Bluetooth Speaker,82.98,1,20,66.38,Crypto,Completed,4.2
ORD-002900,2026-06-22,CUST-00996,37.0,East,Marketplace,Books,Business Mindset,22.13,1,5,21.02,PayPal,Cancelled,4.1
ORD-002901,2025-12-03,CUST-00844,38.0,South,Website,Home & Kitchen,Coffee Maker,191.81,1,25,143.86,PayPal,Completed,
ORD-002902,2025-02-19,CUST-00994,34.0,Central,Mobile App,Books,Business Mindset,9.92,1,20,7.94,Debit Card,Completed,4.9
ORD-002903,2025-04-11,CUST-00192,45.0,Central,In-Store,Beauty,Perfume,43.13,1,15,36.66,Debit Card,Completed,2.6
ORD-002904,2025-10-07,CUST-00554,23.0,Central,In-Store,Toys,Puzzle 1000pc,35.02,2,10,63.04,PayPal,Completed,3.0
ORD-002905,2025-06-21,CUST-00074,67.0,South,Marketplace,Home & Kitchen,Air Fryer,147.61,1,5,140.23,Crypto,Completed,1.4
ORD-002906,2025-04-13,CUST-00036,58.0,West,Marketplace,Home & Kitchen,Bed Sheets,28.34,2,10,51.01,Credit Card,Completed,1.9
ORD-002907,2026-03-02,CUST-00945,40.0,East,Website,Clothing,Running Shoes,83.54,1,0,83.54,Gift Card,Returned,4.7
ORD-002908,2026-05-29,CUST-00071,41.0,Central,Marketplace,Automotive,Seat Covers,38.37,1,0,38.37,Crypto,Completed,
ORD-002909,2026-06-27,CUST-00805,23.0,Central,In-Store,Books,Data Science Guide,48.29,1,20,38.63,Debit Card,Completed,2.9
ORD-002910,2025-08-21,CUST-00310,62.0,South,Website,Electronics,Wireless Earbuds,123.63,3,15,315.26,Gift Card,Completed,3.8
ORD-002911,2026-05-17,CUST-00752,63.0,Central,Mobile App,Beauty,Hair Dryer,70.89,1,10,63.8,Credit Card,Returned,2.6
ORD-002912,2026-09-21,CUST-00512,49.0,Central,Website,Home & Kitchen,Air Fryer,105.73,2,10,190.31,Crypto,Completed,
ORD-002913,2025-07-20,CUST-00216,53.0,South,Website,Sports,Gym Bag,66.54,1,25,49.91,Debit Card,Completed,2.3
ORD-002914,2026-03-14,CUST-00703,47.0,North,In-Store,Electronics,USB-C Hub,16.55,2,5,31.45,Gift Card,Completed,2.9
ORD-002915,2025-09-16,CUST-00227,46.0,West,Website,Automotive,Tire Inflator,45.51,2,5,86.47,PayPal,Completed,
ORD-002916,2026-07-08,CUST-00873,55.0,South,Website,Toys,Remote Car,31.21,4,25,93.63,Debit Card,Returned,1.5
ORD-002917,2025-06-03,CUST-00169,,,Mobile App,Books,Fiction Novel,15.06,1,25,11.29,PayPal,Completed,
ORD-002918,2025-04-24,CUST-00929,28.0,East,Marketplace,Books,Fiction Novel,9.78,2,20,15.65,PayPal,Completed,2.7
ORD-002919,2025-12-26,CUST-00034,34.0,East,Mobile App,Electronics,USB-C Hub,64.07,1,25,48.05,Debit Card,Completed,3.6
ORD-002920,2026-02-06,CUST-00593,40.0,Central,Website,Books,Business Mindset,17.28,3,15,44.06,Gift Card,Completed,4.2
ORD-002921,2025-05-25,CUST-00030,66.0,West,Marketplace,Clothing,Denim Jacket,114.47,1,0,114.47,Crypto,Completed,
ORD-002922,2025-10-11,CUST-00231,55.0,West,Website,Electronics,Laptop Stand,61.33,2,15,104.26,Gift Card,Completed,3.9
ORD-002923,2030-01-01 00:00:00,CUST-00826,66.0,East,Mobile App,Beauty,Perfume,86.79,1,15,73.77,PayPal,Completed,3.0
ORD-002924,2025-10-21,CUST-00199,49.0,West,Website,Books,Python Programming,24.53,1,20,19.62,Crypto,Completed,2.7
ORD-002925,2025-10-04,CUST-00808,56.0,Central,Mobile App,Automotive,Tire Inflator,61.19,1,0,61.19,Debit Card,Returned,2.9
ORD-002926,2026-05-11,CUST-00569,26.0,North,In-Store,Clothing,Winter Coat,124.95,1,15,106.21,Gift Card,Returned,4.1
ORD-002927,2025-05-26,CUST-00831,24.0,West,Marketplace,Books,Data Science Guide,36.44,1,0,36.44,Credit Card,Completed,
ORD-002928,2026-08-12,CUST-00316,34.0,Central,In-Store,Clothing,Running Shoes,57.92,1,0,57.92,PayPal,Completed,2.7
ORD-002929,2025-05-23,CUST-00600,69.0,Central,Website,Automotive,Car Vacuum,25.03,4,0,100.12,Credit Card,Cancelled,2.6
ORD-002930,2026-09-03,CUST-00019,48.0,East,Marketplace,Toys,Board Game,45.62,2,15,77.55,Gift Card,Completed,
ORD-002931,2025-09-13,CUST-00466,20.0,Central,In-Store,Books,Fiction Novel,18.28,2,0,36.56,Crypto,Completed,2.8
ORD-002932,2026-04-03,CUST-00199,69.0,West,Website,Toys,LEGO Set,24.12,1,0,24.12,PayPal,Completed,2.5
ORD-002933,2025-12-06,CUST-00918,66.0,East,In-Store,Toys,Doll Set,71.36,1,25,53.52,Gift Card,Pending,
ORD-002934,2025-02-14,CUST-00201,61.0,South,Marketplace,Beauty,Perfume,73.03,2,5,138.76,Crypto,Completed,
ORD-002935,2026-04-03,CUST-00989,44.0,West,Mobile App,Beauty,Perfume,77.35,2,0,154.7,Debit Card,Completed,4.3
ORD-002936,2025-08-27,CUST-00521,66.0,Central,Mobile App,Electronics,Bluetooth Speaker,83.76,3,5,238.72,Gift Card,Completed,
ORD-002937,2025-11-02,CUST-00513,36.0,West,In-Store,Beauty,Hair Dryer,78.74,1,20,62.99,Crypto,Cancelled,4.3
ORD-002938,2025-02-28,CUST-00279,60.0,West,Website,Books,Data Science Guide,35.58,1,5,33.8,Crypto,Completed,4.4
ORD-002939,2025-11-09,CUST-00818,34.0,East,Marketplace,Toys,Board Game,50.42,1,15,42.86,Gift Card,Completed,2.5
ORD-002940,2025-05-16,CUST-00863,63.0,South,Website,Sports,Jump Rope,14.55,1,5,13.82,Crypto,Cancelled,3.6
ORD-002941,2024-12-29,CUST-00454,,West,Website,Home & Kitchen,Knife Set,35.01,2,5,66.52,Credit Card,Completed,
ORD-002942,2026-05-26,CUST-00265,20.0,East,Marketplace,Toys,Board Game,45.13,1,10,40.62,Debit Card,Completed,2.1
ORD-002943,2026-08-11,CUST-00222,56.0,South,Marketplace,Automotive,Car Vacuum,20.36,2,0,40.72,PayPal,Cancelled,1.7
ORD-002944,2026-04-13,CUST-01000,,,Website,Clothing,Denim Jacket,67.66,1,5,64.28,PayPal,Returned,
ORD-002945,2024-12-12,CUST-00282,19.0,North,Website,Automotive,Dash Cam,73.74,2,15,125.36,Crypto,Completed,3.8
ORD-002946,2025-03-24,CUST-00145,31.0,West,Website,Beauty,Face Serum,18.2,1,15,15.47,Debit Card,Cancelled,3.3
ORD-002947,2025-10-05,CUST-00664,26.0,West,Website,Books,Business Mindset,41.68,1,5,39.6,Crypto,Cancelled,2.0
ORD-002948,2024-11-20,CUST-00486,66.0,East,Website,Automotive,Dash Cam,169.58,1,10,152.62,Gift Card,Completed,
ORD-002949,2025-09-12,CUST-00184,56.0,West,Mobile App,Sports,Yoga Mat,16.53,1,0,16.53,Crypto,Returned,
ORD-002950,2025-11-26,CUST-00269,33.0,Central,Marketplace,Beauty,Face Serum,56.56,1,25,42.42,Crypto,Completed,3.1
ORD-002951,2026-04-30,CUST-00911,31.0,East,Mobile App,Electronics,USB-C Hub,20.71,3,0,62.13,PayPal,Completed,3.1
ORD-002952,2024-12-01,CUST-00685,43.0,South,Mobile App,Beauty,Face Serum,122.8,2,20,196.48,Debit Card,Completed,
ORD-002953,2025-01-06,CUST-00493,28.0,North,Mobile App,Automotive,Seat Covers,37.19,2,5,70.66,Gift Card,Completed,
ORD-002954,2025-07-25,CUST-00098,59.0,South,Mobile App,Home & Kitchen,Coffee Maker,142.76,4,5,542.49,Debit Card,Completed,2.5
ORD-002955,2025-05-30,CUST-00932,67.0,South,Mobile App,Sports,Yoga Mat,41.85,1,25,31.39,Gift Card,Completed,3.8
ORD-002956,2025-03-25,CUST-00644,45.0,West,Marketplace,Electronics,USB-C Hub,39.15,4,15,133.11,PayPal,Completed,
ORD-002957,2026-08-18,CUST-00541,30.0,South,Marketplace,Sports,Yoga Mat,37.32,2,25,55.98,PayPal,Completed,3.0
ORD-002958,2026-04-27,CUST-00360,36.0,West,Website,Electronics,Smartwatch,149.0,1,15,126.65,PayPal,Completed,1.0
ORD-002959,2025-07-16,CUST-00060,33.0,Central,Website,Sports,Gym Bag,27.79,3,0,83.37,Credit Card,Cancelled,4.3
ORD-002960,2026-06-23,CUST-00439,34.0,West,Marketplace,Toys,Board Game,24.83,1,20,19.86,PayPal,Completed,2.1
ORD-002961,2026-02-21,CUST-00923,58.0,East,In-Store,Sports,Yoga Mat,25.86,1,10,23.27,Gift Card,Completed,1.7
ORD-002962,2026-08-09,CUST-00006,65.0,East,Website,Electronics,USB-C Hub,51.32,1,5,48.75,Gift Card,Completed,
ORD-002963,2025-12-12,CUST-00039,19.0,South,Mobile App,Beauty,Moisturizer,38.88,1,20,31.1,Gift Card,Completed,1.8
ORD-002964,2025-01-28,CUST-00362,69.0,East,In-Store,Home & Kitchen,Coffee Maker,51.09,1,25,38.32,Debit Card,Completed,3.4
ORD-002965,2026-03-10,CUST-00824,27.0,South,Mobile App,Beauty,Perfume,81.97,3,15,209.02,Debit Card,Cancelled,
ORD-002966,2026-07-10,CUST-00335,62.0,North,Website,Beauty,Moisturizer,20.16,1,25,15.12,Debit Card,Completed,3.1
ORD-002967,2026-05-18,CUST-00931,33.0,North,Website,Electronics,USB-C Hub,60.0,2,0,120.0,Credit Card,Returned,
ORD-002968,2025-11-07,CUST-00460,31.0,South,In-Store,Electronics,Laptop Stand,53.76,1,0,53.76,PayPal,Completed,3.4
ORD-002969,2025-02-18,CUST-00697,,East,Website,Home & Kitchen,Knife Set,56.21,1,5,53.4,Credit Card,Completed,
ORD-002970,2026-08-05,CUST-00528,24.0,South,Mobile App,Automotive,Dash Cam,134.55,1,0,134.55,PayPal,Returned,4.5
ORD-002971,2026-04-01,CUST-00479,39.0,West,Marketplace,Beauty,Moisturizer,46.06,1,5,43.76,Gift Card,Completed,
ORD-002972,2026-04-02,CUST-00589,,,Marketplace,Electronics,Smartwatch,97.83,1,10,88.05,Gift Card,Completed,
ORD-002973,2025-05-04,CUST-00845,63.0,East,Mobile App,Toys,LEGO Set,68.08,0,5,64.68,PayPal,Completed,
ORD-002974,2026-06-07,CUST-00262,44.0,East,Mobile App,Beauty,Face Serum,50.63,5,0,253.15,PayPal,Completed,1.1
ORD-002975,2026-02-06,CUST-00820,21.0,South,Website,Beauty,Perfume,65.36,2,10,117.65,PayPal,Completed,
ORD-002976,2025-03-22,CUST-00308,54.0,West,Marketplace,Home & Kitchen,Coffee Maker,66.88,1,15,56.85,Crypto,Completed,2.1
ORD-002977,2025-07-11,CUST-00130,33.0,South,Mobile App,Home & Kitchen,Knife Set,44.85,3,15,114.37,Debit Card,Returned,4.2
ORD-002978,2025-12-20,CUST-00506,37.0,North,Marketplace,Automotive,Car Vacuum,69.59,1,0,69.59,PayPal,Cancelled,2.1
ORD-002979,2026-04-18,CUST-00866,60.0,North,Mobile App,Toys,Puzzle 1000pc,31.53,2,20,50.45,Debit Card,Completed,4.2
ORD-002980,2025-05-27,CUST-00227,64.0,East,In-Store,Automotive,Car Phone Mount,13.16,1,5,12.5,Debit Card,Completed,2.1
ORD-002981,2026-05-24,CUST-00934,36.0,South,Mobile App,Electronics,USB-C Hub,31.55,1,15,26.82,Crypto,Completed,1.3
ORD-002982,2026-04-06,CUST-00106,53.0,West,In-Store,Beauty,Face Serum,52.36,3,0,157.08,Credit Card,Completed,2.5
ORD-002983,2026-08-19,CUST-00345,,,In-Store,Books,Business Mindset,21.89,2,10,39.4,Debit Card,Pending,
ORD-002984,2026-01-17,CUST-00674,70.0,West,Mobile App,Books,Data Science Guide,22.26,1,25,16.7,Crypto,Completed,
ORD-002985,2026-06-28,CUST-00595,30.0,North,Website,Beauty,Face Serum,38.09,1,15,32.38,Crypto,Completed,
ORD-002986,2025-11-30,CUST-00697,32.0,West,Mobile App,Clothing,Polo Shirt,24.69,1,20,19.75,Debit Card,Completed,2.8
ORD-002987,2025-09-26,CUST-00798,51.0,Central,Mobile App,Books,Cook Book,29.67,1,20,23.74,Debit Card,Cancelled,2.7
ORD-002988,2025-08-14,CUST-00381,20.0,Central,Website,Beauty,Face Serum,78.77,1,0,78.77,Credit Card,Completed,1.8
ORD-002989,2025-05-23,CUST-00726,49.0,South,Mobile App,Home & Kitchen,Bed Sheets,39.17,1,0,39.17,Debit Card,Completed,2.7
ORD-002990,2024-12-11,CUST-00911,22.0,South,Mobile App,Electronics,Smartwatch,595.03,7,10,3748.69,Crypto,Completed,5.0
ORD-002991,2026-04-09,CUST-00461,35.0,Central,Website,Books,Fiction Novel,11.09,4,25,33.27,Crypto,Completed,2.0
ORD-002992,2025-12-02,CUST-00717,35.0,North,Website,Home & Kitchen,Air Fryer,217.78,2,0,435.56,Debit Card,Completed,2.2
ORD-002993,2024-12-08,CUST-00264,56.0,West,Mobile App,Home & Kitchen,Bed Sheets,71.92,1,15,61.13,Debit Card,Completed,4.0
ORD-002994,2025-08-28,CUST-00667,57.0,East,Mobile App,Toys,Puzzle 1000pc,18.71,1,10,16.84,Gift Card,Completed,2.2
ORD-002995,2025-01-12,CUST-00091,54.0,East,In-Store,Home & Kitchen,Knife Set,35.74,1,5,33.95,PayPal,Completed,4.9
ORD-002996,2025-11-09,CUST-00828,58.0,West,Mobile App,Beauty,Moisturizer,24.87,1,5,23.63,Debit Card,Completed,4.8
ORD-002997,2026-01-26,CUST-00962,60.0,Central,Marketplace,Toys,Doll Set,37.57,1,15,31.93,PayPal,Completed,2.6
ORD-002998,2025-06-20,CUST-00860,59.0,South,Mobile App,Clothing,Running Shoes,92.9,1,10,83.61,Debit Card,Completed,3.5
ORD-002999,2025-07-29,CUST-00191,,,Website,Home & Kitchen,Knife Set,53.23,2,5,101.14,Debit Card,Completed,
ORD-003000,2026-05-28,CUST-00942,34.0,East,Marketplace,Toys,LEGO Set,36.25,1,5,34.44,Gift Card,Pending,2.0
ORD-003001,2025-08-14,CUST-00936,68.0,East,Mobile App,Beauty,Perfume,82.57,1,10,74.31,Crypto,Completed,3.7
ORD-003002,2026-09-15,CUST-00003,58.0,North,Marketplace,Beauty,Lip Gloss Set,21.43,1,10,19.29,PayPal,Completed,4.7
ORD-003003,2026-04-05,CUST-00617,44.0,East,Website,Automotive,Tire Inflator,41.04,1,0,41.04,Crypto,Cancelled,1.1
ORD-003004,2025-06-23,CUST-00904,61.0,East,Marketplace,Clothing,Yoga Pants,73.11,5,5,347.27,Debit Card,Completed,1.4
ORD-003005,2026-05-26,CUST-00887,51.0,East,Website,Toys,Puzzle 1000pc,17.1,2,15,29.07,Debit Card,Completed,1.4
ORD-003006,2026-03-19,CUST-00643,23.0,North,Website,Beauty,Face Serum,54.61,1,5,51.88,PayPal,Cancelled,1.2
ORD-003007,2026-08-08,CUST-00727,29.0,Central,Mobile App,Sports,Resistance Bands,37.37,2,15,63.53,Crypto,Cancelled,5.0
ORD-003008,2025-12-04,CUST-00286,65.0,South,Website,Automotive,Car Vacuum,87.35,1,0,87.35,Gift Card,Completed,4.7
ORD-003009,2026-08-13,CUST-00130,36.0,Central,Website,Clothing,Polo Shirt,16.94,3,5,48.28,PayPal,Completed,3.6
ORD-003010,2026-02-12,CUST-00868,25.0,South,Mobile App,Toys,Board Game,25.82,1,0,25.82,Debit Card,Completed,1.4
ORD-003011,2025-12-05,CUST-00842,64.0,South,Website,Sports,Resistance Bands,31.19,1,25,23.39,Credit Card,Completed,4.6
ORD-003012,2024-12-01,CUST-00012,39.0,Central,Marketplace,Beauty,Face Serum,53.2,3,5,151.62,Debit Card,Completed,2.8
ORD-003013,2026-04-03,CUST-00245,36.0,South,Website,Books,Cook Book,14.8,1,25,11.1,Debit Card,Completed,
ORD-003014,2025-06-01,CUST-00360,40.0,West,Marketplace,Books,Python Programming,21.29,1,5,20.23,Debit Card,Completed,4.6
ORD-003015,2026-04-15,CUST-00257,21.0,West,Website,Beauty,Hair Dryer,22.66,1,15,19.26,PayPal,Completed,1.6
ORD-003016,2026-05-25,CUST-00059,40.0,South,Mobile App,Books,Cook Book,30.15,3,5,85.93,PayPal,Completed,
ORD-003017,2025-01-25,CUST-00003,51.0,East,Mobile App,Toys,Doll Set,28.64,1,5,27.21,Credit Card,Completed,1.3
ORD-003018,2025-04-08,CUST-00208,66.0,South,In-Store,Clothing,Polo Shirt,30.1,1,10,27.09,PayPal,Returned,4.2
ORD-003019,2025-08-31,CUST-00543,48.0,East,Marketplace,Books,Python Programming,37.04,1,5,35.19,PayPal,Pending,2.7
ORD-003020,2025-12-26,CUST-00882,,,Marketplace,Electronics,USB-C Hub,78.53,2,0,157.06,Debit Card,Completed,
ORD-003021,2025-09-30,CUST-00701,67.0,East,Marketplace,Toys,Doll Set,52.11,3,10,140.7,Gift Card,Completed,2.2
ORD-003022,2026-08-16,CUST-00034,64.0,East,Website,Clothing,Yoga Pants,60.5,1,10,54.45,Gift Card,Completed,4.1
ORD-003023,2026-06-28,CUST-00244,21.0,North,Website,Books,Data Science Guide,54.28,1,0,54.28,PayPal,Completed,3.8
ORD-003024,2026-07-15,CUST-00123,59.0,West,Marketplace,Electronics,Bluetooth Speaker,135.72,3,20,325.73,PayPal,Completed,1.1
ORD-003025,2024-12-20,CUST-00990,57.0,East,Mobile App,Home & Kitchen,Air Fryer,272.13,1,0,272.13,Credit Card,Returned,3.8
ORD-003026,2026-08-25,CUST-00230,59.0,South,In-Store,Home & Kitchen,Blender,111.37,1,15,94.66,Gift Card,Completed,
ORD-003027,2025-02-04,CUST-00620,62.0,West,Website,Beauty,Lip Gloss Set,15.1,1,5,14.34,PayPal,Completed,4.0
ORD-003028,2025-06-12,CUST-00059,30.0,East,Marketplace,Books,Python Programming,41.72,2,0,83.44,Gift Card,Completed,
ORD-003029,2025-11-29,CUST-00911,64.0,West,Website,Books,Python Programming,41.71,1,0,41.71,Crypto,Completed,4.3
ORD-003030,2025-04-30,CUST-00821,30.0,East,In-Store,Sports,Yoga Mat,27.5,1,15,23.38,PayPal,Returned,2.3
ORD-003031,2026-04-28,CUST-00964,48.0,West,Marketplace,Beauty,Lip Gloss Set,8.96,1,5,8.51,Credit Card,Completed,4.5
ORD-003032,2024-12-01,CUST-00187,58.0,West,Website,Beauty,Lip Gloss Set,21.89,1,20,17.51,Debit Card,Completed,4.9
ORD-003033,2025-11-13,CUST-00882,45.0,North,Marketplace,Toys,LEGO Set,44.32,2,5,84.21,Credit Card,Pending,4.2
ORD-003034,2025-10-02,CUST-00865,30.0,Central,Website,Electronics,Bluetooth Speaker,120.64,1,10,108.58,Gift Card,Completed,1.2
ORD-003035,2024-12-25,CUST-00541,68.0,North,Website,Home & Kitchen,Bed Sheets,111.79,1,10,100.61,Gift Card,Completed,4.4
ORD-003036,2026-05-27,CUST-00138,67.0,West,Mobile App,Electronics,Wireless Earbuds,69.08,2,10,124.34,Credit Card,Completed,3.6
ORD-003037,2026-04-08,CUST-00461,25.0,South,Mobile App,Toys,Board Game,27.51,1,25,20.63,Gift Card,Completed,3.3
ORD-003038,2026-02-07,CUST-00924,54.0,North,In-Store,Home & Kitchen,Coffee Maker,22.38,1,20,17.9,PayPal,Completed,3.9
ORD-003039,2025-12-22,CUST-00625,47.0,South,Website,Automotive,Seat Covers,115.98,1,15,98.58,Credit Card,Completed,
ORD-003040,2025-01-18,CUST-00372,50.0,Central,Website,Sports,Gym Bag,28.56,1,5,27.13,Debit Card,Completed,3.0
ORD-003041,2025-10-05,CUST-00383,41.0,Central,In-Store,Automotive,Seat Covers,63.19,2,10,113.74,PayPal,Completed,3.1
ORD-003042,2026-06-27,CUST-00128,,,Website,Toys,Doll Set,45.2,1,5,42.94,Credit Card,Returned,
ORD-003043,2026-08-16,CUST-00391,31.0,West,Website,Sports,Jump Rope,14.61,1,0,14.61,Credit Card,Completed,3.3
ORD-003044,2025-03-10,CUST-00079,59.0,South,Marketplace,Beauty,Moisturizer,36.42,1,0,36.42,Crypto,Completed,
ORD-003045,2026-02-01,CUST-00742,28.0,West,Website,Toys,Doll Set,15.75,2,15,26.77,Debit Card,Completed,2.7
ORD-003046,2026-02-08,CUST-00563,55.0,West,Website,Electronics,Smartwatch,181.0,1,0,181.0,Gift Card,Completed,1.6
ORD-003047,2026-02-21,CUST-00237,47.0,Central,In-Store,Books,Business Mindset,21.38,3,0,64.14,Debit Card,Completed,2.8
ORD-003048,2025-01-05,CUST-00251,38.0,Central,Mobile App,Toys,Board Game,35.86,1,0,35.86,Crypto,Completed,3.6
ORD-003049,2025-05-13,CUST-00495,31.0,Central,Website,Beauty,Lip Gloss Set,24.59,2,5,46.72,PayPal,Completed,3.7
ORD-003050,2026-01-25,CUST-00948,55.0,North,Website,Sports,Water Bottle,9.5,3,0,28.5,PayPal,Completed,
ORD-003051,2025-03-16,CUST-00528,59.0,North,Marketplace,Home & Kitchen,Bed Sheets,28.21,1,10,25.39,Debit Card,Completed,2.5
ORD-003052,2025-04-01,CUST-00202,18.0,South,Mobile App,Beauty,Lip Gloss Set,12.46,1,10,11.21,Crypto,Completed,4.2
ORD-003053,2026-06-24,CUST-00279,21.0,South,Marketplace,Beauty,Perfume,31.49,1,10,28.34,Gift Card,Completed,4.2
ORD-003054,2025-03-05,CUST-00799,25.0,Central,Mobile App,Clothing,Running Shoes,51.19,1,20,40.95,Gift Card,Completed,3.3
ORD-003055,2026-09-08,CUST-00518,25.0,Central,Marketplace,Electronics,Wireless Earbuds,127.38,4,15,433.09,Gift Card,Completed,3.5
ORD-003056,2024-12-31,CUST-00601,58.0,South,Website,Books,Data Science Guide,73.95,1,20,59.16,PayPal,Completed,3.0
ORD-003057,2025-11-29,CUST-00039,44.0,South,Website,Clothing,Running Shoes,61.27,1,15,52.08,PayPal,Completed,4.5
ORD-003058,2025-02-05,CUST-00964,25.0,East,In-Store,Sports,Resistance Bands,13.99,1,5,13.29,PayPal,Completed,4.6
ORD-003059,2025-11-02,CUST-00638,23.0,South,Website,Books,Business Mindset,41.41,1,15,35.2,Debit Card,Completed,
ORD-003060,2025-11-11,CUST-00395,61.0,West,In-Store,Automotive,Dash Cam,147.3,1,0,147.3,Gift Card,Cancelled,2.0
ORD-003061,2026-06-22,CUST-00256,24.0,Central,Mobile App,Electronics,Wireless Earbuds,90.71,1,15,77.1,Credit Card,Completed,4.1
ORD-003062,2025-10-14,CUST-00648,49.0,North,Marketplace,Toys,Remote Car,44.26,1,0,44.26,Credit Card,Cancelled,3.5
ORD-003063,2026-02-27,CUST-00928,64.0,Central,Website,Beauty,Lip Gloss Set,7.59,1,10,6.83,PayPal,Completed,
ORD-003064,2025-03-21,CUST-00202,69.0,West,Website,Beauty,Perfume,32.77,1,0,32.77,Credit Card,Completed,4.8
ORD-003065,2025-09-19,CUST-00901,41.0,East,Mobile App,Clothing,Yoga Pants,66.73,1,10,60.06,Crypto,Completed,
ORD-003066,2026-07-28,CUST-00338,25.0,South,Marketplace,Automotive,Car Vacuum,29.95,1,0,29.95,PayPal,Completed,4.3
ORD-003067,2024-12-02,CUST-00623,23.0,East,Mobile App,Clothing,Yoga Pants,52.8,4,10,190.08,PayPal,Completed,
ORD-003068,2024-10-20,CUST-00407,27.0,Central,Mobile App,Books,Fiction Novel,26.78,1,10,24.1,Gift Card,Completed,
ORD-003069,2026-05-13,CUST-00032,37.0,North,Mobile App,Electronics,Wireless Earbuds,118.7,1,15,100.89,Credit Card,Completed,3.0
ORD-003070,2026-04-09,CUST-00984,27.0,Central,Website,Sports,Jump Rope,12.13,2,10,21.83,PayPal,Completed,3.8
ORD-003071,2025-07-16,CUST-00254,37.0,West,Mobile App,Automotive,Dash Cam,150.51,1,10,135.46,PayPal,Pending,4.7
ORD-003072,2024-11-28,CUST-00321,24.0,South,Marketplace,Sports,Gym Bag,34.04,4,20,108.93,Credit Card,Completed,
ORD-003073,2024-12-15,CUST-00141,33.0,South,Website,Clothing,Denim Jacket,80.38,1,5,76.36,Crypto,Returned,1.7
ORD-003074,2024-09-29,CUST-00997,43.0,North,Marketplace,Sports,Resistance Bands,24.98,4,20,79.94,Debit Card,Cancelled,4.7
ORD-003075,2025-01-12,CUST-00249,34.0,South,Website,Home & Kitchen,Bed Sheets,39.19,1,0,39.19,Debit Card,Completed,4.9
ORD-003076,2026-06-24,CUST-00041,64.0,West,Mobile App,Home & Kitchen,Coffee Maker,94.43,4,5,358.83,Credit Card,Completed,
ORD-003077,2026-07-24,CUST-00724,49.0,West,Marketplace,Books,Fiction Novel,21.81,2,5,41.44,Crypto,Completed,3.8
ORD-003078,2025-05-19,CUST-00347,68.0,South,Marketplace,Automotive,Dash Cam,43.43,2,5,82.52,Credit Card,Completed,3.8
ORD-003079,2025-01-31,CUST-00824,69.0,Central,Marketplace,Beauty,Face Serum,14.78,1,10,13.3,Crypto,Pending,
ORD-003080,2025-06-05,CUST-00355,60.0,East,Marketplace,Automotive,Dash Cam,77.91,1,0,77.91,Crypto,Completed,3.1
ORD-003081,2026-02-25,CUST-00445,69.0,South,Mobile App,Books,Fiction Novel,7.17,3,25,16.13,PayPal,Completed,3.6
ORD-003082,2025-05-03,CUST-00664,51.0,South,In-Store,Home & Kitchen,Blender,75.61,1,20,60.49,Debit Card,Completed,3.6
ORD-003083,2025-04-27,CUST-00041,32.0,East,Website,Electronics,USB-C Hub,54.6,1,15,46.41,Debit Card,Completed,4.1
ORD-003084,2026-05-04,CUST-00241,59.0,North,Marketplace,Clothing,Winter Coat,165.97,1,5,157.67,Crypto,Completed,3.7
ORD-003085,2025-05-29,CUST-00738,48.0,North,Website,Books,Business Mindset,17.09,1,15,14.53,Crypto,Pending,1.0
ORD-003086,2025-12-12,CUST-00793,68.0,East,Mobile App,Beauty,Face Serum,101.43,1,10,91.29,Gift Card,Completed,2.6
ORD-003087,2025-02-25,CUST-00982,55.0,West,Website,Beauty,Lip Gloss Set,12.64,1,5,12.01,Credit Card,Completed,4.2
ORD-003088,2025-03-28,CUST-00566,,East,Marketplace,Beauty,Face Serum,45.32,3,15,115.57,PayPal,Completed,
ORD-003089,2024-11-06,CUST-00194,31.0,North,Marketplace,Beauty,Face Serum,41.3,1,15,35.1,Gift Card,Completed,3.3
ORD-003090,2025-06-21,CUST-00939,69.0,North,Website,Beauty,Face Serum,75.24,1,15,63.95,Crypto,Completed,3.7
ORD-003091,2025-07-03,CUST-00620,,,In-Store,Toys,Remote Car,46.32,1,5,44.0,PayPal,Completed,
ORD-003092,2026-07-04,CUST-00887,30.0,West,Marketplace,Home & Kitchen,Coffee Maker,61.39,2,0,122.78,Crypto,Cancelled,5.0
ORD-003093,2025-08-10,CUST-00144,59.0,Central,Website,Home & Kitchen,Coffee Maker,106.0,1,10,95.4,Credit Card,Cancelled,4.3
ORD-003094,2025-01-04,CUST-00454,,,Marketplace,Books,Business Mindset,26.91,2,5,51.13,Credit Card,Completed,
ORD-003095,2025-12-06,CUST-00837,24.0,South,Website,Toys,Remote Car,104.71,1,5,99.47,PayPal,Completed,2.0
ORD-003096,2024-12-20,CUST-00247,19.0,North,Marketplace,Electronics,Bluetooth Speaker,148.71,3,0,446.13,PayPal,Returned,2.0
ORD-003097,2024-12-14,CUST-00522,61.0,North,Website,Electronics,Smartwatch,549.14,3,10,1482.68,Crypto,Completed,3.9
ORD-003098,2026-06-27,CUST-00312,34.0,North,Marketplace,Electronics,Wireless Earbuds,61.9,2,10,111.42,Credit Card,Completed,1.5
ORD-003099,2025-05-09,CUST-00546,54.0,West,Mobile App,Toys,LEGO Set,51.16,1,10,46.04,Debit Card,Completed,
ORD-003100,2025-10-15,CUST-00022,37.0,East,Website,Automotive,Car Phone Mount,17.92,2,0,35.84,PayPal,Completed,3.9
ORD-003101,2026-07-21,CUST-00068,18.0,North,Marketplace,Sports,Resistance Bands,13.79,1,5,13.1,PayPal,Returned,
ORD-003102,2025-02-03,CUST-00376,64.0,East,In-Store,Sports,Yoga Mat,15.58,2,0,31.16,Crypto,Completed,
ORD-003103,2026-02-01,CUST-00238,60.0,Central,In-Store,Automotive,Dash Cam,74.95,4,0,299.8,Crypto,Completed,2.9
ORD-003104,2025-12-23,CUST-00728,49.0,Central,Marketplace,Clothing,Polo Shirt,51.2,3,15,130.56,Gift Card,Cancelled,3.3
ORD-003105,2024-10-06,CUST-00940,68.0,East,Marketplace,Automotive,Tire Inflator,65.61,1,15,55.77,Debit Card,Completed,1.3
ORD-003106,2025-02-07,CUST-00588,35.0,South,Mobile App,Books,Fiction Novel,11.13,2,10,20.03,Debit Card,Completed,1.9
ORD-003107,2025-02-10,CUST-00758,65.0,Central,Mobile App,Beauty,Face Serum,35.89,1,5,34.1,Gift Card,Returned,
ORD-003108,2025-08-17,CUST-00921,20.0,North,Mobile App,Automotive,Dash Cam,70.86,2,10,127.55,Gift Card,Completed,3.9
ORD-003109,2026-07-08,CUST-00327,52.0,Central,Website,Books,Python Programming,28.53,2,5,54.21,Debit Card,Cancelled,
ORD-003110,2025-08-18,CUST-00034,46.0,East,In-Store,Beauty,Moisturizer,44.78,1,15,38.06,PayPal,Completed,3.3
ORD-003111,2024-12-20,CUST-00421,21.0,South,Mobile App,Clothing,Winter Coat,214.01,1,0,214.01,Crypto,Cancelled,
ORD-003112,2026-06-13,CUST-00573,,,Website,Automotive,Car Phone Mount,33.03,1,0,33.03,PayPal,Completed,
ORD-003113,2025-09-25,CUST-00870,62.0,North,Mobile App,Books,Business Mindset,18.5,1,20,14.8,Gift Card,Completed,2.8
ORD-003114,2025-05-14,CUST-00781,35.0,North,Marketplace,Home & Kitchen,Coffee Maker,132.3,1,15,112.46,Crypto,Completed,1.0
ORD-003115,2025-04-10,CUST-00070,49.0,North,Marketplace,Electronics,Bluetooth Speaker,60.09,2,15,102.15,PayPal,Completed,2.5
ORD-003116,2024-10-19,CUST-00976,35.0,East,Mobile App,Electronics,Laptop Stand,33.23,1,20,26.58,Crypto,Completed,2.0
ORD-003117,2026-06-19,CUST-00844,69.0,West,Website,Home & Kitchen,Bed Sheets,33.2,1,0,33.2,PayPal,Completed,1.3
ORD-003118,2025-04-04,CUST-00015,36.0,South,Website,Electronics,Wireless Earbuds,84.33,1,5,80.11,PayPal,Completed,
ORD-003119,2024-12-17,CUST-00251,57.0,South,Website,Sports,Resistance Bands,53.72,3,0,161.16,Crypto,Completed,3.3
ORD-003120,2025-04-07,CUST-00062,24.0,South,Mobile App,Automotive,Seat Covers,54.44,4,15,185.1,Credit Card,Completed,3.1
ORD-003121,2026-03-29,CUST-00513,19.0,Central,Mobile App,Automotive,Tire Inflator,58.96,1,20,47.17,PayPal,Completed,2.1
ORD-003122,2025-04-01,CUST-00697,33.0,South,Website,Sports,Gym Bag,22.15,1,20,17.72,Gift Card,Completed,2.0
ORD-003123,2025-09-21,CUST-00836,70.0,East,Website,Clothing,Yoga Pants,67.56,2,10,121.61,Credit Card,Completed,1.3
ORD-003124,2025-05-29,CUST-00926,36.0,West,Website,Automotive,Car Phone Mount,9.58,1,0,9.58,Debit Card,Completed,3.7
ORD-003125,2025-11-18,CUST-00094,25.0,South,Website,Electronics,Laptop Stand,47.51,1,0,47.51,Credit Card,Returned,3.5
ORD-003126,2024-12-03,CUST-00105,26.0,South,Marketplace,Electronics,Smartwatch,171.73,2,0,343.46,Gift Card,Completed,2.4
ORD-003127,2026-03-02,CUST-00168,41.0,West,Marketplace,Home & Kitchen,Air Fryer,157.51,1,5,149.63,Crypto,Completed,4.0
ORD-003128,2026-03-23,CUST-00794,57.0,West,Website,Books,Fiction Novel,10.01,3,0,30.03,Crypto,Completed,3.7
ORD-003129,2025-07-25,CUST-00719,38.0,North,Mobile App,Sports,Water Bottle,29.22,1,5,27.76,PayPal,Completed,4.1
ORD-003130,2025-08-18,CUST-00640,60.0,East,Website,Home & Kitchen,Bed Sheets,59.45,1,15,50.53,Credit Card,Completed,4.3
ORD-003131,2026-09-06,CUST-00200,31.0,East,Mobile App,Sports,Yoga Mat,22.07,1,0,22.07,Gift Card,Completed,1.2
ORD-003132,2026-05-08,CUST-00029,58.0,West,Website,Beauty,Moisturizer,34.07,1,0,34.07,Crypto,Completed,3.3
ORD-003133,2026-05-03,CUST-00843,49.0,East,In-Store,Automotive,Dash Cam,71.71,1,15,60.95,PayPal,Completed,2.9
ORD-003134,2026-02-14,CUST-00580,21.0,West,Website,Automotive,Seat Covers,28.3,4,20,90.56,Gift Card,Completed,2.1
ORD-003135,2026-09-19,CUST-00895,60.0,Central,In-Store,Electronics,USB-C Hub,19.41,1,10,17.47,Crypto,Completed,4.8
ORD-003136,2025-12-14,CUST-00509,69.0,West,Mobile App,Automotive,Seat Covers,123.85,2,15,210.54,Gift Card,Completed,2.2
ORD-003137,2026-07-02,CUST-00023,64.0,East,Website,Toys,LEGO Set,72.15,2,0,144.3,Debit Card,Returned,4.9
ORD-003138,2026-07-16,CUST-00445,58.0,North,Mobile App,Books,Fiction Novel,16.17,1,0,16.17,Gift Card,Returned,1.6
ORD-003139,2025-05-09,CUST-00407,43.0,South,Website,Sports,Jump Rope,4.92,2,10,8.86,Credit Card,Completed,1.5
ORD-003140,2026-02-20,CUST-00846,51.0,South,Marketplace,Electronics,Smartwatch,90.03,1,0,90.03,Gift Card,Completed,3.4
ORD-003141,2025-07-02,CUST-00587,34.0,East,Website,Sports,Water Bottle,34.99,2,5,66.48,Debit Card,Completed,3.0
ORD-003142,2026-03-18,CUST-00620,29.0,East,Marketplace,Toys,Board Game,22.76,1,15,19.35,PayPal,Returned,4.5
ORD-003143,2025-03-26,CUST-00896,32.0,East,Mobile App,Automotive,Dash Cam,95.86,1,5,91.07,Debit Card,Completed,
ORD-003144,2025-09-28,CUST-00025,42.0,South,Website,Home & Kitchen,Coffee Maker,134.72,1,0,134.72,Debit Card,Completed,1.5
ORD-003145,2026-06-24,CUST-00728,,,Marketplace,Clothing,Polo Shirt,33.39,2,15,56.76,PayPal,Pending,
ORD-003146,2025-02-03,CUST-00237,63.0,Central,Website,Beauty,Face Serum,16.15,2,10,29.07,Credit Card,Pending,4.8
ORD-003147,2026-07-10,CUST-00489,51.0,East,Mobile App,Home & Kitchen,Blender,100.87,1,0,100.87,PayPal,Completed,4.8
ORD-003148,2024-11-27,CUST-00503,31.0,West,Marketplace,Home & Kitchen,Bed Sheets,98.4,1,20,78.72,Debit Card,Completed,3.8
ORD-003149,2025-05-30,CUST-00733,23.0,West,Mobile App,Books,Cook Book,18.0,1,15,15.3,Debit Card,Completed,3.3
ORD-003150,2024-10-29,CUST-00002,34.0,West,Mobile App,Beauty,Face Serum,24.71,1,0,24.71,Debit Card,Completed,3.5
ORD-003151,2025-10-19,CUST-00810,25.0,East,Website,Toys,Doll Set,54.26,2,5,103.09,Crypto,Completed,2.9
ORD-003152,2025-07-25,CUST-00573,41.0,South,Website,Electronics,Laptop Stand,36.73,1,10,33.06,Crypto,Completed,3.3
ORD-003153,2025-10-30,CUST-00479,48.0,West,Marketplace,Electronics,USB-C Hub,56.25,1,15,47.81,Debit Card,Completed,
ORD-003154,2026-04-10,CUST-00530,41.0,East,Website,Books,Business Mindset,32.6,1,15,27.71,Debit Card,Completed,4.6
ORD-003155,2025-02-06,CUST-00019,59.0,North,Mobile App,Electronics,Bluetooth Speaker,33.92,1,10,30.53,Crypto,Completed,
ORD-003156,2024-11-15,CUST-00125,62.0,Central,Mobile App,Automotive,Car Phone Mount,46.99,1,20,37.59,PayPal,Completed,5.0
ORD-003157,2025-02-02,CUST-00241,51.0,South,Website,Beauty,Hair Dryer,36.41,1,0,36.41,PayPal,Returned,4.6
ORD-003158,2026-05-23,CUST-00809,52.0,Central,Website,Automotive,Seat Covers,29.23,1,5,27.77,Debit Card,Completed,3.2
ORD-003159,2025-06-04,CUST-00290,32.0,North,Mobile App,Electronics,USB-C Hub,63.19,3,20,151.66,Credit Card,Completed,2.1
ORD-003160,2026-01-18,CUST-00434,52.0,West,Mobile App,Electronics,Wireless Earbuds,65.36,1,10,58.82,Gift Card,Completed,2.4
ORD-003161,2025-03-01,CUST-00100,33.0,East,Website,Beauty,Face Serum,44.21,1,10,39.79,PayPal,Completed,1.7
ORD-003162,2025-10-29,CUST-00132,25.0,West,Website,Toys,Puzzle 1000pc,32.36,2,10,58.25,Crypto,Pending,
ORD-003163,2026-05-06,CUST-00941,62.0,South,Mobile App,Sports,Resistance Bands,10.06,1,15,8.55,PayPal,Completed,1.2
ORD-003164,2025-06-25,CUST-00396,36.0,East,Mobile App,Sports,Jump Rope,7.19,1,5,6.83,PayPal,Completed,3.3
ORD-003165,2026-07-27,CUST-00733,62.0,West,Mobile App,Clothing,Polo Shirt,52.8,1,20,42.24,Credit Card,Completed,3.2
ORD-003166,2025-05-03,CUST-00959,66.0,East,Mobile App,Toys,Doll Set,37.8,1,15,32.13,Crypto,Completed,
ORD-003167,2025-07-07,CUST-00448,46.0,West,Mobile App,Clothing,Running Shoes,75.2,1,15,63.92,Crypto,Completed,
ORD-003168,2025-06-18,CUST-00325,25.0,South,Mobile App,Books,Fiction Novel,15.65,1,10,14.09,Credit Card,Completed,3.3
ORD-003169,2026-02-11,CUST-00535,18.0,South,In-Store,Toys,Board Game,19.02,1,10,17.12,PayPal,Pending,2.8
ORD-003170,2026-06-04,CUST-00644,43.0,Central,Website,Sports,Jump Rope,5.04,1,0,5.04,PayPal,Completed,2.8
ORD-003171,2025-03-24,CUST-00143,31.0,North,Marketplace,Home & Kitchen,Bed Sheets,66.8,1,20,53.44,Debit Card,Completed,1.6
ORD-003172,2025-02-10,CUST-00913,67.0,West,In-Store,Beauty,Lip Gloss Set,8.41,2,5,15.98,Credit Card,Completed,1.1
ORD-003173,2025-08-29,CUST-00358,42.0,Central,Website,Beauty,Lip Gloss Set,26.49,1,20,21.19,Debit Card,Completed,2.4
ORD-003174,2024-12-31,CUST-00742,59.0,North,Marketplace,Toys,LEGO Set,40.83,2,10,73.49,PayPal,Cancelled,1.9
ORD-003175,2026-03-30,CUST-00276,26.0,North,Marketplace,Electronics,Smartwatch,86.6,1,20,69.28,Debit Card,Returned,3.6
ORD-003176,2025-11-10,CUST-00632,19.0,Central,In-Store,Beauty,Lip Gloss Set,36.8,1,10,33.12,Crypto,Cancelled,4.3
ORD-003177,2025-08-13,CUST-00279,21.0,West,Website,Automotive,Car Phone Mount,22.79,1,0,22.79,PayPal,Returned,2.8
ORD-003178,2025-08-30,CUST-00500,64.0,East,Marketplace,Sports,Gym Bag,23.97,1,20,19.18,PayPal,Completed,1.3
ORD-003179,2024-12-08,CUST-00448,18.0,South,Marketplace,Toys,Remote Car,80.36,2,15,136.61,PayPal,Cancelled,4.2
ORD-003180,2026-03-25,CUST-00448,22.0,West,Website,Beauty,Perfume,94.0,2,15,159.8,Debit Card,Completed,3.0
ORD-003181,2024-10-25,CUST-00240,63.0,North,Website,Sports,Resistance Bands,27.14,2,5,51.57,Gift Card,Completed,2.7
ORD-003182,2025-07-15,CUST-00140,70.0,South,Marketplace,Sports,Gym Bag,30.03,2,10,54.05,Gift Card,Cancelled,3.1
ORD-003183,2025-01-30,CUST-00015,18.0,West,Mobile App,Home & Kitchen,Air Fryer,72.78,1,15,61.86,Credit Card,Completed,3.6
ORD-003184,2026-05-11,CUST-00800,25.0,East,Mobile App,Sports,Water Bottle,30.24,1,0,30.24,Crypto,Completed,3.7
ORD-003185,2026-03-24,CUST-00428,70.0,Central,Mobile App,Automotive,Tire Inflator,45.87,1,0,45.87,Debit Card,Completed,2.6
ORD-003186,2026-01-26,CUST-00943,,,Marketplace,Sports,Water Bottle,13.92,3,5,39.67,Crypto,Cancelled,
ORD-003187,2026-07-30,CUST-00576,26.0,East,Website,Toys,Board Game,35.94,1,5,34.14,Gift Card,Completed,4.4
ORD-003188,2025-01-18,CUST-00190,51.0,North,Mobile App,Toys,Board Game,19.73,2,5,37.49,Credit Card,Completed,3.1
ORD-003189,2025-05-05,CUST-00148,22.0,West,Website,Home & Kitchen,Blender,74.21,2,5,141.0,PayPal,Completed,
ORD-003190,2026-08-08,CUST-00610,20.0,Central,Mobile App,Beauty,Face Serum,44.85,4,10,161.46,Debit Card,Completed,3.7
ORD-003191,2026-09-15,CUST-00425,33.0,West,Website,Electronics,USB-C Hub,57.02,1,0,57.02,Credit Card,Completed,1.4
ORD-003192,2025-12-29,CUST-00581,25.0,South,Website,Electronics,Smartwatch,201.1,2,10,361.98,Credit Card,Cancelled,
ORD-003193,2025-01-09,CUST-00545,36.0,East,Website,Sports,Yoga Mat,23.12,6,0,138.72,Crypto,Completed,
ORD-003194,2025-10-21,CUST-00077,51.0,East,Website,Beauty,Moisturizer,44.69,1,0,44.69,Gift Card,Completed,2.8
ORD-003195,2026-06-03,CUST-00586,39.0,Central,Website,Books,Business Mindset,14.04,1,5,13.34,Gift Card,Completed,3.6
ORD-003196,2025-03-05,CUST-00443,40.0,South,Mobile App,Beauty,Lip Gloss Set,27.1,1,20,21.68,Debit Card,Returned,4.2
ORD-003197,2026-02-18,CUST-00946,65.0,South,Website,Toys,Board Game,11.53,2,10,20.75,Crypto,Cancelled,
ORD-003198,2025-10-20,CUST-00957,43.0,Central,Website,Clothing,Polo Shirt,22.88,1,20,18.3,Crypto,Completed,3.4
ORD-003199,2025-12-14,CUST-00857,56.0,North,Mobile App,Sports,Resistance Bands,36.72,1,20,29.38,Gift Card,Completed,3.3
ORD-003200,2025-06-18,CUST-00671,38.0,West,Marketplace,Electronics,Wireless Earbuds,130.27,2,0,260.54,Gift Card,Completed,5.0
ORD-003201,2025-08-20,CUST-00466,22.0,South,Website,Home & Kitchen,Air Fryer,86.3,1,25,64.72,Debit Card,Completed,2.5
ORD-003202,2026-03-29,CUST-00392,43.0,South,Marketplace,Electronics,Laptop Stand,59.56,2,15,101.25,PayPal,Completed,1.1
ORD-003203,2026-03-18,CUST-00242,26.0,Central,Website,Beauty,Lip Gloss Set,16.16,1,10,14.54,PayPal,Completed,1.8
ORD-003204,2025-06-25,CUST-00094,56.0,East,Website,Toys,Remote Car,39.38,3,10,106.33,Credit Card,Completed,4.8
ORD-003205,2026-04-20,CUST-00063,49.0,South,Marketplace,Sports,Yoga Mat,38.48,1,20,30.78,Gift Card,Completed,2.4
ORD-003206,2025-05-14,CUST-00615,58.0,South,Marketplace,Sports,Water Bottle,7.55,1,25,5.66,Debit Card,Pending,4.4
ORD-003207,2026-06-08,CUST-00310,,South,Website,Automotive,Car Phone Mount,14.19,1,0,14.19,Gift Card,Completed,
ORD-003208,2025-03-30,CUST-00951,40.0,South,Marketplace,Books,Business Mindset,25.34,2,0,50.68,Crypto,Completed,3.0
ORD-003209,2024-10-23,CUST-00131,36.0,West,Website,Beauty,Perfume,76.64,2,0,153.28,Debit Card,Completed,4.7
ORD-003210,2024-12-31,CUST-00439,26.0,North,Website,Automotive,Car Phone Mount,24.63,2,5,46.8,Debit Card,Completed,3.3
ORD-003211,2025-03-20,CUST-00143,58.0,North,Website,Sports,Resistance Bands,19.1,3,0,57.3,Credit Card,Completed,4.4
ORD-003212,2026-07-10,CUST-00634,48.0,Central,In-Store,Books,Fiction Novel,9.3,1,0,9.3,PayPal,Completed,4.2
ORD-003213,2026-07-14,CUST-00072,62.0,South,Mobile App,Books,Data Science Guide,46.28,4,15,157.35,Gift Card,Cancelled,4.7
ORD-003214,2026-06-07,CUST-00249,36.0,Central,Mobile App,Clothing,Denim Jacket,128.84,4,5,489.59,PayPal,Completed,1.4
ORD-003215,2024-12-23,CUST-00963,64.0,South,In-Store,Home & Kitchen,Air Fryer,272.91,2,0,545.82,Credit Card,Returned,4.4
ORD-003216,2025-02-12,CUST-00283,31.0,East,Website,Beauty,Hair Dryer,20.58,4,0,82.32,PayPal,Cancelled,2.2
ORD-003217,2026-01-13,CUST-00096,46.0,East,Website,Home & Kitchen,Blender,72.6,1,5,68.97,Credit Card,Completed,
ORD-003218,2026-09-06,CUST-00521,38.0,North,Marketplace,Toys,Doll Set,27.77,1,0,27.77,Gift Card,Cancelled,4.7
ORD-003219,2026-03-13,CUST-00193,20.0,Central,Marketplace,Automotive,Car Phone Mount,9.35,1,20,7.48,Debit Card,Completed,
ORD-003220,2024-09-30,CUST-00351,39.0,Central,Marketplace,Electronics,USB-C Hub,29.06,2,25,43.59,Crypto,Completed,2.8
ORD-003221,2025-04-07,CUST-00491,35.0,South,Mobile App,Sports,Jump Rope,8.96,1,5,8.51,PayPal,Pending,2.0
ORD-003222,2026-03-04,CUST-00840,67.0,West,Website,Toys,Remote Car,26.57,2,15,45.17,Crypto,Returned,4.8
ORD-003223,2024-10-15,CUST-00206,22.0,East,Website,Clothing,Yoga Pants,43.82,3,5,124.89,PayPal,Completed,5.0
ORD-003224,2026-06-24,CUST-00512,55.0,West,Mobile App,Beauty,Face Serum,67.26,2,15,114.34,Crypto,Completed,
ORD-003225,2025-08-30,CUST-00805,43.0,South,Marketplace,Toys,Board Game,46.56,1,0,46.56,Crypto,Completed,3.3
ORD-003226,2025-02-15,CUST-00009,48.0,Central,Website,Sports,Gym Bag,21.33,1,0,21.33,Debit Card,Completed,2.4
ORD-003227,2025-07-26,CUST-00497,45.0,West,Mobile App,Beauty,Moisturizer,37.16,1,0,37.16,PayPal,Completed,
ORD-003228,2025-07-15,CUST-00484,27.0,North,Mobile App,Sports,Resistance Bands,12.31,3,10,33.24,Debit Card,Returned,3.4
ORD-003229,2025-03-25,CUST-00654,20.0,South,Website,Clothing,Running Shoes,71.68,2,0,143.36,Debit Card,Completed,3.6
ORD-003230,2024-11-11,CUST-00571,30.0,East,Website,Clothing,Yoga Pants,69.4,1,20,55.52,Crypto,Completed,4.2
ORD-003231,2024-10-22,CUST-00676,46.0,East,Marketplace,Electronics,Bluetooth Speaker,97.68,1,20,78.14,Crypto,Completed,1.2
ORD-003232,2026-07-25,CUST-00402,61.0,West,Mobile App,Home & Kitchen,Knife Set,46.49,1,5,44.17,Gift Card,Completed,4.3
ORD-003233,2025-07-24,CUST-00900,68.0,East,In-Store,Sports,Resistance Bands,26.82,1,10,24.14,Credit Card,Completed,1.7
ORD-003234,2026-01-28,CUST-00387,46.0,West,Mobile App,Toys,Remote Car,37.98,5,15,161.41,Debit Card,Completed,1.6
ORD-003235,2025-11-27,CUST-00736,61.0,West,In-Store,Home & Kitchen,Bed Sheets,53.21,1,20,42.57,Gift Card,Completed,1.2
ORD-003236,2025-01-19,CUST-00697,24.0,South,Website,Sports,Jump Rope,5.36,1,15,4.56,PayPal,Cancelled,2.7
ORD-003237,2025-03-17,CUST-00614,50.0,West,Website,Electronics,Laptop Stand,24.41,3,25,54.92,Credit Card,Pending,2.6
ORD-003238,2026-09-17,CUST-00966,19.0,Central,In-Store,Toys,Doll Set,48.15,1,25,36.11,PayPal,Pending,4.9
ORD-003239,2025-08-12,CUST-00438,21.0,Central,Marketplace,Books,Fiction Novel,14.12,1,10,12.71,Crypto,Returned,2.2
ORD-003240,2024-11-17,CUST-00558,22.0,North,Website,Books,Data Science Guide,65.19,2,10,117.34,Gift Card,Completed,2.7
ORD-003241,2025-07-20,CUST-00993,67.0,South,Mobile App,Home & Kitchen,Coffee Maker,93.74,1,5,89.05,Gift Card,Completed,
ORD-003242,2026-05-20,CUST-00395,27.0,South,Website,Home & Kitchen,Coffee Maker,127.48,9,0,1147.32,PayPal,Completed,
ORD-003243,2026-07-23,CUST-00075,36.0,South,Website,Books,Fiction Novel,10.17,1,0,10.17,Crypto,Completed,3.7
ORD-003244,2026-05-05,CUST-00497,20.0,North,Website,Electronics,Bluetooth Speaker,88.77,3,0,266.31,Credit Card,Completed,2.9
ORD-003245,2026-05-05,CUST-00920,62.0,South,Website,Clothing,Denim Jacket,88.12,1,10,79.31,Crypto,Completed,4.6
ORD-003246,2025-03-04,CUST-00672,31.0,Central,Mobile App,Electronics,Wireless Earbuds,95.13,2,10,171.23,Credit Card,Pending,2.4
ORD-003247,2025-07-26,CUST-00264,22.0,South,Marketplace,Home & Kitchen,Knife Set,92.39,2,10,166.3,Gift Card,Cancelled,2.5
ORD-003248,2025-02-13,CUST-00634,26.0,North,Website,Beauty,Perfume,61.55,1,5,58.47,Credit Card,Cancelled,
ORD-003249,2025-08-09,CUST-00034,18.0,East,Website,Automotive,Dash Cam,98.63,1,0,98.63,Gift Card,Completed,3.9
ORD-003250,2026-07-29,CUST-00117,41.0,South,Marketplace,Books,Business Mindset,31.04,1,10,27.94,Debit Card,Completed,1.1
ORD-003251,2025-08-10,CUST-00240,27.0,South,Mobile App,Books,Data Science Guide,27.82,2,0,55.64,PayPal,Completed,1.6
ORD-003252,2026-01-19,CUST-00448,28.0,West,Mobile App,Electronics,Smartwatch,87.83,1,0,87.83,PayPal,Completed,4.0
ORD-003253,2026-01-08,CUST-00776,47.0,North,Mobile App,Toys,Puzzle 1000pc,21.72,2,0,43.44,Gift Card,Completed,4.9
ORD-003254,2025-12-01,CUST-00328,46.0,North,Website,Toys,Remote Car,123.5,3,0,370.5,Gift Card,Completed,1.7
ORD-003255,2025-09-30,CUST-00588,61.0,East,Website,Books,Python Programming,19.92,2,0,39.84,PayPal,Completed,2.1
ORD-003256,2024-12-04,CUST-00535,38.0,East,Marketplace,Electronics,Laptop Stand,109.69,1,0,109.69,Credit Card,Completed,
ORD-003257,2025-09-18,CUST-00168,34.0,Central,Website,Beauty,Face Serum,49.07,1,10,44.16,Crypto,Completed,3.0
ORD-003258,2026-05-26,CUST-00008,60.0,Central,Mobile App,Toys,Puzzle 1000pc,26.17,1,0,26.17,Debit Card,Pending,2.6
ORD-003259,2025-09-24,CUST-00330,47.0,East,Marketplace,Sports,Yoga Mat,28.77,3,10,77.68,Credit Card,Completed,2.8
ORD-003260,2026-02-21,CUST-00192,41.0,Central,Website,Automotive,Dash Cam,92.48,3,0,277.44,Gift Card,Cancelled,
ORD-003261,2026-05-27,CUST-00198,57.0,East,Website,Clothing,Running Shoes,90.1,1,0,90.1,Debit Card,Returned,1.3
ORD-003262,2025-07-24,CUST-00411,48.0,East,Website,Electronics,Laptop Stand,27.95,1,5,26.55,Crypto,Completed,4.4
ORD-003263,2025-06-11,CUST-00279,30.0,Central,Website,Clothing,Running Shoes,76.87,1,10,69.18,Crypto,Completed,3.2
ORD-003264,2025-05-28,CUST-00261,23.0,North,Mobile App,Clothing,Denim Jacket,108.91,3,15,277.72,Gift Card,Completed,3.2
ORD-003265,2024-10-01,CUST-00592,39.0,North,In-Store,Books,Fiction Novel,27.18,2,10,48.92,Credit Card,Pending,2.1
ORD-003266,2024-12-23,CUST-00450,54.0,West,In-Store,Toys,Puzzle 1000pc,54.85,5,5,260.54,Gift Card,Cancelled,
ORD-003267,2026-09-21,CUST-00157,47.0,North,Mobile App,Toys,LEGO Set,30.62,1,0,30.62,PayPal,Completed,2.9
ORD-003268,2025-10-21,CUST-00569,28.0,North,Website,Electronics,Smartwatch,400.72,1,10,360.65,PayPal,Pending,3.0
ORD-003269,2025-12-10,CUST-00195,35.0,South,Website,Automotive,Tire Inflator,121.6,1,5,115.52,PayPal,Completed,1.7
ORD-003270,2026-01-10,CUST-00179,64.0,West,In-Store,Automotive,Dash Cam,55.78,2,10,100.4,Gift Card,Completed,1.9
ORD-003271,2025-08-21,CUST-00168,30.0,East,Website,Beauty,Lip Gloss Set,32.29,1,10,29.06,Gift Card,Completed,3.7
ORD-003272,2025-10-21,CUST-00139,,,Website,Sports,Jump Rope,10.22,1,0,10.22,Gift Card,Completed,
ORD-003273,2025-07-27,CUST-00567,33.0,Central,Mobile App,Beauty,Moisturizer,49.3,2,10,88.74,Crypto,Completed,1.6
ORD-003274,2025-02-02,CUST-00917,45.0,North,In-Store,Beauty,Moisturizer,34.04,2,20,54.46,Debit Card,Completed,
ORD-003275,2024-12-01,CUST-00269,39.0,South,Website,Books,Data Science Guide,44.79,1,0,44.79,Crypto,Completed,3.8
ORD-003276,2025-12-06,CUST-00890,36.0,Central,Mobile App,Home & Kitchen,Bed Sheets,62.03,3,0,186.09,Debit Card,Cancelled,2.8
ORD-003277,2026-06-17,CUST-00121,24.0,East,Website,Sports,Water Bottle,17.82,3,15,45.44,PayPal,Cancelled,
ORD-003278,2025-05-15,CUST-00301,52.0,Central,Website,Automotive,Seat Covers,38.01,1,10,34.21,PayPal,Completed,
ORD-003279,2026-05-10,CUST-00388,44.0,South,Mobile App,Sports,Resistance Bands,32.12,1,15,27.3,PayPal,Completed,1.5
ORD-003280,2025-05-18,CUST-00258,34.0,West,Website,Sports,Jump Rope,13.16,2,0,26.32,Gift Card,Completed,2.8
ORD-003281,2025-11-08,CUST-00637,41.0,Central,Mobile App,Automotive,Dash Cam,98.22,1,10,88.4,Crypto,Completed,4.2
ORD-003282,2024-11-14,CUST-00123,54.0,East,Website,Books,Python Programming,22.28,1,5,21.17,Credit Card,Returned,2.1
ORD-003283,2024-12-21,CUST-00833,50.0,Central,Website,Home & Kitchen,Coffee Maker,57.35,1,25,43.01,PayPal,Completed,1.1
ORD-003284,2024-11-24,CUST-00926,,,Marketplace,Clothing,Denim Jacket,86.23,2,25,129.34,Gift Card,Completed,
ORD-003285,2024-09-27,CUST-00651,42.0,North,In-Store,Sports,Resistance Bands,30.73,1,25,23.05,Crypto,Completed,4.0
ORD-003286,2024-11-07,CUST-00642,27.0,West,Website,Clothing,Running Shoes,91.27,4,20,292.06,Crypto,Cancelled,4.5
ORD-003287,2025-03-28,CUST-00717,23.0,North,Website,Clothing,Winter Coat,188.15,1,10,169.34,Credit Card,Completed,2.1
ORD-003288,2024-11-14,CUST-00169,34.0,East,Website,Beauty,Hair Dryer,33.38,1,0,33.38,Debit Card,Completed,
ORD-003289,2026-05-28,CUST-00572,29.0,Central,Mobile App,Electronics,Smartwatch,334.9,1,5,318.15,Gift Card,Pending,1.5
ORD-003290,2026-04-30,CUST-00766,,,Mobile App,Electronics,Bluetooth Speaker,67.98,1,0,67.98,Debit Card,Completed,
ORD-003291,2026-01-22,CUST-00989,36.0,West,Mobile App,Toys,Doll Set,32.49,3,10,87.72,PayPal,Completed,3.6
ORD-003292,2025-10-02,CUST-00402,52.0,North,Mobile App,Clothing,Yoga Pants,73.6,1,0,73.6,Debit Card,Returned,3.8
ORD-003293,2025-03-31,CUST-00378,47.0,South,Mobile App,Toys,LEGO Set,63.1,3,5,179.84,PayPal,Completed,3.4
ORD-003294,2026-05-19,CUST-00772,38.0,West,Marketplace,Beauty,Lip Gloss Set,24.69,2,0,49.38,Gift Card,Completed,1.1
ORD-003295,2025-04-05,CUST-00616,64.0,Central,Marketplace,Automotive,Tire Inflator,59.7,1,10,53.73,Debit Card,Completed,2.9
ORD-003296,2025-02-13,CUST-00280,21.0,Central,Website,Clothing,Running Shoes,45.19,1,0,45.19,Credit Card,Completed,1.9
ORD-003297,2026-03-09,CUST-00027,45.0,South,Mobile App,Books,Business Mindset,31.4,4,5,119.32,Gift Card,Completed,4.9
ORD-003298,2026-09-02,CUST-00693,69.0,West,In-Store,Electronics,Bluetooth Speaker,79.04,1,5,75.09,Crypto,Completed,4.4
ORD-003299,2025-05-01,CUST-00133,24.0,West,Website,Home & Kitchen,Air Fryer,61.17,1,10,55.05,Debit Card,Completed,2.1
ORD-003300,2025-07-20,CUST-00301,39.0,North,Mobile App,Electronics,Smartwatch,373.15,3,5,1063.48,Gift Card,Completed,2.5
ORD-003301,2025-10-24,CUST-00465,41.0,Central,Website,Home & Kitchen,Knife Set,78.4,2,5,148.96,Crypto,Completed,3.7
ORD-003302,2026-07-23,CUST-00881,28.0,East,Mobile App,Beauty,Lip Gloss Set,34.02,1,5,32.32,PayPal,Completed,2.3
ORD-003303,2026-09-05,CUST-00850,60.0,East,Mobile App,Home & Kitchen,Knife Set,90.3,1,15,76.75,Gift Card,Returned,
ORD-003304,2024-10-14,CUST-00873,45.0,West,Mobile App,Automotive,Seat Covers,82.76,1,20,66.21,Debit Card,Completed,4.0
ORD-003305,2026-07-19,CUST-00509,21.0,East,Mobile App,Beauty,Moisturizer,25.63,3,10,69.2,Gift Card,Pending,1.2
ORD-003306,2025-04-29,CUST-00001,36.0,North,Mobile App,Books,Fiction Novel,11.7,3,0,35.1,Credit Card,Completed,4.8
ORD-003307,2025-01-13,CUST-00911,56.0,East,Website,Home & Kitchen,Bed Sheets,43.17,2,5,82.02,Gift Card,Completed,1.8
ORD-003308,2025-05-14,CUST-00630,35.0,East,Mobile App,Automotive,Tire Inflator,71.44,2,5,135.74,PayPal,Completed,
ORD-003309,2026-04-06,CUST-00810,49.0,South,Website,Electronics,Bluetooth Speaker,64.37,4,0,257.48,Crypto,Completed,3.0
ORD-003310,2024-09-25,CUST-00392,24.0,East,In-Store,Books,Cook Book,17.54,1,0,17.54,Debit Card,Completed,1.2
ORD-003311,2025-04-30,CUST-00394,21.0,North,In-Store,Clothing,Polo Shirt,16.0,1,20,12.8,Debit Card,Pending,3.7
ORD-003312,2025-09-21,CUST-00309,56.0,South,Mobile App,Beauty,Perfume,52.56,2,10,94.61,Crypto,Completed,1.1
ORD-003313,2025-10-30,CUST-00554,64.0,North,Marketplace,Books,Python Programming,25.07,5,20,100.28,Credit Card,Completed,2.7
ORD-003314,2025-02-20,CUST-00466,40.0,South,Marketplace,Toys,Puzzle 1000pc,24.9,1,15,21.16,PayPal,Completed,2.2
ORD-003315,2026-05-28,CUST-00257,67.0,Central,Website,Sports,Water Bottle,22.2,1,0,22.2,PayPal,Returned,1.8
ORD-003316,2024-10-08,CUST-00640,64.0,South,Mobile App,Clothing,Running Shoes,123.35,2,0,246.7,PayPal,Completed,3.1
ORD-003317,2026-04-17,CUST-00969,65.0,North,Website,Home & Kitchen,Coffee Maker,96.0,1,0,96.0,Credit Card,Completed,2.3
ORD-003318,2025-11-10,CUST-00018,38.0,West,Website,Electronics,USB-C Hub,27.48,1,5,26.11,Crypto,Completed,3.9
ORD-003319,2026-06-23,CUST-00448,34.0,South,Website,Clothing,Yoga Pants,40.29,3,10,108.78,Crypto,Pending,2.0
ORD-003320,2025-06-16,CUST-00593,54.0,West,Website,Home & Kitchen,Bed Sheets,70.32,6,15,358.63,Debit Card,Completed,
ORD-003321,2026-04-01,CUST-00683,25.0,North,Website,Beauty,Lip Gloss Set,28.01,1,5,26.61,PayPal,Completed,2.8
ORD-003322,2024-12-08,CUST-00544,37.0,Central,Mobile App,Home & Kitchen,Knife Set,101.91,1,10,91.72,Credit Card,Completed,3.9
ORD-003323,2025-02-19,CUST-00640,36.0,Central,Website,Beauty,Face Serum,27.98,1,15,23.78,Gift Card,Completed,2.6
ORD-003324,2025-03-21,CUST-00244,27.0,Central,Website,Sports,Jump Rope,7.02,1,5,6.67,PayPal,Completed,2.2
ORD-003325,2026-03-27,CUST-00506,40.0,North,Marketplace,Toys,Puzzle 1000pc,21.66,3,5,61.73,Gift Card,Completed,3.4
ORD-003326,2026-02-16,CUST-00463,66.0,North,Marketplace,Electronics,Wireless Earbuds,89.91,2,5,170.83,Gift Card,Completed,3.0
ORD-003327,2026-03-05,CUST-00715,20.0,North,Website,Beauty,Face Serum,51.66,1,20,41.33,PayPal,Completed,4.6
ORD-003328,2026-01-21,CUST-00044,55.0,South,Website,Automotive,Dash Cam,48.78,1,20,39.02,Credit Card,Completed,4.0
ORD-003329,2026-08-09,CUST-00493,63.0,East,Marketplace,Home & Kitchen,Air Fryer,113.95,1,0,113.95,Crypto,Completed,3.9
ORD-003330,2025-10-01,CUST-00502,43.0,Central,Website,Books,Data Science Guide,50.74,2,15,86.26,Credit Card,Pending,2.7
ORD-003331,2026-05-19,CUST-00710,44.0,East,Website,Clothing,Yoga Pants,38.64,2,5,73.42,Crypto,Completed,
ORD-003332,2025-10-22,CUST-00045,54.0,Central,Website,Toys,Doll Set,70.76,1,20,56.61,Debit Card,Completed,1.1
ORD-003333,2026-08-21,CUST-00885,34.0,North,Website,Beauty,Perfume,40.75,4,5,154.85,Gift Card,Completed,1.7
ORD-003334,2024-10-06,CUST-00622,63.0,West,Website,Beauty,Face Serum,55.71,2,5,105.85,Debit Card,Completed,
ORD-003335,2026-06-21,CUST-00320,54.0,Central,Marketplace,Toys,Doll Set,39.2,3,15,99.96,Crypto,Completed,3.1
ORD-003336,2025-12-19,CUST-00230,54.0,North,Website,Toys,Remote Car,40.19,1,5,38.18,Crypto,Completed,1.8
ORD-003337,2026-09-14,CUST-00750,36.0,North,Mobile App,Home & Kitchen,Coffee Maker,115.36,1,15,98.06,Debit Card,Completed,1.5
ORD-003338,2025-01-16,CUST-00114,70.0,West,Website,Toys,Doll Set,42.76,1,15,36.35,Credit Card,Completed,
ORD-003339,2025-07-06,CUST-00018,27.0,Central,Website,Toys,Remote Car,50.4,2,10,90.72,PayPal,Completed,2.7
ORD-003340,2025-05-06,CUST-00428,36.0,West,Website,Home & Kitchen,Coffee Maker,28.3,4,0,113.2,PayPal,Completed,3.5
ORD-003341,2025-07-13,CUST-00002,19.0,East,Marketplace,Home & Kitchen,Blender,83.23,2,15,141.49,Credit Card,Completed,2.9
ORD-003342,2025-04-13,CUST-00727,64.0,West,Website,Books,Data Science Guide,25.0,1,10,22.5,Crypto,Completed,1.5
ORD-003343,2025-10-20,CUST-00571,18.0,Central,Mobile App,Books,Business Mindset,39.04,1,0,39.04,Debit Card,Completed,4.9
ORD-003344,2025-04-20,CUST-00423,22.0,South,Mobile App,Toys,Doll Set,28.46,3,10,76.84,Gift Card,Completed,4.9
ORD-003345,2024-10-31,CUST-00781,45.0,North,Mobile App,Clothing,Running Shoes,101.72,1,0,101.72,Gift Card,Completed,3.6
ORD-003346,2024-09-28,CUST-00962,38.0,Central,Website,Toys,Puzzle 1000pc,17.48,4,10,62.93,Debit Card,Completed,
ORD-003347,2025-07-06,CUST-00701,19.0,West,Mobile App,Sports,Water Bottle,8.69,1,0,8.69,Debit Card,Completed,5.0
ORD-003348,2025-05-04,CUST-00706,,,Mobile App,Books,Cook Book,22.68,4,5,86.18,Credit Card,Completed,
ORD-003349,2026-07-15,CUST-00463,33.0,North,Mobile App,Home & Kitchen,Bed Sheets,91.28,2,5,173.43,PayPal,Completed,4.1
ORD-003350,2026-05-16,CUST-00064,36.0,West,Marketplace,Electronics,Laptop Stand,42.44,1,5,40.32,Debit Card,Completed,2.3
ORD-003351,2025-11-26,CUST-00164,63.0,Central,In-Store,Sports,Gym Bag,65.24,1,10,58.72,Debit Card,Completed,
ORD-003352,2025-10-02,CUST-00453,40.0,West,Mobile App,Clothing,Yoga Pants,34.14,1,10,30.73,Gift Card,Completed,1.3
ORD-003353,2025-11-04,CUST-00924,35.0,South,In-Store,Automotive,Tire Inflator,115.36,2,0,230.72,Crypto,Completed,2.3
ORD-003354,2026-04-28,CUST-00270,38.0,Central,Marketplace,Electronics,Smartwatch,227.64,1,10,204.88,Debit Card,Completed,2.0
ORD-003355,2026-02-28,CUST-00885,58.0,West,Website,Automotive,Tire Inflator,57.43,1,25,43.07,Debit Card,Cancelled,2.7
ORD-003356,2026-03-31,CUST-00938,64.0,North,Marketplace,Beauty,Face Serum,53.29,1,25,39.97,Gift Card,Returned,3.4
ORD-003357,2025-09-14,CUST-00214,42.0,Central,Mobile App,Toys,Puzzle 1000pc,25.11,1,0,25.11,PayPal,Pending,4.0
ORD-003358,2025-04-29,CUST-00158,44.0,West,Website,Electronics,Wireless Earbuds,90.88,1,0,90.88,Crypto,Completed,3.7
ORD-003359,2025-12-12,CUST-00959,58.0,West,Website,Electronics,Bluetooth Speaker,146.66,2,0,293.32,Debit Card,Completed,1.9
ORD-003360,2024-11-03,CUST-00069,32.0,South,Website,Books,Fiction Novel,31.17,1,0,31.17,Gift Card,Completed,2.9
ORD-003361,2025-02-04,CUST-00455,44.0,South,Website,Automotive,Dash Cam,93.51,1,0,93.51,PayPal,Completed,2.5
ORD-003362,2026-02-24,CUST-00645,30.0,North,Website,Automotive,Car Phone Mount,15.47,1,0,15.47,PayPal,Completed,4.4
ORD-003363,2025-03-14,CUST-00401,55.0,West,Website,Toys,Puzzle 1000pc,20.31,1,5,19.29,Debit Card,Completed,3.4
ORD-003364,2025-02-14,CUST-00670,40.0,Central,Mobile App,Beauty,Perfume,77.28,1,20,61.82,Debit Card,Completed,
ORD-003365,2026-07-10,CUST-00339,44.0,South,In-Store,Toys,Doll Set,25.04,1,15,21.28,Debit Card,Pending,2.7
ORD-003366,2024-11-23,CUST-00521,18.0,North,Mobile App,Home & Kitchen,Knife Set,54.3,5,5,257.93,Gift Card,Completed,
ORD-003367,2026-07-22,CUST-00623,55.0,West,Marketplace,Clothing,Yoga Pants,46.52,1,15,39.54,Credit Card,Completed,
ORD-003368,2024-12-03,CUST-00961,64.0,East,Website,Electronics,Wireless Earbuds,150.52,1,10,135.47,Crypto,Cancelled,3.5
ORD-003369,2024-12-15,CUST-00587,54.0,South,Marketplace,Automotive,Seat Covers,65.38,2,5,124.22,Credit Card,Completed,1.8
ORD-003370,2026-01-14,CUST-00225,60.0,South,Website,Beauty,Hair Dryer,37.34,1,0,37.34,Credit Card,Completed,
ORD-003371,2026-02-11,CUST-00089,18.0,Central,Mobile App,Sports,Resistance Bands,13.49,1,0,13.49,Debit Card,Completed,4.4
ORD-003372,2026-01-05,CUST-00846,64.0,South,Website,Sports,Resistance Bands,20.9,1,0,20.9,Crypto,Completed,3.4
ORD-003373,2026-06-14,CUST-00459,58.0,West,In-Store,Books,Data Science Guide,27.14,3,10,73.28,Crypto,Returned,
ORD-003374,2024-11-20,CUST-00961,19.0,East,Marketplace,Toys,Remote Car,91.64,4,10,329.9,Credit Card,Cancelled,4.3
ORD-003375,2025-02-15,CUST-00564,51.0,South,Mobile App,Books,Fiction Novel,11.96,1,25,8.97,PayPal,Completed,1.8
ORD-003376,2025-11-25,CUST-00708,29.0,Central,Mobile App,Clothing,Winter Coat,147.44,1,0,147.44,Gift Card,Cancelled,3.8
ORD-003377,2025-08-24,CUST-00005,32.0,West,Website,Toys,Puzzle 1000pc,18.79,1,0,18.79,PayPal,Completed,1.5
ORD-003378,2025-01-02,CUST-00058,26.0,East,Mobile App,Clothing,Running Shoes,73.51,1,10,66.16,Crypto,Completed,1.3
ORD-003379,2025-11-09,CUST-00160,50.0,Central,In-Store,Home & Kitchen,Air Fryer,237.17,2,0,474.34,Crypto,Completed,1.1
ORD-003380,2025-01-15,CUST-00428,59.0,North,Website,Home & Kitchen,Coffee Maker,78.08,1,0,78.08,Crypto,Completed,
ORD-003381,2025-09-20,CUST-00952,43.0,South,Website,Home & Kitchen,Knife Set,76.73,6,5,437.36,PayPal,Completed,1.8
ORD-003382,2026-04-20,CUST-00265,40.0,East,Website,Sports,Gym Bag,52.76,3,5,150.37,PayPal,Completed,4.1
ORD-003383,2026-01-22,CUST-00831,56.0,Central,Mobile App,Automotive,Seat Covers,61.75,1,0,61.75,PayPal,Completed,4.4
ORD-003384,2026-05-25,CUST-00107,32.0,North,Marketplace,Electronics,Wireless Earbuds,117.57,3,5,335.07,PayPal,Completed,2.0
ORD-003385,2025-04-23,CUST-00754,44.0,West,Mobile App,Beauty,Face Serum,33.31,3,5,94.93,Credit Card,Completed,
ORD-003386,2026-05-24,CUST-00215,66.0,North,Marketplace,Electronics,Bluetooth Speaker,87.87,1,10,79.08,Debit Card,Completed,1.2
ORD-003387,2025-08-05,CUST-00255,67.0,East,Marketplace,Automotive,Seat Covers,58.09,1,5,55.19,PayPal,Completed,4.4
ORD-003388,2025-12-07,CUST-00369,39.0,South,Website,Home & Kitchen,Coffee Maker,105.73,1,25,79.3,PayPal,Completed,2.3
ORD-003389,2026-09-04,CUST-00413,35.0,South,Mobile App,Automotive,Car Vacuum,63.58,2,10,114.44,Credit Card,Returned,1.7
ORD-003390,2026-07-26,CUST-00538,65.0,West,Marketplace,Home & Kitchen,Bed Sheets,32.3,1,0,32.3,Gift Card,Cancelled,4.7
ORD-003391,2025-10-07,CUST-00976,35.0,South,Mobile App,Sports,Jump Rope,12.4,1,15,10.54,Credit Card,Completed,3.6
ORD-003392,2026-07-14,CUST-00712,68.0,South,Mobile App,Automotive,Car Vacuum,60.76,1,15,51.65,Credit Card,Completed,4.7
ORD-003393,2025-05-05,CUST-00093,66.0,South,In-Store,Home & Kitchen,Coffee Maker,105.18,1,25,78.89,Debit Card,Completed,1.0
ORD-003394,2024-10-10,CUST-00257,52.0,North,In-Store,Toys,Remote Car,45.0,1,10,40.5,PayPal,Completed,1.3
ORD-003395,2024-11-07,CUST-00945,19.0,South,Website,Home & Kitchen,Knife Set,82.03,5,10,369.13,Credit Card,Completed,2.6
ORD-003396,2026-03-23,CUST-00196,66.0,East,Mobile App,Books,Data Science Guide,29.35,1,5,27.88,Gift Card,Completed,3.3
ORD-003397,2025-12-02,CUST-00813,27.0,Central,Mobile App,Toys,Board Game,52.35,2,5,99.47,Crypto,Completed,
ORD-003398,2025-09-22,CUST-00553,46.0,West,In-Store,Beauty,Face Serum,48.9,4,0,195.6,PayPal,Completed,1.8
ORD-003399,2025-12-26,CUST-00895,29.0,Central,Website,Toys,LEGO Set,122.23,6,10,660.04,Credit Card,Completed,3.2
ORD-003400,2025-04-24,CUST-00219,53.0,West,Website,Sports,Jump Rope,10.2,1,20,8.16,Crypto,Completed,
ORD-003401,2025-05-13,CUST-00763,31.0,West,In-Store,Sports,Jump Rope,5.07,2,5,9.63,Debit Card,Completed,
ORD-003402,2025-10-12,CUST-00830,23.0,East,Marketplace,Toys,Board Game,43.28,2,10,77.9,Crypto,Completed,
ORD-003403,2025-11-05,CUST-00228,44.0,North,Website,Toys,Remote Car,45.82,1,10,41.24,Credit Card,Completed,1.4
ORD-003404,2026-08-07,CUST-00995,18.0,South,Mobile App,Books,Cook Book,27.38,1,25,20.54,PayPal,Returned,2.2
ORD-003405,2026-01-13,CUST-00975,18.0,West,Website,Beauty,Lip Gloss Set,17.77,2,20,28.43,Gift Card,Completed,1.4
ORD-003406,2025-11-09,CUST-00749,44.0,West,Marketplace,Sports,Gym Bag,53.75,1,0,53.75,Credit Card,Completed,1.0
ORD-003407,2025-09-11,CUST-00344,70.0,South,Mobile App,Electronics,Wireless Earbuds,88.56,2,10,159.41,Gift Card,Completed,2.5
ORD-003408,2024-12-04,CUST-00427,32.0,West,Mobile App,Home & Kitchen,Knife Set,67.51,1,25,50.63,Gift Card,Completed,2.9
ORD-003409,2024-10-02,CUST-00182,65.0,East,Website,Home & Kitchen,Air Fryer,132.31,1,0,132.31,Debit Card,Completed,2.4
ORD-003410,2026-03-08,CUST-00658,60.0,North,Mobile App,Sports,Yoga Mat,28.59,5,15,121.51,Debit Card,Completed,1.7
ORD-003411,2024-10-10,CUST-00861,60.0,West,Mobile App,Electronics,Laptop Stand,66.14,1,15,56.22,Credit Card,Completed,4.7
ORD-003412,2026-09-06,CUST-00467,69.0,Central,Marketplace,Books,Python Programming,30.86,1,0,30.86,PayPal,Completed,1.7
ORD-003413,2026-03-29,CUST-00161,40.0,North,Marketplace,Home & Kitchen,Knife Set,64.24,5,10,289.08,Debit Card,Completed,3.2
ORD-003414,2026-03-17,CUST-00697,70.0,East,Website,Home & Kitchen,Air Fryer,105.01,1,20,84.01,Crypto,Cancelled,1.5
ORD-003415,2025-07-19,CUST-00989,35.0,North,Marketplace,Home & Kitchen,Bed Sheets,67.7,1,0,67.7,Credit Card,Completed,3.8
ORD-003416,2026-07-03,CUST-00056,34.0,South,Marketplace,Clothing,Denim Jacket,126.45,1,0,126.45,Debit Card,Completed,1.7
ORD-003417,2025-07-23,CUST-00236,61.0,Central,In-Store,Toys,Remote Car,70.66,2,0,141.32,PayPal,Completed,4.8
ORD-003418,2025-12-23,CUST-00216,65.0,Central,Mobile App,Books,Cook Book,54.26,1,5,51.55,PayPal,Completed,4.0
ORD-003419,2025-09-08,CUST-00421,55.0,East,Marketplace,Electronics,Smartwatch,158.11,1,0,158.11,PayPal,Completed,4.3
ORD-003420,2025-08-09,CUST-00998,24.0,North,Marketplace,Electronics,Bluetooth Speaker,71.72,1,0,71.72,PayPal,Cancelled,3.0
ORD-003421,2026-06-17,CUST-00571,,,In-Store,Beauty,Hair Dryer,27.08,1,5,25.73,Crypto,Completed,
ORD-003422,2025-02-05,CUST-00587,63.0,South,Mobile App,Electronics,USB-C Hub,21.23,1,0,21.23,Credit Card,Completed,2.0
ORD-003423,2024-10-10,CUST-00404,39.0,Central,Mobile App,Electronics,Wireless Earbuds,75.95,2,0,151.9,Gift Card,Completed,3.1
ORD-003424,2024-11-06,CUST-00614,21.0,West,Mobile App,Automotive,Dash Cam,120.48,2,15,204.82,Credit Card,Completed,2.5
ORD-003425,2024-12-14,CUST-00572,27.0,North,Mobile App,Sports,Jump Rope,14.32,1,0,14.32,Debit Card,Completed,3.0
ORD-003426,2025-02-17,CUST-00600,19.0,East,Website,Beauty,Moisturizer,32.87,3,10,88.75,Debit Card,Completed,1.5
ORD-003427,2025-02-12,CUST-00495,21.0,West,Website,Home & Kitchen,Bed Sheets,41.93,1,15,35.64,Crypto,Completed,3.2
ORD-003428,2025-06-26,CUST-00536,39.0,North,Mobile App,Books,Python Programming,29.96,3,5,85.39,Debit Card,Completed,1.3
ORD-003429,2025-06-30,CUST-00625,40.0,Central,Website,Books,Cook Book,25.95,2,0,51.9,Gift Card,Completed,3.5
ORD-003430,2026-04-22,CUST-00904,53.0,West,Website,Books,Fiction Novel,12.1,3,15,30.85,Gift Card,Pending,3.4
ORD-003431,2026-05-28,CUST-00096,39.0,North,Website,Automotive,Dash Cam,64.74,2,20,103.58,Gift Card,Completed,2.8
ORD-003432,2025-05-23,CUST-00461,44.0,West,Website,Sports,Jump Rope,7.22,3,20,17.33,Gift Card,Pending,
ORD-003433,2025-05-04,CUST-00843,42.0,West,In-Store,Automotive,Car Vacuum,21.05,2,5,39.99,PayPal,Completed,1.9
ORD-003434,2025-06-03,CUST-00257,64.0,North,Website,Clothing,Running Shoes,93.07,1,15,79.11,Debit Card,Cancelled,4.6
ORD-003435,2026-05-15,CUST-00301,35.0,North,Marketplace,Clothing,Running Shoes,73.36,6,15,374.14,Crypto,Pending,3.5
ORD-003436,2025-03-10,CUST-00166,69.0,North,Marketplace,Books,Python Programming,25.27,2,15,42.96,Gift Card,Completed,3.6
ORD-003437,2025-07-01,CUST-00104,22.0,West,Website,Clothing,Polo Shirt,60.77,2,10,109.39,Crypto,Completed,2.2
ORD-003438,2025-10-31,CUST-00451,42.0,Central,In-Store,Clothing,Running Shoes,67.2,1,20,53.76,Crypto,Completed,4.8
ORD-003439,2025-06-03,CUST-00069,,Central,In-Store,Beauty,Lip Gloss Set,27.36,0,10,24.62,Gift Card,Returned,
ORD-003440,2025-10-30,CUST-00597,62.0,North,Mobile App,Beauty,Moisturizer,29.28,1,25,21.96,Crypto,Completed,1.4
ORD-003441,2025-02-09,CUST-00198,44.0,West,Marketplace,Beauty,Hair Dryer,54.2,1,20,43.36,Credit Card,Completed,2.8
ORD-003442,2024-12-26,CUST-00414,53.0,West,Website,Books,Python Programming,53.66,1,5,50.98,Credit Card,Completed,2.0
ORD-003443,2024-10-06,CUST-00061,33.0,East,Website,Clothing,Yoga Pants,68.74,1,0,68.74,Crypto,Completed,
ORD-003444,2026-07-13,CUST-00795,28.0,North,Mobile App,Clothing,Running Shoes,103.03,4,5,391.51,Gift Card,Completed,3.1
ORD-003445,2025-12-23,CUST-00768,49.0,East,Website,Home & Kitchen,Blender,124.45,2,20,199.12,Debit Card,Completed,3.4
ORD-003446,2025-09-01,CUST-00942,38.0,Central,Mobile App,Home & Kitchen,Knife Set,27.73,1,20,22.18,Debit Card,Returned,4.3
ORD-003447,2024-09-23,CUST-00923,21.0,West,Marketplace,Sports,Jump Rope,15.19,1,5,14.43,Debit Card,Pending,1.3
ORD-003448,2026-05-14,CUST-00147,47.0,East,Mobile App,Beauty,Moisturizer,52.94,1,15,45.0,Gift Card,Completed,4.2
ORD-003449,2026-05-24,CUST-00003,28.0,North,Mobile App,Clothing,Winter Coat,121.54,1,15,103.31,Debit Card,Completed,4.9
ORD-003450,2024-12-15,CUST-00301,40.0,North,Website,Beauty,Lip Gloss Set,54.16,1,0,54.16,Credit Card,Completed,3.0
ORD-003451,2025-11-09,CUST-00114,46.0,South,Marketplace,Home & Kitchen,Bed Sheets,98.11,1,0,98.11,Gift Card,Pending,2.9
ORD-003452,2026-06-27,CUST-00421,62.0,East,Website,Toys,Remote Car,64.48,1,5,61.26,Crypto,Completed,4.7
ORD-003453,2025-05-29,CUST-00499,20.0,West,Mobile App,Sports,Resistance Bands,22.82,1,10,20.54,Debit Card,Cancelled,4.5
ORD-003454,2026-08-19,CUST-00406,48.0,South,Mobile App,Home & Kitchen,Knife Set,44.96,1,25,33.72,PayPal,Completed,2.1
ORD-003455,2025-04-16,CUST-00394,45.0,West,In-Store,Home & Kitchen,Knife Set,45.46,1,15,38.64,Gift Card,Completed,
ORD-003456,2025-06-07,CUST-00728,34.0,East,Website,Electronics,USB-C Hub,54.69,5,0,273.45,Debit Card,Completed,
ORD-003457,2025-10-16,CUST-00096,45.0,South,Website,Electronics,Bluetooth Speaker,148.66,3,5,423.68,Credit Card,Returned,2.5
ORD-003458,2026-03-31,CUST-00240,32.0,South,Website,Toys,Board Game,21.17,1,0,21.17,Credit Card,Completed,3.3
ORD-003459,2026-06-22,CUST-00513,53.0,West,In-Store,Beauty,Moisturizer,46.56,1,20,37.25,Crypto,Completed,
ORD-003460,2025-10-06,CUST-00977,53.0,East,Mobile App,Clothing,Denim Jacket,140.76,1,10,126.68,Debit Card,Completed,4.2
ORD-003461,2026-08-17,CUST-00137,65.0,West,Website,Toys,Board Game,29.28,4,15,99.55,Credit Card,Completed,
ORD-003462,2025-12-28,CUST-00988,69.0,South,Mobile App,Beauty,Perfume,189.38,5,0,946.9,PayPal,Completed,3.0
ORD-003463,2025-02-26,CUST-00352,38.0,Central,Mobile App,Sports,Water Bottle,6.83,1,15,5.81,Gift Card,Completed,4.7
ORD-003464,2025-07-23,CUST-00322,41.0,West,Website,Toys,Doll Set,26.33,3,5,75.04,Crypto,Completed,2.4
ORD-003465,2025-09-26,CUST-00894,51.0,West,Mobile App,Clothing,Polo Shirt,48.46,1,25,36.34,PayPal,Completed,2.9
ORD-003466,2025-06-19,CUST-00177,51.0,West,Marketplace,Sports,Gym Bag,36.73,1,0,36.73,PayPal,Completed,4.5
ORD-003467,2026-06-16,CUST-00705,35.0,South,Website,Electronics,Wireless Earbuds,111.44,1,5,105.87,PayPal,Completed,
ORD-003468,2025-11-17,CUST-00824,61.0,West,Marketplace,Toys,LEGO Set,63.68,1,20,50.94,Debit Card,Completed,
ORD-003469,2025-08-31,CUST-00098,22.0,North,Website,Sports,Jump Rope,5.59,1,10,5.03,Gift Card,Completed,3.9
ORD-003470,2025-09-01,CUST-00901,64.0,East,Website,Sports,Yoga Mat,47.36,1,10,42.62,PayPal,Completed,4.5
ORD-003471,2024-09-28,CUST-00500,50.0,Central,Website,Clothing,Denim Jacket,114.96,1,10,103.46,Credit Card,Completed,
ORD-003472,2024-11-06,CUST-00521,19.0,North,Mobile App,Electronics,Laptop Stand,93.47,1,20,74.78,PayPal,Completed,3.8
ORD-003473,2026-01-29,CUST-00712,60.0,North,Website,Beauty,Face Serum,37.22,1,15,31.64,Debit Card,Completed,3.9
ORD-003474,2026-08-16,CUST-00985,44.0,North,Marketplace,Toys,Doll Set,45.74,1,10,41.17,Credit Card,Completed,3.3
ORD-003475,2024-10-07,CUST-00935,25.0,East,In-Store,Electronics,Smartwatch,425.96,1,0,425.96,Crypto,Returned,1.6
ORD-003476,2025-12-03,CUST-00407,34.0,South,Website,Home & Kitchen,Knife Set,104.45,1,20,83.56,PayPal,Completed,4.1
ORD-003477,2025-02-14,CUST-00005,45.0,Central,Website,Beauty,Hair Dryer,19.9,2,0,39.8,Debit Card,Completed,2.0
ORD-003478,2025-05-25,CUST-00733,58.0,North,Marketplace,Beauty,Lip Gloss Set,30.79,1,5,29.25,Crypto,Completed,4.7
ORD-003479,2024-10-04,CUST-00639,43.0,East,Marketplace,Clothing,Denim Jacket,51.62,3,25,116.14,PayPal,Completed,3.7
ORD-003480,2025-02-18,CUST-00542,67.0,West,Website,Sports,Yoga Mat,21.39,3,5,60.96,Gift Card,Cancelled,4.6
ORD-003481,2025-07-29,CUST-00278,31.0,Central,In-Store,Home & Kitchen,Coffee Maker,34.39,1,25,25.79,Crypto,Completed,2.7
ORD-003482,2025-06-10,CUST-00407,33.0,North,Mobile App,Beauty,Perfume,74.1,1,5,70.39,Credit Card,Completed,1.8
ORD-003483,2026-04-04,CUST-00649,50.0,East,Marketplace,Sports,Yoga Mat,32.57,1,5,30.94,Crypto,Completed,3.2
ORD-003484,2024-11-29,CUST-00393,69.0,East,Website,Clothing,Winter Coat,142.01,1,5,134.91,Debit Card,Completed,3.4
ORD-003485,2026-03-07,CUST-00246,34.0,West,Mobile App,Home & Kitchen,Bed Sheets,42.65,1,0,42.65,Credit Card,Returned,1.9
ORD-003486,2026-01-15,CUST-00721,20.0,East,In-Store,Clothing,Winter Coat,80.5,1,15,68.42,Crypto,Returned,4.1
ORD-003487,2025-10-03,CUST-00882,19.0,West,Mobile App,Home & Kitchen,Coffee Maker,151.01,4,0,604.04,Credit Card,Completed,2.5
ORD-003488,2025-09-10,CUST-00274,59.0,West,Website,Home & Kitchen,Bed Sheets,64.54,2,10,116.17,PayPal,Completed,5.0
ORD-003489,2025-01-16,CUST-00223,45.0,South,In-Store,Sports,Resistance Bands,20.05,1,0,20.05,Credit Card,Returned,3.7
ORD-003490,2026-04-07,CUST-00433,21.0,West,In-Store,Automotive,Car Vacuum,44.08,1,20,35.26,PayPal,Completed,1.5
ORD-003491,2024-12-09,CUST-00002,43.0,Central,Website,Clothing,Running Shoes,148.72,1,0,148.72,PayPal,Completed,3.2
ORD-003492,2026-01-03,CUST-00729,36.0,West,Marketplace,Electronics,Wireless Earbuds,79.27,1,5,75.31,PayPal,Completed,4.7
ORD-003493,2024-10-18,CUST-00964,46.0,Central,Website,Home & Kitchen,Coffee Maker,75.83,2,10,136.49,PayPal,Completed,3.0
ORD-003494,2025-09-27,CUST-00691,29.0,East,Website,Home & Kitchen,Bed Sheets,51.92,1,5,49.32,Credit Card,Completed,4.5
ORD-003495,2024-10-13,CUST-00317,70.0,West,In-Store,Clothing,Running Shoes,126.34,2,0,252.68,Debit Card,Completed,1.9
ORD-003496,2025-09-25,CUST-00895,39.0,East,Website,Toys,Doll Set,38.94,5,15,165.49,Credit Card,Completed,2.1
ORD-003497,2024-10-22,CUST-00319,33.0,West,Marketplace,Books,Business Mindset,33.63,2,15,57.17,Credit Card,Cancelled,4.8
ORD-003498,2025-08-23,CUST-00655,44.0,North,Website,Home & Kitchen,Blender,63.93,1,0,63.93,PayPal,Completed,
ORD-003499,2025-10-06,CUST-00456,45.0,West,Mobile App,Automotive,Car Vacuum,74.26,1,5,70.55,Credit Card,Completed,3.1
ORD-003500,2024-11-02,CUST-00231,,,Website,Books,Cook Book,48.28,1,0,48.28,PayPal,Returned,
ORD-003501,2025-04-28,CUST-00449,57.0,South,Website,Clothing,Running Shoes,82.44,3,5,234.95,PayPal,Pending,
ORD-003502,2024-11-29,CUST-00433,,South,Mobile App,Sports,Jump Rope,10.67,1,5,10.14,Debit Card,Completed,
ORD-003503,2026-02-06,CUST-00696,68.0,West,Mobile App,Sports,Gym Bag,43.67,1,20,34.94,Crypto,Completed,4.2
ORD-003504,2025-09-25,CUST-00127,60.0,North,Marketplace,Home & Kitchen,Air Fryer,62.85,1,15,53.42,Credit Card,Completed,4.3
ORD-003505,2026-07-07,CUST-00088,66.0,East,Mobile App,Toys,Doll Set,21.75,1,0,21.75,Gift Card,Completed,
ORD-003506,2026-05-23,CUST-00648,50.0,North,Mobile App,Electronics,Bluetooth Speaker,103.88,1,5,98.69,Credit Card,Completed,4.8
ORD-003507,2025-12-17,CUST-00496,26.0,East,Marketplace,Automotive,Dash Cam,112.03,2,10,201.65,Gift Card,Pending,3.8
ORD-003508,2025-08-16,CUST-00354,59.0,North,Mobile App,Sports,Gym Bag,29.92,1,0,29.92,Gift Card,Completed,1.3
ORD-003509,2024-12-05,CUST-00336,46.0,South,In-Store,Books,Business Mindset,28.41,2,20,45.46,Crypto,Completed,2.9
ORD-003510,2026-07-15,CUST-00134,60.0,West,Marketplace,Books,Business Mindset,39.15,1,15,33.28,PayPal,Completed,1.2
ORD-003511,2025-05-24,CUST-00449,61.0,Central,Website,Clothing,Running Shoes,57.57,3,10,155.44,Credit Card,Completed,3.5
ORD-003512,2025-05-12,CUST-00088,63.0,Central,Mobile App,Home & Kitchen,Blender,33.78,1,15,28.71,Crypto,Returned,2.6
ORD-003513,2025-04-13,CUST-00280,67.0,West,Website,Toys,Doll Set,45.78,4,15,155.65,Credit Card,Completed,1.7
ORD-003514,2026-07-19,CUST-00830,54.0,South,Marketplace,Books,Business Mindset,24.07,1,10,21.66,Credit Card,Completed,1.8
ORD-003515,2025-02-17,CUST-00457,23.0,West,Mobile App,Beauty,Moisturizer,35.59,2,5,67.62,PayPal,Completed,3.2
ORD-003516,2025-10-27,CUST-00669,65.0,Central,Website,Electronics,USB-C Hub,31.67,2,10,57.01,Crypto,Returned,3.9
ORD-003517,2025-08-19,CUST-00625,43.0,Central,Website,Clothing,Denim Jacket,102.79,1,0,102.79,Crypto,Completed,4.1
ORD-003518,2025-01-08,CUST-00262,56.0,South,Mobile App,Home & Kitchen,Bed Sheets,32.69,2,10,58.84,Credit Card,Completed,
ORD-003519,2025-04-28,CUST-00017,21.0,North,Mobile App,Beauty,Lip Gloss Set,27.38,3,5,78.03,Debit Card,Completed,1.5
ORD-003520,2025-03-17,CUST-00523,23.0,West,Marketplace,Beauty,Face Serum,34.66,1,0,34.66,Credit Card,Cancelled,3.0
ORD-003521,2025-03-09,CUST-00201,58.0,West,Marketplace,Books,Business Mindset,26.74,2,20,42.78,Debit Card,Completed,1.6
ORD-003522,2025-05-27,CUST-00402,,,Mobile App,Home & Kitchen,Blender,55.74,1,15,47.38,Credit Card,Completed,
ORD-003523,2024-09-28,CUST-00602,29.0,Central,Website,Electronics,USB-C Hub,23.24,1,0,23.24,Gift Card,Cancelled,3.8
ORD-003524,2025-03-06,CUST-00254,50.0,South,Marketplace,Automotive,Car Phone Mount,9.19,4,0,36.76,Credit Card,Completed,
ORD-003525,2025-04-20,CUST-00161,48.0,North,Website,Books,Cook Book,33.39,1,5,31.72,Gift Card,Returned,2.4
ORD-003526,2026-08-10,CUST-00539,66.0,East,Website,Clothing,Denim Jacket,108.06,1,25,81.05,PayPal,Completed,4.2
ORD-003527,2025-06-27,CUST-00374,26.0,East,Mobile App,Clothing,Polo Shirt,34.61,1,25,25.96,Debit Card,Completed,2.4
ORD-003528,2025-08-26,CUST-00920,29.0,West,Website,Beauty,Hair Dryer,61.77,5,0,308.85,Debit Card,Completed,4.5
ORD-003529,2026-03-28,CUST-00875,69.0,West,Mobile App,Books,Data Science Guide,24.96,1,0,24.96,Crypto,Completed,1.8
ORD-003530,2025-06-22,CUST-00539,20.0,East,Marketplace,Toys,Board Game,34.38,1,0,34.38,Crypto,Completed,2.4
ORD-003531,2024-10-30,CUST-00777,21.0,North,In-Store,Automotive,Dash Cam,152.52,4,0,610.08,Credit Card,Pending,3.9
ORD-003532,2024-09-29,CUST-00318,18.0,East,Marketplace,Electronics,Bluetooth Speaker,85.71,5,5,407.12,PayPal,Completed,2.3
ORD-003533,2026-06-29,CUST-00912,23.0,West,Mobile App,Clothing,Running Shoes,84.96,1,10,76.46,Crypto,Returned,3.0
ORD-003534,2025-11-11,CUST-00562,33.0,West,Website,Books,Cook Book,39.62,1,15,33.68,Crypto,Returned,4.1
ORD-003535,2025-09-15,CUST-00284,,,Mobile App,Books,Data Science Guide,27.66,5,5,131.38,Debit Card,Completed,
ORD-003536,2025-12-14,CUST-00118,53.0,Central,In-Store,Home & Kitchen,Bed Sheets,135.67,4,0,542.68,PayPal,Completed,2.2
ORD-003537,2025-11-06,CUST-00331,48.0,South,Website,Automotive,Dash Cam,93.23,2,5,177.14,PayPal,Completed,1.0
ORD-003538,2025-09-06,CUST-00931,46.0,Central,Mobile App,Home & Kitchen,Bed Sheets,25.38,1,5,24.11,Gift Card,Completed,3.3
ORD-003539,2025-12-20,CUST-00770,64.0,East,Mobile App,Books,Cook Book,41.13,1,10,37.02,Gift Card,Completed,2.2
ORD-003540,2026-06-19,CUST-00452,61.0,Central,Mobile App,Books,Cook Book,27.51,1,0,27.51,Gift Card,Completed,4.0
ORD-003541,2025-03-09,CUST-00819,42.0,Central,Mobile App,Beauty,Perfume,56.59,2,0,113.18,PayPal,Completed,3.4
ORD-003542,2026-07-24,CUST-00186,28.0,East,Mobile App,Clothing,Polo Shirt,27.24,3,10,73.55,Crypto,Completed,2.8
ORD-003543,2026-07-26,CUST-00467,53.0,West,Website,Clothing,Denim Jacket,67.09,2,0,134.18,Credit Card,Returned,1.3
ORD-003544,2026-07-04,CUST-00685,58.0,Central,Marketplace,Automotive,Seat Covers,51.73,1,10,46.56,Debit Card,Completed,3.4
ORD-003545,2025-11-19,CUST-00294,20.0,East,Marketplace,Electronics,Wireless Earbuds,105.78,3,0,317.34,Crypto,Completed,2.5
ORD-003546,2025-01-16,CUST-00311,26.0,South,Website,Beauty,Hair Dryer,21.03,1,0,21.03,Debit Card,Returned,2.9
ORD-003547,2025-11-24,CUST-00933,30.0,North,Marketplace,Books,Fiction Novel,15.58,2,20,24.93,Crypto,Completed,4.5
ORD-003548,2024-12-29,CUST-00929,29.0,Central,Mobile App,Beauty,Hair Dryer,153.39,3,5,437.16,Credit Card,Completed,1.6
ORD-003549,2025-07-14,CUST-00502,27.0,Central,Mobile App,Clothing,Winter Coat,156.0,1,0,156.0,PayPal,Completed,4.4
ORD-003550,2025-11-10,CUST-00254,64.0,North,Mobile App,Automotive,Dash Cam,118.5,1,20,94.8,Crypto,Completed,4.3
ORD-003551,2025-12-13,CUST-00583,18.0,West,Mobile App,Books,Cook Book,64.34,1,5,61.12,Crypto,Completed,2.3
ORD-003552,2026-01-29,CUST-00048,64.0,West,Marketplace,Electronics,Laptop Stand,28.18,1,5,26.77,Gift Card,Completed,4.6
ORD-003553,2026-03-30,CUST-00237,51.0,South,Mobile App,Electronics,Wireless Earbuds,40.58,2,5,77.1,Debit Card,Completed,
ORD-003554,2026-02-24,CUST-00341,47.0,Central,Website,Home & Kitchen,Knife Set,28.06,7,0,196.42,Credit Card,Completed,1.5
ORD-003555,2025-08-27,CUST-00790,53.0,West,Website,Automotive,Seat Covers,38.21,1,10,34.39,PayPal,Completed,3.4
ORD-003556,2025-08-24,CUST-00312,41.0,North,Mobile App,Automotive,Car Phone Mount,39.47,1,10,35.52,PayPal,Completed,4.2
ORD-003557,2026-01-16,CUST-00146,47.0,West,Mobile App,Books,Cook Book,17.15,2,10,30.87,Gift Card,Pending,
ORD-003558,2024-12-15,CUST-00047,38.0,West,Mobile App,Electronics,Laptop Stand,47.22,1,0,47.22,Crypto,Completed,3.1
ORD-003559,2025-06-07,CUST-00029,70.0,South,Mobile App,Toys,Doll Set,29.39,1,5,27.92,Gift Card,Cancelled,3.3
ORD-003560,2025-12-07,CUST-00588,45.0,South,Website,Home & Kitchen,Air Fryer,160.69,1,25,120.52,Debit Card,Completed,1.0
ORD-003561,2026-07-07,CUST-00381,45.0,Central,Website,Books,Fiction Novel,9.03,1,25,6.77,Crypto,Completed,3.0
ORD-003562,2025-06-03,CUST-00405,40.0,West,Website,Clothing,Polo Shirt,34.94,1,0,34.94,Crypto,Completed,2.9
ORD-003563,2026-01-29,CUST-00772,46.0,East,Website,Beauty,Lip Gloss Set,20.73,1,15,17.62,Credit Card,Completed,3.6
ORD-003564,2024-10-28,CUST-00041,19.0,South,Website,Automotive,Dash Cam,86.81,3,0,260.43,Gift Card,Completed,3.2
ORD-003565,2026-08-26,CUST-00351,19.0,West,Mobile App,Beauty,Perfume,77.57,2,0,155.14,PayPal,Returned,1.2
ORD-003566,2025-11-03,CUST-00294,33.0,North,Website,Home & Kitchen,Knife Set,123.88,1,0,123.88,Crypto,Completed,2.2
ORD-003567,2025-02-27,CUST-00122,45.0,West,Marketplace,Clothing,Polo Shirt,20.84,1,10,-18.76,Credit Card,Completed,3.5
ORD-003568,2026-01-15,CUST-00283,37.0,West,Mobile App,Clothing,Denim Jacket,70.05,3,0,210.15,PayPal,Completed,
ORD-003569,2025-06-10,CUST-00568,61.0,Central,Website,Beauty,Hair Dryer,47.57,1,20,38.06,Crypto,Completed,3.3
ORD-003570,2026-03-30,CUST-00639,50.0,South,Website,Electronics,USB-C Hub,28.41,2,15,48.3,PayPal,Completed,3.6
ORD-003571,2025-07-13,CUST-00576,67.0,South,Mobile App,Electronics,Smartwatch,352.33,1,5,334.71,Crypto,Completed,2.5
ORD-003572,2025-08-16,CUST-00242,59.0,East,Website,Clothing,Polo Shirt,16.73,3,15,42.66,PayPal,Cancelled,2.0
ORD-003573,2025-01-26,CUST-00037,53.0,North,Marketplace,Toys,Puzzle 1000pc,22.17,1,10,19.95,PayPal,Completed,4.8
ORD-003574,2024-11-08,CUST-00742,38.0,Central,Marketplace,Electronics,Laptop Stand,82.66,1,20,66.13,Gift Card,Returned,3.5
ORD-003575,2024-12-17,CUST-00113,70.0,West,Website,Clothing,Yoga Pants,40.82,1,10,36.74,Gift Card,Completed,1.3
ORD-003576,2025-09-13,CUST-00408,58.0,West,In-Store,Electronics,Bluetooth Speaker,87.99,1,0,87.99,Gift Card,Completed,1.9
ORD-003577,2026-09-19,CUST-00563,42.0,North,Website,Sports,Jump Rope,13.34,1,10,12.01,Credit Card,Completed,4.7
ORD-003578,2025-06-12,CUST-00887,43.0,East,Website,Home & Kitchen,Knife Set,55.14,1,0,55.14,Credit Card,Completed,3.0
ORD-003579,2024-10-11,CUST-00599,53.0,East,In-Store,Home & Kitchen,Coffee Maker,136.84,1,20,109.47,Gift Card,Pending,2.5
ORD-003580,2026-03-31,CUST-00463,39.0,North,Mobile App,Electronics,Bluetooth Speaker,87.58,1,10,78.82,Debit Card,Completed,
ORD-003581,2026-07-19,CUST-00285,23.0,South,Website,Automotive,Car Phone Mount,39.88,5,0,199.4,Credit Card,Completed,2.0
ORD-003582,2025-01-13,CUST-00785,50.0,North,Website,Toys,Board Game,11.53,3,0,34.59,Crypto,Completed,3.7
ORD-003583,2026-07-18,CUST-00611,69.0,East,Marketplace,Home & Kitchen,Blender,117.34,5,5,557.37,PayPal,Completed,4.4
ORD-003584,2025-02-17,CUST-00572,,North,Website,Clothing,Denim Jacket,80.74,1,15,68.63,Gift Card,Completed,
ORD-003585,2024-10-24,CUST-00334,69.0,South,Website,Books,Cook Book,23.81,1,5,22.62,Debit Card,Returned,1.0
ORD-003586,2026-01-06,CUST-00448,30.0,East,Marketplace,Automotive,Seat Covers,47.53,1,0,47.53,PayPal,Completed,3.8
ORD-003587,2025-01-30,CUST-00350,,,Website,Beauty,Moisturizer,19.4,1,5,18.43,Debit Card,Completed,
ORD-003588,2025-10-11,CUST-00705,,East,Website,Books,Fiction Novel,13.58,1,0,13.58,Credit Card,Completed,
ORD-003589,2025-03-29,CUST-00377,51.0,West,In-Store,Beauty,Moisturizer,43.19,3,5,123.09,Gift Card,Completed,2.1
ORD-003590,2024-11-24,CUST-00155,31.0,West,Website,Home & Kitchen,Air Fryer,157.83,1,5,149.94,PayPal,Completed,3.6
ORD-003591,2025-12-31,CUST-00255,26.0,South,Mobile App,Automotive,Car Vacuum,106.9,3,15,272.6,Debit Card,Completed,4.5
ORD-003592,2026-05-12,CUST-00299,55.0,West,Marketplace,Automotive,Tire Inflator,84.7,2,5,160.93,PayPal,Cancelled,4.4
ORD-003593,2024-11-27,CUST-00724,56.0,West,Marketplace,Sports,Jump Rope,16.98,6,5,96.79,Gift Card,Completed,2.2
ORD-003594,2025-11-23,CUST-00653,18.0,West,Website,Books,Python Programming,28.66,1,5,27.23,Crypto,Completed,4.3
ORD-003595,2024-12-14,CUST-00450,25.0,Central,Website,Beauty,Moisturizer,53.11,3,5,151.36,Debit Card,Completed,
ORD-003596,2025-04-01,CUST-00350,24.0,South,Website,Books,Python Programming,27.14,3,10,73.28,Debit Card,Completed,1.8
ORD-003597,2025-07-20,CUST-00413,25.0,East,Mobile App,Beauty,Face Serum,53.26,1,0,53.26,Credit Card,Completed,3.2
ORD-003598,2025-10-22,CUST-00937,,Central,Mobile App,Books,Fiction Novel,18.68,3,10,50.44,PayPal,Pending,
ORD-003599,2025-03-30,CUST-00097,23.0,East,Mobile App,Sports,Resistance Bands,21.52,2,10,38.74,PayPal,Returned,3.3
ORD-003600,2026-05-27,CUST-00431,27.0,South,Website,Electronics,USB-C Hub,52.87,1,0,52.87,Crypto,Completed,1.2
ORD-003601,2026-05-14,CUST-00975,24.0,West,Mobile App,Toys,Remote Car,61.73,1,5,58.64,Gift Card,Completed,4.8
ORD-003602,2026-07-30,CUST-00812,36.0,South,Website,Home & Kitchen,Bed Sheets,91.88,1,0,91.88,Crypto,Completed,
ORD-003603,2026-06-25,CUST-00629,22.0,Central,Mobile App,Electronics,Wireless Earbuds,81.31,5,5,386.22,Credit Card,Completed,4.5
ORD-003604,2026-01-04,CUST-00363,52.0,South,Marketplace,Electronics,Bluetooth Speaker,104.91,1,5,99.66,Crypto,Completed,2.5
ORD-003605,2025-03-08,CUST-00571,21.0,South,Website,Books,Cook Book,24.9,2,15,42.33,Credit Card,Completed,4.9
ORD-003606,2025-06-08,CUST-00593,21.0,North,Website,Automotive,Car Phone Mount,37.71,1,15,32.05,Credit Card,Completed,1.1
ORD-003607,2025-06-10,CUST-00494,59.0,North,Mobile App,Beauty,Lip Gloss Set,14.43,1,15,12.27,PayPal,Completed,2.3
ORD-003608,2026-06-19,CUST-00543,39.0,Central,Website,Automotive,Car Vacuum,46.17,3,10,124.66,Debit Card,Completed,1.5
ORD-003609,2025-02-11,CUST-00178,36.0,South,Mobile App,Home & Kitchen,Coffee Maker,65.99,1,15,56.09,Debit Card,Pending,1.1
ORD-003610,2024-10-12,CUST-00303,43.0,West,Marketplace,Books,Fiction Novel,21.59,1,15,18.35,PayPal,Completed,3.0
ORD-003611,2025-07-15,CUST-00054,31.0,North,Mobile App,Sports,Water Bottle,25.41,1,5,24.14,Gift Card,Completed,4.0
ORD-003612,2026-03-04,CUST-00248,35.0,West,Marketplace,Toys,Puzzle 1000pc,31.71,1,15,26.95,PayPal,Pending,3.6
ORD-003613,2025-09-11,CUST-00040,21.0,North,Marketplace,Beauty,Hair Dryer,41.14,1,5,39.08,Crypto,Completed,3.5
ORD-003614,2025-12-29,CUST-00646,30.0,North,Marketplace,Books,Python Programming,48.85,2,0,97.7,PayPal,Pending,1.0
ORD-003615,2026-02-25,CUST-00690,37.0,West,Mobile App,Books,Data Science Guide,14.35,2,15,24.39,PayPal,Completed,
ORD-003616,2025-09-19,CUST-00205,69.0,South,Website,Toys,LEGO Set,30.21,2,10,54.38,Credit Card,Returned,4.9
ORD-003617,2026-08-29,CUST-00398,42.0,East,Website,Toys,LEGO Set,76.49,1,0,76.49,Crypto,Completed,1.9
ORD-003618,2025-12-20,CUST-00160,68.0,South,Website,Clothing,Yoga Pants,44.2,1,10,39.78,Credit Card,Completed,1.5
ORD-003619,2025-05-29,CUST-00048,22.0,East,Marketplace,Sports,Water Bottle,18.5,3,15,47.17,Gift Card,Completed,1.1
ORD-003620,2026-04-13,CUST-00341,32.0,West,Marketplace,Electronics,Wireless Earbuds,113.18,2,15,192.41,Debit Card,Completed,2.7
ORD-003621,2026-07-30,CUST-00443,63.0,South,Website,Beauty,Hair Dryer,55.32,1,5,52.55,PayPal,Completed,1.1
ORD-003622,2025-06-04,CUST-00101,36.0,North,Website,Home & Kitchen,Blender,101.59,2,5,193.02,PayPal,Completed,
ORD-003623,2025-07-29,CUST-00455,39.0,East,Website,Home & Kitchen,Coffee Maker,77.66,1,5,73.78,PayPal,Completed,1.3
ORD-003624,2025-02-11,CUST-00699,43.0,Central,In-Store,Books,Data Science Guide,14.79,1,5,14.05,Crypto,Completed,2.4
ORD-003625,2025-12-17,CUST-00536,64.0,Central,Marketplace,Clothing,Yoga Pants,82.15,5,20,328.6,Gift Card,Completed,2.6
ORD-003626,2025-04-14,CUST-00887,62.0,North,Website,Books,Python Programming,26.95,1,0,26.95,PayPal,Completed,1.6
ORD-003627,2025-08-06,CUST-00451,63.0,South,Website,Sports,Water Bottle,31.94,1,25,23.96,Debit Card,Completed,2.9
ORD-003628,2024-12-12,CUST-00699,52.0,West,Mobile App,Sports,Yoga Mat,65.28,2,20,104.45,PayPal,Completed,3.6
ORD-003629,2025-08-17,CUST-00261,47.0,North,Marketplace,Beauty,Lip Gloss Set,28.51,1,0,28.51,Credit Card,Cancelled,4.6
ORD-003630,2025-08-07,CUST-00038,60.0,North,Website,Electronics,USB-C Hub,25.21,1,10,22.69,Debit Card,Completed,4.4
ORD-003631,2025-06-27,CUST-00988,19.0,East,Mobile App,Clothing,Polo Shirt,22.3,2,20,35.68,Crypto,Completed,2.0
ORD-003632,2025-09-14,CUST-00666,46.0,East,Website,Clothing,Winter Coat,86.31,1,15,73.36,Debit Card,Returned,3.8
ORD-003633,2025-07-18,CUST-00287,,South,Website,Home & Kitchen,Knife Set,27.31,1,5,25.94,Debit Card,Completed,
ORD-003634,2025-07-15,CUST-00899,26.0,East,Mobile App,Clothing,Yoga Pants,72.37,2,5,137.5,Crypto,Completed,3.1
ORD-003635,2024-10-13,CUST-00904,43.0,East,Website,Books,Python Programming,41.3,2,20,66.08,Credit Card,Returned,3.0
ORD-003636,2024-11-24,CUST-00612,,,Website,Electronics,Smartwatch,330.92,1,20,264.74,PayPal,Completed,
ORD-003637,2024-11-12,CUST-00508,45.0,East,Mobile App,Toys,Board Game,27.14,1,15,23.07,PayPal,Completed,1.4
ORD-003638,2025-04-04,CUST-00035,59.0,East,Mobile App,Sports,Gym Bag,50.68,2,0,101.36,PayPal,Completed,1.9
ORD-003639,2025-12-18,CUST-00436,20.0,South,Mobile App,Clothing,Denim Jacket,159.29,1,0,159.29,Credit Card,Pending,4.4
ORD-003640,2026-02-18,CUST-00768,32.0,East,Mobile App,Automotive,Car Vacuum,26.92,2,15,45.76,Crypto,Completed,4.1
ORD-003641,2024-11-20,CUST-00650,62.0,East,Mobile App,Electronics,Laptop Stand,40.11,1,10,36.1,Crypto,Completed,2.0
ORD-003642,2024-10-17,CUST-00878,45.0,Central,Mobile App,Books,Business Mindset,43.56,1,15,37.03,Crypto,Completed,1.4
ORD-003643,2024-12-08,CUST-00248,18.0,North,Mobile App,Beauty,Moisturizer,84.2,1,5,79.99,Crypto,Returned,2.0
ORD-003644,2024-12-17,CUST-00119,19.0,Central,Website,Books,Cook Book,23.32,1,20,18.66,Crypto,Completed,2.1
ORD-003645,2026-06-10,CUST-00807,51.0,East,Website,Beauty,Moisturizer,40.41,1,5,38.39,PayPal,Completed,3.0
ORD-003646,2025-11-02,CUST-00518,29.0,North,Website,Sports,Jump Rope,20.73,1,5,19.69,Debit Card,Completed,3.5
ORD-003647,2026-07-06,CUST-00093,58.0,Central,Website,Sports,Yoga Mat,35.88,1,10,32.29,PayPal,Completed,3.9
ORD-003648,2026-01-23,CUST-00914,50.0,Central,Website,Toys,Remote Car,45.07,1,10,40.56,Gift Card,Pending,1.2
ORD-003649,2025-12-23,CUST-00684,53.0,North,Mobile App,Books,Python Programming,66.68,2,0,133.36,Gift Card,Completed,
ORD-003650,2026-01-04,CUST-00190,62.0,East,Website,Home & Kitchen,Coffee Maker,38.61,1,25,28.96,Crypto,Completed,
ORD-003651,2025-08-27,CUST-00914,34.0,West,Website,Books,Fiction Novel,22.47,2,20,35.95,Debit Card,Completed,4.8
ORD-003652,2025-09-03,CUST-00669,34.0,West,Website,Clothing,Denim Jacket,65.3,2,0,130.6,Debit Card,Completed,3.8
ORD-003653,2025-11-23,CUST-00155,34.0,North,Mobile App,Home & Kitchen,Air Fryer,201.07,2,5,382.03,Debit Card,Completed,4.6
ORD-003654,2026-07-12,CUST-00633,54.0,Central,Website,Clothing,Yoga Pants,60.35,1,5,57.33,PayPal,Completed,2.3
ORD-003655,2025-05-30,CUST-00657,53.0,North,Marketplace,Home & Kitchen,Knife Set,34.29,0,20,27.43,Gift Card,Completed,4.0
ORD-003656,2025-01-28,CUST-00622,27.0,South,Website,Automotive,Tire Inflator,50.78,2,25,76.17,Debit Card,Completed,2.4
ORD-003657,2025-12-05,CUST-00984,58.0,North,Website,Books,Fiction Novel,32.43,1,0,32.43,Debit Card,Completed,1.4
ORD-003658,2025-10-12,CUST-00031,34.0,West,Website,Clothing,Denim Jacket,110.8,1,0,110.8,PayPal,Pending,1.7
ORD-003659,2026-04-24,CUST-00795,64.0,East,Marketplace,Toys,Doll Set,26.44,1,10,23.8,Credit Card,Completed,
ORD-003660,2025-09-03,CUST-00035,69.0,Central,Mobile App,Home & Kitchen,Coffee Maker,54.51,6,0,327.06,Debit Card,Completed,3.8
ORD-003661,2026-07-10,CUST-00737,48.0,Central,Website,Automotive,Car Phone Mount,40.15,1,15,34.13,Gift Card,Returned,
ORD-003662,2025-05-05,CUST-00451,45.0,Central,Website,Electronics,Bluetooth Speaker,132.41,1,10,119.17,Gift Card,Completed,4.9
ORD-003663,2026-05-28,CUST-00007,24.0,Central,In-Store,Home & Kitchen,Coffee Maker,67.58,2,0,135.16,Gift Card,Completed,
ORD-003664,2026-01-19,CUST-00309,18.0,East,Marketplace,Books,Python Programming,33.17,1,15,28.19,Gift Card,Completed,2.0
ORD-003665,2026-01-15,CUST-00449,34.0,South,Mobile App,Books,Cook Book,23.64,3,25,53.19,Credit Card,Completed,1.2
ORD-003666,2026-08-22,CUST-00321,38.0,East,Website,Sports,Jump Rope,7.54,1,15,6.41,Crypto,Cancelled,
ORD-003667,2024-12-30,CUST-00532,25.0,South,Marketplace,Books,Business Mindset,33.62,2,20,53.79,PayPal,Completed,
ORD-003668,2026-05-06,CUST-00764,52.0,South,Mobile App,Electronics,Bluetooth Speaker,115.45,2,10,207.81,PayPal,Completed,3.9
ORD-003669,2025-09-10,CUST-00783,41.0,South,In-Store,Sports,Jump Rope,11.61,1,25,8.71,Gift Card,Completed,2.9
ORD-003670,2025-03-01,CUST-00827,44.0,South,Website,Toys,Board Game,15.21,2,20,24.34,Credit Card,Completed,
ORD-003671,2026-01-16,CUST-00715,,,Website,Toys,Puzzle 1000pc,9.59,3,20,23.02,Debit Card,Completed,
ORD-003672,2026-01-22,CUST-00605,25.0,East,Website,Toys,LEGO Set,69.94,2,25,104.91,Debit Card,Completed,1.8
ORD-003673,2025-04-19,CUST-00505,58.0,Central,Website,Books,Business Mindset,26.51,1,0,26.51,Crypto,Completed,2.9
ORD-003674,2024-12-18,CUST-00595,20.0,South,Marketplace,Books,Python Programming,47.19,2,15,80.22,Credit Card,Completed,3.1
ORD-003675,2025-06-21,CUST-00849,48.0,East,Mobile App,Automotive,Dash Cam,128.71,1,5,122.27,PayPal,Completed,2.1
ORD-003676,2026-02-20,CUST-00329,39.0,North,Marketplace,Books,Data Science Guide,20.36,1,15,17.31,PayPal,Returned,3.4
ORD-003677,2026-03-12,CUST-00640,20.0,North,Website,Books,Cook Book,31.22,1,20,24.98,Crypto,Pending,4.0
ORD-003678,2026-03-07,CUST-00620,52.0,North,Marketplace,Beauty,Lip Gloss Set,18.97,1,10,17.07,PayPal,Completed,1.0
ORD-003679,2026-01-21,CUST-00991,46.0,West,Mobile App,Clothing,Winter Coat,127.93,3,15,326.22,PayPal,Completed,4.8
ORD-003680,2026-03-04,CUST-00035,62.0,East,Website,Clothing,Polo Shirt,21.49,1,25,16.12,PayPal,Cancelled,4.7
ORD-003681,2025-05-24,CUST-00010,38.0,Central,Marketplace,Beauty,Lip Gloss Set,19.9,1,25,14.92,Credit Card,Completed,3.0
ORD-003682,2025-11-23,CUST-00230,65.0,East,Marketplace,Books,Python Programming,61.58,1,0,61.58,Credit Card,Completed,
ORD-003683,2025-07-22,CUST-00074,18.0,East,Marketplace,Electronics,USB-C Hub,54.08,1,0,54.08,PayPal,Pending,3.1
ORD-003684,2026-05-15,CUST-00024,51.0,East,Marketplace,Electronics,Wireless Earbuds,47.72,3,0,143.16,PayPal,Returned,2.8
ORD-003685,2025-11-29,CUST-00452,56.0,East,Website,Books,Business Mindset,42.24,2,10,76.03,Crypto,Completed,3.2
ORD-003686,2026-01-01,CUST-00455,65.0,West,Website,Home & Kitchen,Knife Set,36.19,1,0,36.19,Debit Card,Completed,3.4
ORD-003687,2024-12-27,CUST-00684,53.0,North,Marketplace,Clothing,Running Shoes,190.43,7,0,1333.01,Crypto,Completed,2.5
ORD-003688,2026-07-06,CUST-00316,67.0,South,Website,Clothing,Yoga Pants,55.97,1,10,50.37,Credit Card,Completed,4.4
ORD-003689,2025-06-16,CUST-00282,30.0,West,In-Store,Automotive,Seat Covers,29.63,3,5,84.45,Crypto,Returned,3.6
ORD-003690,2026-05-26,CUST-00796,41.0,South,Marketplace,Clothing,Running Shoes,85.74,1,20,68.59,Credit Card,Completed,1.2
ORD-003691,2025-09-20,CUST-00943,50.0,East,Website,Sports,Jump Rope,6.17,2,10,11.11,Gift Card,Completed,4.8
ORD-003692,2024-12-30,CUST-00681,23.0,Central,Website,Home & Kitchen,Knife Set,119.45,2,0,238.9,Gift Card,Cancelled,
ORD-003693,2024-11-28,CUST-00764,65.0,East,Marketplace,Books,Cook Book,43.7,3,0,131.1,Gift Card,Returned,3.3
ORD-003694,2025-09-04,CUST-00938,18.0,East,In-Store,Beauty,Hair Dryer,30.33,3,20,72.79,Gift Card,Pending,
ORD-003695,2025-04-25,CUST-00558,65.0,East,Marketplace,Sports,Jump Rope,8.58,2,15,14.59,Debit Card,Cancelled,1.6
ORD-003696,2026-03-31,CUST-00507,61.0,Central,Website,Sports,Gym Bag,45.66,1,15,38.81,Crypto,Completed,3.7
ORD-003697,2026-05-21,CUST-00482,25.0,South,Mobile App,Automotive,Tire Inflator,77.58,1,20,62.06,Credit Card,Completed,1.6
ORD-003698,2024-10-21,CUST-00868,62.0,Central,Mobile App,Clothing,Winter Coat,173.01,2,5,328.72,PayPal,Completed,2.7
ORD-003699,2025-08-23,CUST-00124,54.0,Central,Website,Toys,LEGO Set,76.91,2,0,153.82,PayPal,Completed,1.5
ORD-003700,2026-04-16,CUST-00509,25.0,North,Mobile App,Books,Python Programming,26.09,1,20,20.87,PayPal,Completed,2.3
ORD-003701,2025-02-05,CUST-00806,20.0,South,Marketplace,Electronics,Laptop Stand,46.48,3,5,132.47,Gift Card,Completed,2.7
ORD-003702,2026-07-10,CUST-00493,21.0,North,Website,Sports,Water Bottle,30.66,3,5,87.38,PayPal,Returned,2.9
ORD-003703,2025-01-25,CUST-00714,68.0,North,Website,Home & Kitchen,Knife Set,69.78,1,15,59.31,PayPal,Completed,3.6
ORD-003704,2025-02-15,CUST-00399,64.0,South,Mobile App,Beauty,Lip Gloss Set,19.7,1,0,19.7,PayPal,Cancelled,2.4
ORD-003705,2025-01-30,CUST-00771,39.0,West,Website,Beauty,Lip Gloss Set,13.83,1,15,11.76,PayPal,Completed,1.0
ORD-003706,2025-07-17,CUST-00800,,,Mobile App,Electronics,Bluetooth Speaker,145.24,1,25,108.93,Debit Card,Completed,
ORD-003707,2026-02-25,CUST-00520,28.0,Central,Mobile App,Home & Kitchen,Bed Sheets,32.69,1,5,31.06,Gift Card,Completed,4.8
ORD-003708,2025-02-12,CUST-00434,34.0,Central,Mobile App,Toys,Puzzle 1000pc,8.22,3,5,23.43,Debit Card,Completed,4.5
ORD-003709,2026-09-09,CUST-00293,69.0,South,Mobile App,Home & Kitchen,Blender,110.97,2,15,188.65,Credit Card,Completed,4.3
ORD-003710,2025-07-25,CUST-00892,36.0,West,Mobile App,Clothing,Polo Shirt,32.52,1,5,30.89,PayPal,Completed,2.7
ORD-003711,2026-06-17,CUST-00697,39.0,West,Mobile App,Clothing,Winter Coat,98.99,1,0,98.99,Credit Card,Returned,4.2
ORD-003712,2025-06-26,CUST-00076,31.0,East,Mobile App,Home & Kitchen,Knife Set,22.89,1,5,21.75,Crypto,Completed,3.0
ORD-003713,2025-09-26,CUST-00065,67.0,South,Website,Electronics,USB-C Hub,50.82,1,0,50.82,PayPal,Returned,1.6
ORD-003714,2024-10-11,CUST-00443,53.0,Central,Marketplace,Automotive,Seat Covers,44.07,1,15,37.46,Debit Card,Completed,2.1
ORD-003715,2026-02-16,CUST-00655,37.0,East,In-Store,Electronics,Wireless Earbuds,77.14,3,10,208.28,Gift Card,Completed,1.7
ORD-003716,2025-02-08,CUST-00110,40.0,Central,Website,Toys,Board Game,10.78,1,0,10.78,Crypto,Pending,2.1
ORD-003717,2025-08-16,CUST-00029,41.0,South,Marketplace,Beauty,Face Serum,78.64,11,10,778.54,Gift Card,Returned,
ORD-003718,2026-08-07,CUST-00260,48.0,South,Website,Toys,Puzzle 1000pc,31.04,6,10,167.62,PayPal,Returned,1.8
ORD-003719,2024-11-21,CUST-00308,38.0,West,Website,Beauty,Perfume,142.73,1,10,128.46,Crypto,Completed,3.5
ORD-003720,2025-06-03,CUST-00184,47.0,West,Mobile App,Electronics,Smartwatch,101.92,1,25,76.44,Debit Card,Completed,
ORD-003721,2025-12-20,CUST-00972,59.0,East,Website,Books,Python Programming,46.46,2,5,88.27,Debit Card,Completed,1.6
ORD-003722,2025-12-23,CUST-00405,60.0,Central,Marketplace,Sports,Gym Bag,51.69,4,5,196.42,Crypto,Completed,3.0
ORD-003723,2025-03-22,CUST-00540,42.0,West,Mobile App,Sports,Gym Bag,19.17,1,0,19.17,Gift Card,Completed,4.2
ORD-003724,2025-10-12,CUST-00722,65.0,South,Mobile App,Clothing,Running Shoes,69.92,1,5,66.42,Gift Card,Pending,1.7
ORD-003725,2025-05-09,CUST-00077,18.0,Central,Website,Sports,Yoga Mat,43.62,1,5,41.44,Credit Card,Completed,3.8
ORD-003726,2026-01-15,CUST-00795,41.0,East,Website,Automotive,Car Phone Mount,18.9,2,0,37.8,Debit Card,Completed,1.7
ORD-003727,2025-05-08,CUST-00406,22.0,South,Marketplace,Automotive,Car Vacuum,59.54,2,0,119.08,PayPal,Completed,2.5
ORD-003728,2025-01-01,CUST-00524,32.0,East,Website,Clothing,Running Shoes,77.41,3,15,197.4,Crypto,Returned,1.4
ORD-003729,2026-04-22,CUST-00734,46.0,North,In-Store,Automotive,Car Phone Mount,26.21,1,15,22.28,Crypto,Completed,4.6
ORD-003730,2025-09-30,CUST-00239,46.0,North,Website,Beauty,Lip Gloss Set,32.1,1,15,27.29,Credit Card,Completed,5.0
ORD-003731,2025-05-03,CUST-00493,28.0,North,Website,Books,Cook Book,18.54,2,15,31.52,Credit Card,Completed,2.2
ORD-003732,2025-04-15,CUST-00565,18.0,Central,Marketplace,Toys,Remote Car,20.91,1,15,17.77,Debit Card,Pending,2.0
ORD-003733,2026-07-18,CUST-00277,23.0,Central,Mobile App,Toys,LEGO Set,42.69,1,5,40.56,Crypto,Completed,2.3
ORD-003734,2024-10-12,CUST-00855,68.0,East,Marketplace,Sports,Resistance Bands,22.27,1,15,18.93,Credit Card,Completed,4.4
ORD-003735,2026-01-08,CUST-00324,70.0,South,In-Store,Electronics,Laptop Stand,30.55,2,0,61.1,Credit Card,Completed,4.9
ORD-003736,2026-03-25,CUST-00416,49.0,Central,Marketplace,Toys,LEGO Set,69.83,1,0,69.83,PayPal,Returned,3.0
ORD-003737,2025-07-24,CUST-00935,35.0,Central,Marketplace,Toys,Puzzle 1000pc,14.06,1,5,13.36,PayPal,Completed,2.4
ORD-003738,2025-02-06,CUST-00776,25.0,North,Website,Home & Kitchen,Coffee Maker,43.65,1,20,34.92,PayPal,Completed,2.7
ORD-003739,2026-01-27,CUST-00757,53.0,Central,Website,Automotive,Seat Covers,56.3,1,20,45.04,Crypto,Completed,
ORD-003740,2026-02-10,CUST-00022,43.0,North,Mobile App,Clothing,Polo Shirt,11.37,1,25,8.53,PayPal,Completed,3.2
ORD-003741,2025-01-03,CUST-00909,65.0,North,Website,Automotive,Car Vacuum,27.35,1,25,20.51,PayPal,Completed,4.9
ORD-003742,2025-06-24,CUST-00149,,West,Mobile App,Home & Kitchen,Blender,117.7,2,0,235.4,Credit Card,Completed,
ORD-003743,2025-08-23,CUST-00449,46.0,Central,Mobile App,Electronics,Wireless Earbuds,81.84,1,0,81.84,Debit Card,Completed,3.5
ORD-003744,2025-02-23,CUST-00744,,,Mobile App,Electronics,Laptop Stand,21.36,1,0,21.36,Credit Card,Completed,
ORD-003745,2026-04-18,CUST-00046,60.0,West,Mobile App,Toys,Doll Set,18.44,1,10,16.6,PayPal,Completed,2.9
ORD-003746,2025-03-17,CUST-00401,47.0,West,Marketplace,Books,Fiction Novel,16.58,1,15,14.09,Credit Card,Completed,
ORD-003747,2025-01-13,CUST-00443,52.0,North,Website,Clothing,Yoga Pants,18.82,1,15,16.0,Crypto,Completed,3.8
ORD-003748,2024-09-29,CUST-00567,51.0,East,Website,Electronics,Wireless Earbuds,131.97,1,20,105.58,PayPal,Pending,2.7
ORD-003749,2026-01-13,CUST-00439,53.0,West,Website,Toys,Puzzle 1000pc,17.85,3,0,53.55,Credit Card,Completed,4.3
ORD-003750,2026-08-16,CUST-00211,28.0,North,In-Store,Books,Business Mindset,28.41,1,0,28.41,Gift Card,Returned,
ORD-003751,2025-01-11,CUST-00548,51.0,South,Website,Automotive,Dash Cam,85.39,1,10,76.85,Crypto,Cancelled,3.8
ORD-003752,2025-06-14,CUST-00608,55.0,Central,Marketplace,Clothing,Denim Jacket,103.39,2,0,206.78,PayPal,Completed,4.1
ORD-003753,2026-06-01,CUST-00351,53.0,West,Marketplace,Electronics,Wireless Earbuds,66.64,3,15,169.93,Credit Card,Completed,4.0
ORD-003754,2025-08-16,CUST-00040,33.0,North,Marketplace,Electronics,Smartwatch,206.3,1,15,175.36,Debit Card,Completed,
ORD-003755,2026-07-30,CUST-00346,46.0,Central,Website,Automotive,Car Phone Mount,17.63,1,5,16.75,Gift Card,Completed,
ORD-003756,2026-05-30,CUST-00587,30.0,West,Marketplace,Toys,LEGO Set,51.9,1,5,49.3,PayPal,Completed,4.5
ORD-003757,2026-04-30,CUST-00883,29.0,West,Mobile App,Toys,LEGO Set,29.71,1,5,28.22,Debit Card,Cancelled,3.5
ORD-003758,2024-11-23,CUST-00968,47.0,North,Website,Beauty,Perfume,81.07,5,15,344.55,PayPal,Completed,4.2
ORD-003759,2025-09-30,CUST-00861,58.0,Central,In-Store,Books,Fiction Novel,15.64,1,0,15.64,PayPal,Cancelled,4.9
ORD-003760,2025-10-16,CUST-00528,32.0,East,In-Store,Electronics,USB-C Hub,43.42,1,10,39.08,Debit Card,Returned,4.2
ORD-003761,2026-07-22,CUST-00719,58.0,East,Marketplace,Electronics,Wireless Earbuds,80.5,2,0,161.0,Crypto,Completed,3.8
ORD-003762,2025-10-29,CUST-00870,57.0,South,Mobile App,Automotive,Car Phone Mount,23.67,1,10,21.3,Gift Card,Returned,2.9
ORD-003763,2024-11-12,CUST-00060,47.0,East,Mobile App,Electronics,Laptop Stand,85.95,1,15,73.06,Debit Card,Completed,1.1
ORD-003764,2026-06-08,CUST-00005,57.0,North,Website,Toys,Board Game,29.73,2,25,44.59,Credit Card,Cancelled,
ORD-003765,2026-01-31,CUST-00925,42.0,Central,Mobile App,Beauty,Lip Gloss Set,12.75,1,5,12.11,Credit Card,Completed,2.2
ORD-003766,2025-01-30,CUST-00003,62.0,West,Website,Home & Kitchen,Blender,34.29,1,5,32.58,PayPal,Completed,
ORD-003767,2025-12-27,CUST-00379,46.0,North,Website,Home & Kitchen,Blender,105.06,1,5,99.81,PayPal,Completed,1.4
ORD-003768,2025-10-31,CUST-00214,19.0,Central,Marketplace,Automotive,Seat Covers,28.46,3,5,81.11,Credit Card,Cancelled,1.4
ORD-003769,2026-07-02,CUST-00023,39.0,North,Mobile App,Beauty,Face Serum,72.77,2,0,145.54,Credit Card,Pending,2.5
ORD-003770,2025-05-25,CUST-00222,55.0,South,Mobile App,Toys,Doll Set,41.74,1,15,35.48,Gift Card,Completed,3.2
ORD-003771,2025-04-20,CUST-00627,21.0,South,Website,Sports,Jump Rope,7.13,3,5,20.32,Debit Card,Completed,1.8
ORD-003772,2025-02-04,CUST-00831,48.0,North,Mobile App,Toys,LEGO Set,34.14,1,0,34.14,Debit Card,Completed,1.5
ORD-003773,2026-03-16,CUST-00141,36.0,East,Mobile App,Books,Fiction Novel,17.9,1,10,16.11,Credit Card,Completed,2.6
ORD-003774,2025-03-05,CUST-00359,56.0,South,Website,Books,Cook Book,18.58,1,25,13.93,PayPal,Cancelled,3.8
ORD-003775,2026-02-24,CUST-00121,42.0,East,Website,Sports,Water Bottle,21.91,1,10,19.72,Gift Card,Completed,4.7
ORD-003776,2026-09-15,CUST-00593,30.0,West,Marketplace,Books,Python Programming,32.01,2,10,57.62,Debit Card,Completed,1.2
ORD-003777,2025-09-08,CUST-00247,42.0,South,Mobile App,Electronics,Laptop Stand,31.88,1,15,27.1,Gift Card,Completed,3.6
ORD-003778,2026-07-28,CUST-00731,52.0,South,Mobile App,Electronics,Smartwatch,206.13,1,10,185.52,PayPal,Completed,2.0
ORD-003779,2024-10-22,CUST-00042,64.0,West,Mobile App,Toys,Puzzle 1000pc,26.41,1,5,25.09,Crypto,Completed,2.3
ORD-003780,2026-07-08,CUST-00366,53.0,South,In-Store,Toys,Puzzle 1000pc,18.55,1,10,16.7,Crypto,Completed,
ORD-003781,2024-11-03,CUST-00578,47.0,West,Website,Home & Kitchen,Coffee Maker,68.63,1,20,54.9,Gift Card,Returned,1.7
ORD-003782,2025-05-05,CUST-00102,50.0,Central,Mobile App,Automotive,Car Phone Mount,26.03,1,5,24.73,Crypto,Completed,
ORD-003783,2024-12-03,CUST-00703,18.0,South,Mobile App,Toys,Remote Car,70.76,1,10,63.68,Credit Card,Cancelled,3.3
ORD-003784,2026-05-22,CUST-00875,21.0,Central,Mobile App,Electronics,USB-C Hub,52.88,1,20,42.3,Gift Card,Completed,2.9
ORD-003785,2025-06-06,CUST-00273,56.0,West,Website,Sports,Resistance Bands,21.08,2,10,37.94,Credit Card,Completed,3.7
ORD-003786,2026-09-18,CUST-00626,21.0,Central,Marketplace,Home & Kitchen,Coffee Maker,100.47,1,0,100.47,Gift Card,Completed,1.2
ORD-003787,2025-09-29,CUST-00560,54.0,East,Marketplace,Books,Business Mindset,26.26,1,0,26.26,PayPal,Completed,2.8
ORD-003788,2026-08-18,CUST-00198,65.0,East,Mobile App,Electronics,Laptop Stand,74.36,1,10,66.92,PayPal,Completed,2.8
ORD-003789,2025-03-13,CUST-00072,21.0,Central,Mobile App,Home & Kitchen,Bed Sheets,23.11,1,0,23.11,Crypto,Completed,2.7
ORD-003790,2025-08-09,CUST-00701,62.0,East,Website,Beauty,Hair Dryer,91.31,3,5,260.23,Credit Card,Completed,1.0
ORD-003791,2026-01-02,CUST-00658,65.0,East,Marketplace,Books,Cook Book,21.17,2,20,33.87,Debit Card,Completed,
ORD-003792,2026-08-11,CUST-00342,22.0,East,Mobile App,Automotive,Car Phone Mount,18.62,1,20,14.9,Credit Card,Completed,1.8
ORD-003793,2026-09-03,CUST-00490,64.0,East,Website,Sports,Resistance Bands,37.23,1,0,37.23,Debit Card,Completed,2.1
ORD-003794,2026-01-10,CUST-01000,59.0,Central,Website,Sports,Resistance Bands,11.12,1,0,11.12,Debit Card,Completed,
ORD-003795,2026-06-17,CUST-00317,18.0,North,In-Store,Automotive,Tire Inflator,60.43,1,0,60.43,Crypto,Completed,2.6
ORD-003796,2026-07-17,CUST-00994,45.0,West,Website,Clothing,Yoga Pants,49.47,1,0,49.47,Gift Card,Completed,3.6
ORD-003797,2026-05-01,CUST-00875,57.0,East,Website,Beauty,Moisturizer,26.3,1,5,24.98,PayPal,Completed,2.8
ORD-003798,2025-03-16,CUST-00166,19.0,South,In-Store,Home & Kitchen,Blender,69.28,1,25,51.96,Crypto,Completed,2.7
ORD-003799,2025-06-30,CUST-00234,33.0,Central,Website,Clothing,Yoga Pants,74.45,1,0,74.45,Debit Card,Completed,3.1
ORD-003800,2025-10-23,CUST-00621,50.0,Central,Website,Home & Kitchen,Coffee Maker,143.13,1,10,128.82,Debit Card,Completed,2.7
ORD-003801,2026-05-07,CUST-00089,53.0,North,Website,Toys,Remote Car,48.4,1,20,38.72,Crypto,Completed,3.2
ORD-003802,2025-02-14,CUST-00723,32.0,East,Marketplace,Sports,Resistance Bands,16.07,1,20,12.86,Gift Card,Completed,
ORD-003803,2026-06-26,CUST-00748,70.0,North,Website,Beauty,Face Serum,58.85,1,0,58.85,Crypto,Completed,2.6
ORD-003804,2025-02-20,CUST-00620,40.0,North,Mobile App,Electronics,Bluetooth Speaker,82.5,1,0,82.5,Credit Card,Completed,2.7
ORD-003805,2026-05-13,CUST-00738,43.0,South,Website,Beauty,Perfume,54.53,1,5,51.8,Credit Card,Completed,2.1
ORD-003806,2025-05-31,CUST-00667,26.0,South,Marketplace,Home & Kitchen,Bed Sheets,65.04,2,20,104.06,Credit Card,Cancelled,4.3
ORD-003807,2024-11-26,CUST-00469,70.0,South,Website,Beauty,Hair Dryer,88.13,1,20,70.5,Debit Card,Completed,2.6
ORD-003808,2025-01-15,CUST-00459,25.0,North,Mobile App,Toys,Doll Set,41.77,1,0,41.77,Crypto,Completed,
ORD-003809,2025-10-08,CUST-00001,44.0,South,Website,Automotive,Car Phone Mount,18.04,2,20,28.86,Credit Card,Completed,4.9
ORD-003810,2025-08-09,CUST-00314,38.0,West,Website,Sports,Resistance Bands,19.3,2,10,34.74,Crypto,Completed,1.2
ORD-003811,2025-02-17,CUST-00871,40.0,East,Website,Books,Business Mindset,16.88,1,5,16.04,Crypto,Completed,3.8
ORD-003812,2026-06-11,CUST-00368,29.0,Central,Mobile App,Books,Fiction Novel,17.14,2,5,32.57,Gift Card,Completed,4.7
ORD-003813,2026-08-13,CUST-00903,32.0,East,Website,Electronics,Laptop Stand,64.8,1,10,58.32,Gift Card,Completed,1.7
ORD-003814,2024-11-04,CUST-00747,49.0,South,Website,Electronics,Wireless Earbuds,115.62,1,20,92.5,Debit Card,Completed,3.4
ORD-003815,2025-03-28,CUST-00233,,,Marketplace,Automotive,Seat Covers,35.34,1,15,30.04,Debit Card,Completed,
ORD-003816,2026-09-20,CUST-00900,58.0,North,Website,Toys,Puzzle 1000pc,29.84,1,15,25.36,Crypto,Pending,
ORD-003817,2026-06-30,CUST-00806,58.0,Central,Website,Toys,Board Game,51.54,1,5,48.96,PayPal,Completed,2.6
ORD-003818,2026-03-17,CUST-00573,22.0,East,Website,Clothing,Running Shoes,34.06,1,10,30.65,Debit Card,Completed,3.3
ORD-003819,2025-08-06,CUST-00130,67.0,West,Website,Toys,Board Game,20.25,1,0,20.25,PayPal,Pending,4.1
ORD-003820,2025-03-10,CUST-00351,51.0,East,Mobile App,Home & Kitchen,Knife Set,49.01,1,0,49.01,Gift Card,Completed,4.4
ORD-003821,2025-09-09,CUST-00914,31.0,West,Website,Sports,Resistance Bands,17.04,1,25,12.78,Credit Card,Completed,1.9
ORD-003822,2026-03-03,CUST-00709,64.0,North,Mobile App,Sports,Water Bottle,7.61,1,20,6.09,Credit Card,Completed,1.3
ORD-003823,2025-06-15,CUST-00245,38.0,East,In-Store,Books,Fiction Novel,13.59,1,10,12.23,Gift Card,Completed,2.1
ORD-003824,2026-02-06,CUST-00853,,,Website,Electronics,USB-C Hub,19.8,1,10,17.82,Debit Card,Completed,
ORD-003825,2026-04-02,CUST-00996,55.0,Central,Website,Home & Kitchen,Bed Sheets,38.3,1,0,38.3,PayPal,Completed,3.2
ORD-003826,2026-08-02,CUST-00500,64.0,North,Website,Books,Cook Book,33.71,3,5,96.07,Credit Card,Completed,4.8
ORD-003827,2025-06-07,CUST-00223,30.0,South,Mobile App,Electronics,USB-C Hub,66.63,1,5,63.3,Debit Card,Cancelled,4.5
ORD-003828,2025-09-22,CUST-00981,57.0,West,Mobile App,Home & Kitchen,Bed Sheets,44.42,2,0,88.84,Credit Card,Completed,2.9
ORD-003829,2025-03-08,CUST-00507,30.0,East,Website,Books,Cook Book,26.19,3,10,70.71,Debit Card,Completed,4.3
ORD-003830,2024-10-06,CUST-00308,,East,Website,Toys,Doll Set,61.45,2,15,104.47,Credit Card,Cancelled,
ORD-003831,2024-11-06,CUST-00158,44.0,Central,Website,Beauty,Lip Gloss Set,44.63,1,20,35.7,Debit Card,Completed,
ORD-003832,2025-02-07,CUST-00322,49.0,South,Mobile App,Beauty,Face Serum,25.31,1,15,21.51,PayPal,Completed,4.3
ORD-003833,2025-06-05,CUST-00198,60.0,South,Website,Clothing,Yoga Pants,57.14,3,15,145.71,Crypto,Completed,1.3
ORD-003834,2025-02-01,CUST-00393,58.0,North,Mobile App,Books,Business Mindset,22.67,1,5,21.54,Crypto,Completed,2.5
ORD-003835,2025-05-24,CUST-00021,40.0,North,Website,Electronics,Smartwatch,119.49,1,0,119.49,Gift Card,Completed,4.1
ORD-003836,2025-12-10,CUST-00652,68.0,South,In-Store,Automotive,Car Phone Mount,52.89,1,5,50.25,Debit Card,Completed,4.5
ORD-003837,2025-12-01,CUST-00339,47.0,South,Marketplace,Toys,Remote Car,41.17,3,15,104.98,Crypto,Pending,3.9
ORD-003838,2026-03-29,CUST-00395,22.0,South,Website,Home & Kitchen,Bed Sheets,34.92,2,15,59.36,Gift Card,Completed,1.8
ORD-003839,2026-03-08,CUST-00212,24.0,Central,Mobile App,Beauty,Moisturizer,36.06,1,15,30.65,Credit Card,Completed,1.8
ORD-003840,2026-01-24,CUST-00829,54.0,North,Mobile App,Sports,Water Bottle,10.35,1,10,9.31,Gift Card,Completed,4.9
ORD-003841,2025-10-08,CUST-00567,49.0,East,Website,Toys,Remote Car,63.78,1,10,57.4,Gift Card,Pending,1.6
ORD-003842,2024-10-05,CUST-00946,46.0,South,Mobile App,Automotive,Car Phone Mount,38.85,1,5,36.91,Crypto,Completed,
ORD-003843,2026-08-18,CUST-00160,52.0,East,Website,Electronics,Laptop Stand,62.06,2,20,99.3,Credit Card,Returned,1.4
ORD-003844,2026-06-24,CUST-00364,22.0,Central,Website,Toys,Puzzle 1000pc,15.66,1,0,15.66,PayPal,Returned,2.7
ORD-003845,2026-08-21,CUST-00816,18.0,North,In-Store,Toys,Puzzle 1000pc,32.39,4,10,116.6,PayPal,Completed,2.1
ORD-003846,2024-10-08,CUST-00381,67.0,East,Mobile App,Clothing,Running Shoes,130.88,2,5,248.67,PayPal,Completed,3.6
ORD-003847,2026-08-08,CUST-00743,39.0,South,Mobile App,Toys,Board Game,44.84,3,20,107.62,Crypto,Completed,4.1
ORD-003848,2025-05-20,CUST-00812,66.0,South,Website,Electronics,USB-C Hub,41.38,1,10,37.24,Credit Card,Completed,4.5
ORD-003849,2026-05-29,CUST-00024,47.0,West,Marketplace,Home & Kitchen,Air Fryer,93.14,1,5,88.48,Crypto,Pending,4.4
ORD-003850,2025-03-11,CUST-00895,58.0,East,Website,Books,Python Programming,21.02,1,15,17.87,Gift Card,Completed,3.1
ORD-003851,2025-03-08,CUST-00590,43.0,West,Website,Toys,Remote Car,43.78,1,0,43.78,Credit Card,Completed,1.2
ORD-003852,2024-12-21,CUST-00868,47.0,West,Website,Clothing,Polo Shirt,67.48,2,0,134.96,Gift Card,Completed,
ORD-003853,2025-10-18,CUST-00107,57.0,Central,Mobile App,Automotive,Tire Inflator,79.88,3,10,215.68,PayPal,Completed,
ORD-003854,2026-05-21,CUST-00431,50.0,North,Marketplace,Toys,LEGO Set,59.59,1,0,59.59,Debit Card,Completed,1.9
ORD-003855,2026-03-07,CUST-00464,57.0,Central,Mobile App,Automotive,Car Vacuum,36.68,1,15,31.18,Gift Card,Completed,2.8
ORD-003856,2025-06-19,CUST-00442,18.0,South,Mobile App,Toys,Doll Set,52.82,1,10,47.54,PayPal,Cancelled,3.8
ORD-003857,2024-10-22,CUST-00333,30.0,East,Mobile App,Electronics,Bluetooth Speaker,128.7,1,0,128.7,PayPal,Completed,1.5
ORD-003858,2025-02-09,CUST-00674,22.0,North,Website,Books,Cook Book,18.21,2,0,36.42,PayPal,Completed,3.1
ORD-003859,2024-10-20,CUST-00187,68.0,East,Marketplace,Sports,Yoga Mat,43.02,1,20,34.42,Crypto,Completed,4.3
ORD-003860,2025-07-29,CUST-00334,41.0,North,Mobile App,Clothing,Denim Jacket,87.36,1,5,82.99,Debit Card,Completed,3.6
ORD-003861,2026-02-01,CUST-00816,64.0,South,Website,Toys,Remote Car,31.3,1,10,28.17,Gift Card,Completed,
ORD-003862,2025-12-06,CUST-00024,36.0,North,Website,Clothing,Denim Jacket,123.84,1,10,111.46,Crypto,Completed,3.9
ORD-003863,2026-07-22,CUST-00560,49.0,North,Website,Sports,Yoga Mat,52.13,1,10,46.92,Gift Card,Completed,4.6
ORD-003864,2026-05-05,CUST-00445,61.0,Central,Mobile App,Clothing,Running Shoes,80.8,1,10,72.72,Credit Card,Completed,2.7
ORD-003865,2026-03-22,CUST-00914,42.0,East,Website,Electronics,USB-C Hub,49.07,1,10,44.16,Credit Card,Completed,4.5
ORD-003866,2025-09-23,CUST-00156,19.0,Central,Website,Clothing,Running Shoes,74.24,1,5,70.53,Credit Card,Completed,1.2
ORD-003867,2026-05-07,CUST-00158,61.0,East,In-Store,Beauty,Hair Dryer,72.72,1,5,69.08,Credit Card,Completed,2.9
ORD-003868,2026-05-28,CUST-00035,44.0,South,Website,Beauty,Lip Gloss Set,12.97,4,25,38.91,Credit Card,Completed,3.1
ORD-003869,2025-09-05,CUST-00446,34.0,South,Marketplace,Clothing,Polo Shirt,29.11,1,10,26.2,PayPal,Completed,2.9
ORD-003870,2026-03-21,CUST-00355,54.0,Central,In-Store,Clothing,Winter Coat,100.79,2,25,151.19,Debit Card,Pending,
ORD-003871,2025-10-15,CUST-00830,46.0,West,Website,Electronics,Wireless Earbuds,55.0,1,20,44.0,PayPal,Cancelled,4.9
ORD-003872,2025-02-09,CUST-00314,41.0,South,Mobile App,Automotive,Tire Inflator,22.0,1,5,20.9,Debit Card,Completed,2.4
ORD-003873,2026-04-14,CUST-00807,38.0,South,Website,Sports,Resistance Bands,26.2,1,0,26.2,Gift Card,Completed,
ORD-003874,2025-08-17,CUST-00103,41.0,East,Marketplace,Beauty,Lip Gloss Set,20.13,1,0,20.13,Credit Card,Completed,4.6
ORD-003875,2026-09-02,CUST-00371,28.0,North,Mobile App,Books,Data Science Guide,48.93,1,0,48.93,Debit Card,Completed,2.9
ORD-003876,2026-01-10,CUST-00151,65.0,East,Website,Beauty,Moisturizer,31.96,3,15,81.5,Debit Card,Completed,2.4
ORD-003877,2025-01-14,CUST-00448,44.0,South,Mobile App,Automotive,Car Vacuum,45.0,2,5,85.5,Crypto,Completed,1.1
ORD-003878,2026-03-16,CUST-00046,61.0,East,Marketplace,Sports,Water Bottle,23.06,1,15,19.6,Debit Card,Completed,2.9
ORD-003879,2025-06-28,CUST-00356,19.0,Central,Mobile App,Home & Kitchen,Blender,67.22,1,5,63.86,Debit Card,Completed,4.0
ORD-003880,2026-05-22,CUST-00519,40.0,West,Marketplace,Toys,Remote Car,52.02,1,5,49.42,Crypto,Completed,
ORD-003881,2025-06-06,CUST-00960,23.0,North,In-Store,Home & Kitchen,Coffee Maker,80.17,1,15,68.14,Crypto,Completed,
ORD-003882,2024-09-23,CUST-00461,36.0,North,In-Store,Beauty,Moisturizer,50.59,1,10,45.53,Debit Card,Returned,4.3
ORD-003883,2025-09-22,CUST-00872,,Central,Mobile App,Automotive,Tire Inflator,90.0,1,15,76.5,Crypto,Completed,
ORD-003884,2025-07-04,CUST-00707,22.0,East,Website,Automotive,Car Phone Mount,27.04,1,20,21.63,Debit Card,Completed,4.0
ORD-003885,2024-11-06,CUST-00675,66.0,Central,Website,Home & Kitchen,Coffee Maker,141.14,1,15,119.97,PayPal,Completed,4.4
ORD-003886,2025-09-08,CUST-00117,60.0,South,Mobile App,Automotive,Tire Inflator,46.44,2,0,92.88,Crypto,Completed,1.0
ORD-003887,2025-12-20,CUST-00693,31.0,East,Marketplace,Books,Business Mindset,53.77,1,15,45.7,Debit Card,Completed,2.5
ORD-003888,2026-04-17,CUST-00966,56.0,West,Website,Electronics,USB-C Hub,20.19,1,10,18.17,Crypto,Completed,1.8
ORD-003889,2025-03-06,CUST-00674,27.0,Central,Website,Sports,Water Bottle,8.0,1,25,6.0,Debit Card,Completed,
ORD-003890,2025-11-07,CUST-00520,58.0,East,Marketplace,Toys,LEGO Set,62.35,2,0,124.7,Credit Card,Completed,3.6
ORD-003891,2026-02-27,CUST-00977,37.0,West,In-Store,Electronics,Laptop Stand,29.71,2,5,56.45,PayPal,Completed,2.5
ORD-003892,2026-01-12,CUST-00542,66.0,Central,Mobile App,Clothing,Denim Jacket,44.25,2,0,88.5,Credit Card,Completed,4.6
ORD-003893,2026-07-04,CUST-00918,63.0,North,Mobile App,Toys,LEGO Set,67.62,1,0,67.62,PayPal,Completed,4.8
ORD-003894,2025-10-16,CUST-00524,68.0,North,Mobile App,Toys,LEGO Set,47.67,1,25,35.75,PayPal,Pending,2.1
ORD-003895,2026-04-26,CUST-00799,49.0,North,Marketplace,Sports,Resistance Bands,28.96,1,5,27.51,Debit Card,Completed,3.8
ORD-003896,2026-06-29,CUST-00230,32.0,North,Marketplace,Toys,Remote Car,71.84,3,15,183.19,Credit Card,Completed,4.2
ORD-003897,2025-10-18,CUST-00481,34.0,Central,In-Store,Sports,Resistance Bands,12.54,3,10,33.86,PayPal,Pending,3.9
ORD-003898,2025-03-02,CUST-00984,56.0,North,Website,Home & Kitchen,Air Fryer,110.2,2,10,198.36,Gift Card,Returned,2.9
ORD-003899,2026-05-04,CUST-00396,21.0,East,Mobile App,Clothing,Denim Jacket,48.52,2,0,97.04,Crypto,Completed,
ORD-003900,2025-05-10,CUST-00541,49.0,North,Mobile App,Home & Kitchen,Coffee Maker,38.54,2,0,77.08,Credit Card,Completed,4.5
ORD-003901,2025-01-19,CUST-00082,25.0,Central,Website,Beauty,Hair Dryer,46.08,1,0,46.08,Debit Card,Completed,4.4
ORD-003902,2025-06-11,CUST-00898,20.0,West,Website,Toys,Board Game,20.21,1,5,19.2,Gift Card,Completed,1.9
ORD-003903,2026-01-01,CUST-00186,59.0,East,Website,Electronics,Wireless Earbuds,66.48,4,10,239.33,Crypto,Cancelled,1.8
ORD-003904,2024-09-26,CUST-00033,,,Website,Electronics,Wireless Earbuds,67.01,1,5,63.66,Gift Card,Completed,
ORD-003905,2026-01-30,CUST-00284,47.0,West,Mobile App,Sports,Yoga Mat,12.85,4,20,41.12,Credit Card,Cancelled,
ORD-003906,2025-08-12,CUST-00648,65.0,East,Website,Automotive,Dash Cam,138.39,1,0,138.39,Gift Card,Pending,
ORD-003907,2026-01-16,CUST-00372,22.0,North,Website,Books,Business Mindset,12.88,3,25,28.98,Crypto,Completed,2.3
ORD-003908,2025-03-06,CUST-00387,64.0,North,Mobile App,Electronics,Laptop Stand,57.1,1,10,51.39,Credit Card,Cancelled,1.3
ORD-003909,2024-10-31,CUST-00031,70.0,Central,Website,Beauty,Face Serum,35.66,2,10,64.19,Debit Card,Completed,3.3
ORD-003910,2024-10-16,CUST-00096,32.0,South,Website,Home & Kitchen,Knife Set,107.84,1,5,102.45,Crypto,Completed,3.3
ORD-003911,2026-07-29,CUST-00976,38.0,East,Mobile App,Toys,Remote Car,62.64,1,10,56.38,Debit Card,Completed,
ORD-003912,2025-09-23,CUST-00105,63.0,West,Website,Electronics,Wireless Earbuds,49.18,1,10,44.26,Crypto,Completed,
ORD-003913,2026-01-02,CUST-00275,41.0,West,Website,Sports,Jump Rope,8.95,3,10,24.16,Credit Card,Completed,3.5
ORD-003914,2025-03-12,CUST-00974,50.0,East,Website,Beauty,Hair Dryer,63.0,1,15,53.55,PayPal,Completed,
ORD-003915,2025-06-20,CUST-00003,18.0,North,Website,Clothing,Winter Coat,83.61,1,0,83.61,PayPal,Completed,4.7
ORD-003916,2025-11-29,CUST-00499,28.0,East,Website,Toys,LEGO Set,114.7,1,0,114.7,PayPal,Completed,3.3
ORD-003917,2026-01-22,CUST-00022,50.0,East,Mobile App,Toys,Puzzle 1000pc,17.67,1,5,16.79,Crypto,Completed,3.7
ORD-003918,2024-09-23,CUST-00355,28.0,West,Mobile App,Sports,Resistance Bands,30.4,2,10,54.72,Gift Card,Returned,4.1
ORD-003919,2026-07-03,CUST-00994,61.0,Central,In-Store,Electronics,Smartwatch,383.75,2,0,767.5,Credit Card,Cancelled,2.5
ORD-003920,2025-08-31,CUST-00303,25.0,North,Website,Beauty,Moisturizer,27.79,1,5,26.4,Debit Card,Completed,4.0
ORD-003921,2026-05-13,CUST-00304,27.0,East,Mobile App,Automotive,Seat Covers,42.22,5,0,211.1,PayPal,Completed,1.2
ORD-003922,2026-02-10,CUST-00482,62.0,South,In-Store,Electronics,USB-C Hub,36.36,1,5,34.54,Crypto,Cancelled,4.2
ORD-003923,2026-01-29,CUST-00096,,,In-Store,Home & Kitchen,Blender,39.63,1,5,37.65,Gift Card,Completed,
ORD-003924,2026-05-01,CUST-00681,25.0,East,Mobile App,Electronics,Bluetooth Speaker,43.55,1,15,37.02,Debit Card,Returned,2.8
ORD-003925,2025-12-11,CUST-00178,30.0,East,Website,Automotive,Car Phone Mount,53.65,1,0,53.65,PayPal,Cancelled,3.6
ORD-003926,2025-09-27,CUST-00192,35.0,Central,Website,Sports,Yoga Mat,33.49,1,0,33.49,Gift Card,Completed,3.0
ORD-003927,2025-02-09,CUST-00460,30.0,Central,Website,Electronics,Wireless Earbuds,57.09,2,25,85.64,Gift Card,Completed,1.5
ORD-003928,2026-09-17,CUST-00416,52.0,Central,Mobile App,Books,Data Science Guide,43.64,2,10,78.55,Credit Card,Completed,4.1
ORD-003929,2026-04-20,CUST-00363,36.0,West,In-Store,Home & Kitchen,Blender,60.33,1,10,54.3,Debit Card,Returned,4.8
ORD-003930,2025-01-22,CUST-00492,21.0,West,Website,Toys,Board Game,30.68,1,15,26.08,Gift Card,Returned,2.3
ORD-003931,2025-12-25,CUST-00665,18.0,East,Website,Sports,Water Bottle,15.3,2,10,27.54,Gift Card,Completed,2.9
ORD-003932,2025-05-30,CUST-00534,38.0,East,Mobile App,Home & Kitchen,Blender,64.54,4,0,258.16,Credit Card,Completed,4.4
ORD-003933,2026-02-11,CUST-00948,66.0,Central,Marketplace,Beauty,Moisturizer,10.08,2,0,20.16,PayPal,Returned,
ORD-003934,2024-10-26,CUST-00798,39.0,East,Website,Clothing,Winter Coat,236.04,2,10,424.87,Debit Card,Returned,4.5
ORD-003935,2026-08-17,CUST-00911,53.0,North,Marketplace,Books,Python Programming,48.98,1,5,46.53,Gift Card,Completed,
ORD-003936,2025-01-20,CUST-00487,59.0,West,Marketplace,Sports,Yoga Mat,13.8,2,5,26.22,Gift Card,Completed,1.3
ORD-003937,2026-06-07,CUST-00903,66.0,North,Mobile App,Clothing,Running Shoes,66.27,3,15,168.99,Credit Card,Completed,2.2
ORD-003938,2024-09-24,CUST-00871,45.0,West,Mobile App,Sports,Water Bottle,31.61,1,0,31.61,Credit Card,Cancelled,2.8
ORD-003939,2025-04-12,CUST-00120,47.0,East,Marketplace,Automotive,Dash Cam,85.64,1,5,81.36,PayPal,Completed,2.3
ORD-003940,2024-12-25,CUST-00233,66.0,South,Marketplace,Home & Kitchen,Blender,107.29,1,15,91.2,Debit Card,Completed,1.9
ORD-003941,2025-06-21,CUST-00081,69.0,Central,Mobile App,Electronics,Smartwatch,301.92,2,10,543.46,Credit Card,Completed,2.3
ORD-003942,2024-12-09,CUST-00196,54.0,North,Marketplace,Clothing,Yoga Pants,45.03,3,0,135.09,Crypto,Completed,1.6
ORD-003943,2026-03-11,CUST-00657,48.0,West,Website,Automotive,Tire Inflator,69.4,1,10,62.46,PayPal,Returned,3.3
ORD-003944,2025-11-10,CUST-00244,52.0,West,Marketplace,Electronics,Smartwatch,394.18,1,0,394.18,Crypto,Completed,2.8
ORD-003945,2026-09-20,CUST-00270,,,Website,Electronics,Wireless Earbuds,67.25,1,0,67.25,Debit Card,Completed,
ORD-003946,2025-04-27,CUST-00112,48.0,East,Mobile App,Toys,Doll Set,21.01,2,0,42.02,Debit Card,Completed,2.8
ORD-003947,2026-07-04,CUST-00988,30.0,East,In-Store,Books,Business Mindset,21.77,2,0,43.54,Crypto,Cancelled,4.7
ORD-003948,2024-11-18,CUST-00335,52.0,Central,Website,Clothing,Running Shoes,132.96,2,10,239.33,Crypto,Completed,1.1
ORD-003949,2026-06-10,CUST-00306,41.0,Central,Mobile App,Sports,Resistance Bands,26.46,1,0,26.46,Crypto,Completed,1.4
ORD-003950,2025-03-04,CUST-00912,60.0,East,Marketplace,Toys,LEGO Set,51.14,1,25,38.36,Gift Card,Completed,
ORD-003951,2025-07-04,CUST-00733,42.0,South,Mobile App,Home & Kitchen,Knife Set,44.88,2,5,85.27,Debit Card,Completed,2.0
ORD-003952,2025-08-21,CUST-00445,23.0,South,Website,Electronics,Bluetooth Speaker,87.61,1,15,74.47,Gift Card,Completed,
ORD-003953,2026-06-24,CUST-00604,32.0,South,Mobile App,Books,Cook Book,42.24,6,15,215.42,Credit Card,Completed,
ORD-003954,2025-01-16,CUST-00582,64.0,North,Mobile App,Electronics,Bluetooth Speaker,87.86,2,0,175.72,Crypto,Completed,3.3
ORD-003955,2024-09-28,CUST-00569,62.0,North,Website,Automotive,Dash Cam,96.61,1,25,72.46,Debit Card,Cancelled,1.5
ORD-003956,2025-11-29,CUST-00106,62.0,Central,Website,Home & Kitchen,Bed Sheets,100.93,1,15,85.79,PayPal,Cancelled,1.7
ORD-003957,2024-12-26,CUST-00408,64.0,West,Website,Books,Python Programming,76.22,1,0,76.22,Credit Card,Completed,2.2
ORD-003958,2024-11-04,CUST-00524,34.0,West,Website,Automotive,Car Vacuum,55.58,1,0,55.58,Credit Card,Completed,3.8
ORD-003959,2024-10-03,CUST-00602,46.0,North,Mobile App,Clothing,Running Shoes,73.79,3,0,221.37,Gift Card,Completed,3.7
ORD-003960,2025-10-12,CUST-00650,68.0,Central,Website,Books,Fiction Novel,20.92,1,5,19.87,Credit Card,Completed,4.9
ORD-003961,2025-01-18,CUST-00281,55.0,West,Mobile App,Home & Kitchen,Bed Sheets,46.9,1,10,42.21,Debit Card,Completed,4.1
ORD-003962,2026-07-16,CUST-00044,23.0,West,Website,Home & Kitchen,Coffee Maker,150.75,5,15,640.69,PayPal,Returned,4.4
ORD-003963,2025-01-06,CUST-00808,22.0,South,Website,Beauty,Lip Gloss Set,21.0,1,10,18.9,Credit Card,Returned,3.2
ORD-003964,2025-11-08,CUST-00284,36.0,North,Marketplace,Sports,Jump Rope,16.08,2,25,24.12,Gift Card,Cancelled,
ORD-003965,2026-04-05,CUST-00163,53.0,North,In-Store,Automotive,Car Phone Mount,33.79,1,20,27.03,Debit Card,Completed,
ORD-003966,2025-10-14,CUST-00220,32.0,West,Mobile App,Automotive,Seat Covers,63.52,2,5,120.69,Gift Card,Completed,
ORD-003967,2025-07-10,CUST-00721,22.0,West,In-Store,Home & Kitchen,Bed Sheets,57.59,1,5,54.71,Debit Card,Completed,2.3
ORD-003968,2026-04-07,CUST-00051,34.0,West,Website,Books,Cook Book,26.59,1,20,21.27,Crypto,Completed,3.4
ORD-003969,2024-12-21,CUST-00692,50.0,South,Mobile App,Books,Cook Book,42.47,5,15,180.5,PayPal,Completed,
ORD-003970,2026-06-30,CUST-00494,39.0,West,Marketplace,Sports,Water Bottle,13.98,3,5,39.84,PayPal,Completed,2.1
ORD-003971,2025-12-29,CUST-00952,28.0,Central,In-Store,Books,Cook Book,26.06,1,25,19.54,Debit Card,Completed,4.5
ORD-003972,2025-09-25,CUST-00289,49.0,South,Website,Books,Fiction Novel,21.92,1,5,20.82,PayPal,Completed,4.4
ORD-003973,2026-06-25,CUST-00530,66.0,South,Mobile App,Electronics,Smartwatch,135.16,2,5,256.8,Gift Card,Completed,4.7
ORD-003974,2026-07-27,CUST-00421,70.0,South,Marketplace,Clothing,Running Shoes,122.85,1,5,116.71,Gift Card,Completed,4.2
ORD-003975,2026-09-10,CUST-00641,38.0,South,Mobile App,Electronics,Laptop Stand,34.92,2,0,69.84,Gift Card,Cancelled,2.5
ORD-003976,2026-09-16,CUST-00105,49.0,Central,Marketplace,Clothing,Running Shoes,77.82,1,15,66.15,Crypto,Cancelled,
ORD-003977,2026-06-16,CUST-00241,36.0,South,Mobile App,Books,Fiction Novel,21.44,2,10,38.59,Credit Card,Completed,2.5
ORD-003978,2026-07-17,CUST-00964,31.0,West,Website,Home & Kitchen,Knife Set,96.75,3,0,290.25,PayPal,Completed,3.1
ORD-003979,2026-03-05,CUST-00929,39.0,West,Mobile App,Home & Kitchen,Blender,32.84,2,0,65.68,Credit Card,Returned,4.5
ORD-003980,2024-11-14,CUST-00782,42.0,East,Website,Beauty,Lip Gloss Set,19.83,1,15,16.86,Gift Card,Completed,4.0
ORD-003981,2026-07-08,CUST-00883,69.0,North,Mobile App,Clothing,Polo Shirt,57.26,3,15,146.01,Debit Card,Pending,2.6
ORD-003982,2026-08-03,CUST-00616,62.0,West,Marketplace,Home & Kitchen,Knife Set,43.35,4,5,164.73,Credit Card,Completed,1.9
ORD-003983,2026-06-04,CUST-00341,29.0,East,Website,Toys,Doll Set,63.83,10,5,606.38,Credit Card,Completed,4.1
ORD-003984,2026-03-22,CUST-00538,43.0,Central,Website,Toys,LEGO Set,42.36,1,0,42.36,PayPal,Completed,2.7
ORD-003985,2025-09-02,CUST-00960,24.0,North,Mobile App,Toys,LEGO Set,62.7,1,15,53.3,PayPal,Completed,
ORD-003986,2025-12-05,CUST-00961,65.0,East,Mobile App,Sports,Yoga Mat,37.89,1,25,28.42,PayPal,Completed,
ORD-003987,2026-06-24,CUST-00888,19.0,West,Mobile App,Toys,LEGO Set,93.09,2,20,148.94,Debit Card,Completed,3.4
ORD-003988,2025-09-04,CUST-00703,46.0,South,Website,Sports,Water Bottle,13.13,1,20,10.5,Debit Card,Completed,2.3
ORD-003989,2026-04-09,CUST-00397,,,Mobile App,Electronics,Wireless Earbuds,82.06,5,5,389.78,Debit Card,Completed,
ORD-003990,2025-01-18,CUST-00076,48.0,East,Website,Automotive,Car Vacuum,48.13,1,5,45.72,Credit Card,Completed,2.9
ORD-003991,2026-02-22,CUST-00673,,South,Marketplace,Toys,Puzzle 1000pc,18.83,1,15,16.01,Debit Card,Completed,
ORD-003992,2024-10-15,CUST-00799,56.0,West,Mobile App,Clothing,Winter Coat,166.85,1,5,158.51,Credit Card,Returned,
ORD-003993,2025-03-19,CUST-00168,51.0,Central,Marketplace,Sports,Water Bottle,12.1,1,0,12.1,PayPal,Cancelled,4.7
ORD-003994,2024-12-31,CUST-00586,52.0,East,In-Store,Home & Kitchen,Bed Sheets,127.41,2,5,242.08,Debit Card,Completed,2.1
ORD-003995,2026-08-13,CUST-00617,37.0,North,Mobile App,Toys,Doll Set,46.4,1,10,41.76,Crypto,Completed,4.7
ORD-003996,2025-06-27,CUST-00040,35.0,Central,Website,Clothing,Winter Coat,197.76,1,5,-187.87,Credit Card,Completed,2.0
ORD-003997,2025-01-02,CUST-00308,39.0,East,Website,Home & Kitchen,Bed Sheets,19.92,1,0,19.92,Debit Card,Completed,1.2
ORD-003998,2026-04-29,CUST-00487,57.0,East,In-Store,Sports,Jump Rope,14.8,1,0,14.8,Crypto,Completed,
ORD-003999,2026-02-15,CUST-00817,32.0,North,Website,Books,Fiction Novel,6.57,4,0,26.28,Gift Card,Completed,4.5
ORD-004000,2026-06-06,CUST-00706,48.0,North,Mobile App,Beauty,Lip Gloss Set,23.08,2,10,41.54,Credit Card,Completed,3.1
ORD-004001,2024-12-05,CUST-00031,38.0,North,Website,Automotive,Car Phone Mount,58.75,1,5,55.81,Gift Card,Completed,3.5
ORD-004002,2025-12-23,CUST-00490,48.0,East,Marketplace,Toys,Puzzle 1000pc,56.72,1,20,45.38,Crypto,Returned,
ORD-004003,2025-03-10,CUST-00417,32.0,West,Marketplace,Automotive,Car Phone Mount,20.45,1,0,20.45,Gift Card,Completed,1.9
ORD-004004,2026-08-02,CUST-00011,44.0,South,Website,Toys,Remote Car,67.47,2,0,134.94,Crypto,Completed,3.5
ORD-004005,2025-07-09,CUST-00376,35.0,East,Mobile App,Sports,Yoga Mat,44.57,1,5,42.34,Crypto,Completed,2.6
ORD-004006,2025-10-12,CUST-00295,52.0,North,Website,Books,Business Mindset,42.95,2,10,77.31,Crypto,Completed,
ORD-004007,2026-05-15,CUST-00631,19.0,South,Marketplace,Electronics,Wireless Earbuds,107.16,1,20,85.73,Gift Card,Completed,
ORD-004008,2026-08-03,CUST-00330,20.0,North,Website,Home & Kitchen,Air Fryer,109.75,1,20,87.8,PayPal,Completed,2.7
ORD-004009,2026-09-16,CUST-00193,25.0,North,Marketplace,Electronics,Wireless Earbuds,103.66,1,20,82.93,PayPal,Completed,4.8
ORD-004010,2025-09-18,CUST-00712,29.0,South,Mobile App,Beauty,Lip Gloss Set,17.27,2,10,31.09,Gift Card,Completed,3.6
ORD-004011,2026-03-17,CUST-00863,45.0,Central,Marketplace,Automotive,Tire Inflator,69.59,1,15,59.15,Debit Card,Returned,4.3
ORD-004012,2025-01-26,CUST-00263,29.0,East,Mobile App,Sports,Resistance Bands,7.42,1,10,6.68,Crypto,Completed,3.9
ORD-004013,2025-09-29,CUST-00015,,South,Website,Beauty,Face Serum,60.69,1,0,60.69,PayPal,Completed,
ORD-004014,2025-02-25,CUST-00144,45.0,South,Website,Books,Data Science Guide,27.05,1,5,25.7,Crypto,Completed,2.4
ORD-004015,2026-02-25,CUST-00226,61.0,Central,Website,Clothing,Denim Jacket,74.46,1,15,63.29,Crypto,Completed,2.0
ORD-004016,2026-01-13,CUST-00772,37.0,Central,Mobile App,Electronics,Wireless Earbuds,95.39,1,20,76.31,Gift Card,Cancelled,
ORD-004017,2024-12-19,CUST-00835,52.0,East,Marketplace,Books,Business Mindset,63.2,1,5,60.04,PayPal,Completed,2.7
ORD-004018,2024-12-19,CUST-00087,22.0,South,Marketplace,Toys,LEGO Set,99.58,2,25,149.37,Gift Card,Completed,4.2
ORD-004019,2025-02-04,CUST-00280,26.0,Central,Website,Books,Business Mindset,21.9,1,5,20.8,PayPal,Completed,3.1
ORD-004020,2025-04-22,CUST-00323,57.0,East,Mobile App,Sports,Yoga Mat,41.75,1,10,37.58,PayPal,Completed,
ORD-004021,2025-02-27,CUST-00802,68.0,East,Marketplace,Electronics,USB-C Hub,16.53,6,10,89.26,Crypto,Completed,2.3
ORD-004022,2026-06-22,CUST-00388,26.0,East,Website,Electronics,Smartwatch,134.65,1,10,121.19,Gift Card,Returned,4.3
ORD-004023,2025-08-20,CUST-00599,48.0,South,Marketplace,Electronics,Laptop Stand,38.98,1,0,38.98,Debit Card,Completed,4.7
ORD-004024,2025-09-09,CUST-00701,58.0,South,Mobile App,Automotive,Dash Cam,39.58,2,20,63.33,Credit Card,Completed,3.9
ORD-004025,2026-01-07,CUST-00398,40.0,South,Website,Books,Data Science Guide,31.92,1,0,31.92,PayPal,Completed,2.5
ORD-004026,2026-07-29,CUST-00510,69.0,East,Website,Toys,Remote Car,76.95,1,5,73.1,PayPal,Completed,3.8
ORD-004027,2025-05-02,CUST-00297,52.0,South,Website,Books,Fiction Novel,10.92,1,10,9.83,Gift Card,Completed,
ORD-004028,2026-05-09,CUST-00192,64.0,Central,In-Store,Beauty,Lip Gloss Set,21.31,1,10,19.18,Credit Card,Completed,2.9
ORD-004029,2026-02-08,CUST-00699,67.0,North,Mobile App,Books,Fiction Novel,10.12,4,0,40.48,Gift Card,Completed,3.6
ORD-004030,2024-10-01,CUST-00749,61.0,North,Marketplace,Sports,Jump Rope,17.97,2,10,32.35,PayPal,Completed,3.7
ORD-004031,2024-11-09,CUST-00161,46.0,West,Website,Toys,Puzzle 1000pc,15.73,2,0,31.46,Gift Card,Returned,2.4
ORD-004032,2025-02-12,CUST-00033,34.0,South,Website,Beauty,Face Serum,43.99,1,10,39.59,PayPal,Cancelled,
ORD-004033,2025-07-20,CUST-00295,49.0,South,Mobile App,Toys,Doll Set,63.87,1,20,51.1,Crypto,Returned,2.0
ORD-004034,2026-07-07,CUST-00645,54.0,East,Marketplace,Books,Fiction Novel,11.39,1,0,11.39,PayPal,Completed,3.5
ORD-004035,2026-07-18,CUST-00767,29.0,North,Website,Automotive,Car Phone Mount,39.13,1,10,35.22,Debit Card,Completed,2.6
ORD-004036,2026-09-04,CUST-00951,60.0,South,Marketplace,Clothing,Polo Shirt,40.69,2,10,73.24,Credit Card,Pending,2.6
ORD-004037,2025-03-19,CUST-00501,62.0,Central,Website,Toys,Board Game,27.47,2,25,41.2,Debit Card,Completed,1.5
ORD-004038,2030-01-01 00:00:00,CUST-00923,51.0,South,Website,Electronics,Bluetooth Speaker,41.29,1,25,30.97,Credit Card,Completed,3.5
ORD-004039,2025-08-04,CUST-00583,42.0,North,Website,Books,Data Science Guide,21.35,1,0,21.35,Crypto,Completed,2.5
ORD-004040,2025-02-11,CUST-00025,37.0,East,Website,Sports,Resistance Bands,25.01,1,10,22.51,Debit Card,Completed,1.8
ORD-004041,2026-04-11,CUST-00040,49.0,West,Website,Toys,Board Game,46.26,1,5,43.95,Crypto,Completed,3.6
ORD-004042,2026-06-12,CUST-00075,19.0,East,Website,Automotive,Car Vacuum,46.58,2,10,83.84,Credit Card,Completed,4.2
ORD-004043,2024-10-27,CUST-00546,35.0,North,Marketplace,Sports,Jump Rope,15.74,1,20,12.59,Credit Card,Completed,4.1
ORD-004044,2026-07-31,CUST-00380,32.0,West,Marketplace,Automotive,Tire Inflator,85.9,1,10,77.31,Crypto,Completed,4.2
ORD-004045,2026-03-09,CUST-00604,55.0,East,Marketplace,Toys,Puzzle 1000pc,29.1,2,5,55.29,Gift Card,Pending,1.1
ORD-004046,2025-04-19,CUST-00874,31.0,West,Website,Books,Cook Book,25.85,1,10,23.27,Debit Card,Completed,2.2
ORD-004047,2026-08-05,CUST-00627,27.0,Central,Website,Books,Business Mindset,36.56,2,0,73.12,Crypto,Returned,
ORD-004048,2026-01-12,CUST-00356,45.0,South,Marketplace,Toys,Puzzle 1000pc,15.25,8,0,122.0,Gift Card,Completed,3.8
ORD-004049,2026-06-18,CUST-00483,28.0,South,Marketplace,Books,Fiction Novel,10.37,1,0,10.37,Debit Card,Completed,2.4
ORD-004050,2025-05-20,CUST-00398,65.0,South,Mobile App,Clothing,Polo Shirt,45.96,2,0,91.92,Credit Card,Completed,
ORD-004051,2025-07-02,CUST-00653,28.0,North,Mobile App,Sports,Gym Bag,69.99,1,15,59.49,Gift Card,Completed,1.3
ORD-004052,2026-07-09,CUST-00901,26.0,South,Website,Beauty,Hair Dryer,27.88,1,5,26.49,PayPal,Completed,4.7
ORD-004053,2025-09-08,CUST-00415,60.0,Central,Website,Clothing,Running Shoes,48.15,2,0,96.3,Gift Card,Completed,
ORD-004054,2025-01-28,CUST-00935,59.0,East,Website,Automotive,Tire Inflator,65.11,1,25,48.83,PayPal,Completed,1.8
ORD-004055,2025-04-28,CUST-00007,,,Mobile App,Automotive,Car Phone Mount,10.35,1,5,9.83,Gift Card,Completed,
ORD-004056,2026-09-13,CUST-00896,36.0,Central,Marketplace,Clothing,Yoga Pants,46.2,1,0,46.2,Crypto,Completed,3.5
ORD-004057,2025-08-23,CUST-00948,66.0,West,Mobile App,Home & Kitchen,Knife Set,33.79,3,5,96.3,Gift Card,Completed,2.9
ORD-004058,2026-02-20,CUST-00923,65.0,West,Website,Books,Fiction Novel,9.33,2,5,17.73,Debit Card,Pending,3.6
ORD-004059,2024-12-29,CUST-00904,40.0,Central,Website,Electronics,Wireless Earbuds,120.81,2,15,205.38,Credit Card,Completed,4.2
ORD-004060,2024-12-13,CUST-00684,39.0,South,Website,Clothing,Winter Coat,293.9,1,5,279.2,Credit Card,Completed,3.0
ORD-004061,2026-05-04,CUST-00988,69.0,Central,In-Store,Toys,LEGO Set,69.89,2,5,132.79,PayPal,Completed,1.9
ORD-004062,2025-08-22,CUST-00700,23.0,Central,Mobile App,Sports,Yoga Mat,32.71,1,20,26.17,Credit Card,Completed,4.1
ORD-004063,2024-10-16,CUST-00811,51.0,South,Website,Beauty,Lip Gloss Set,21.93,1,10,19.74,Gift Card,Completed,1.3
ORD-004064,2025-02-27,CUST-00582,51.0,South,Mobile App,Books,Business Mindset,24.75,1,0,24.75,PayPal,Completed,
ORD-004065,2025-04-07,CUST-00990,45.0,South,Website,Automotive,Tire Inflator,62.12,1,20,49.7,Debit Card,Completed,1.4
ORD-004066,2025-12-22,CUST-00503,58.0,East,Website,Automotive,Tire Inflator,64.16,1,15,54.54,Gift Card,Completed,
ORD-004067,2025-11-27,CUST-00310,39.0,Central,Mobile App,Books,Data Science Guide,42.2,1,0,42.2,Gift Card,Completed,3.3
ORD-004068,2024-10-12,CUST-00604,46.0,North,Mobile App,Clothing,Polo Shirt,49.76,1,10,44.78,PayPal,Completed,2.5
ORD-004069,2026-04-10,CUST-00192,47.0,East,Mobile App,Automotive,Dash Cam,54.87,1,20,43.9,Debit Card,Completed,3.2
ORD-004070,2025-03-13,CUST-00817,63.0,North,Mobile App,Toys,Puzzle 1000pc,14.59,3,0,43.77,PayPal,Completed,2.7
ORD-004071,2025-08-18,CUST-00411,22.0,Central,Marketplace,Home & Kitchen,Coffee Maker,66.4,2,15,112.88,Credit Card,Completed,2.9
ORD-004072,2026-08-11,CUST-00148,58.0,Central,Website,Automotive,Car Phone Mount,17.43,1,10,15.69,PayPal,Completed,
ORD-004073,2025-05-11,CUST-00906,44.0,West,Website,Beauty,Face Serum,51.78,1,5,49.19,PayPal,Completed,2.9
ORD-004074,2025-11-11,CUST-00232,67.0,Central,Mobile App,Sports,Gym Bag,55.88,1,0,55.88,Credit Card,Completed,
ORD-004075,2025-12-27,CUST-00181,52.0,South,In-Store,Books,Data Science Guide,49.53,0,0,49.53,PayPal,Completed,4.2
ORD-004076,2026-06-29,CUST-00902,37.0,East,Marketplace,Clothing,Polo Shirt,54.27,1,10,48.84,PayPal,Completed,4.3
ORD-004077,2025-12-20,CUST-00661,32.0,Central,Mobile App,Toys,LEGO Set,136.89,1,0,136.89,Credit Card,Completed,4.1
ORD-004078,2026-07-23,CUST-00668,,,In-Store,Clothing,Denim Jacket,121.18,1,10,109.06,PayPal,Completed,
ORD-004079,2026-05-06,CUST-00139,39.0,West,In-Store,Electronics,Wireless Earbuds,56.22,1,5,53.41,Credit Card,Cancelled,3.0
ORD-004080,2024-12-28,CUST-00698,,,Website,Books,Fiction Novel,12.92,1,10,11.63,Crypto,Completed,
ORD-004081,2024-12-25,CUST-00900,,,Mobile App,Electronics,Smartwatch,172.22,2,15,292.77,Debit Card,Completed,
ORD-004082,2025-03-17,CUST-00570,70.0,East,Website,Clothing,Winter Coat,148.01,1,5,140.61,Gift Card,Completed,2.3
ORD-004083,2024-12-17,CUST-00538,44.0,North,In-Store,Toys,Board Game,59.53,4,25,178.59,Debit Card,Completed,2.7
ORD-004084,2025-04-16,CUST-00557,18.0,North,Mobile App,Electronics,Wireless Earbuds,88.78,1,5,84.34,Credit Card,Cancelled,3.0
ORD-004085,2026-05-10,CUST-00468,68.0,Central,Website,Books,Python Programming,13.51,3,20,32.42,Crypto,Cancelled,3.5
ORD-004086,2025-10-20,CUST-00011,28.0,West,Website,Home & Kitchen,Air Fryer,205.89,1,25,154.42,Gift Card,Completed,3.3
ORD-004087,2024-11-15,CUST-00388,22.0,West,Website,Home & Kitchen,Coffee Maker,175.2,2,10,315.36,PayPal,Completed,4.9
ORD-004088,2025-12-05,CUST-00917,56.0,South,Mobile App,Electronics,USB-C Hub,32.21,1,15,27.38,Debit Card,Completed,4.3
ORD-004089,2026-05-02,CUST-00341,30.0,Central,Marketplace,Sports,Resistance Bands,26.88,3,5,76.61,Debit Card,Completed,4.5
ORD-004090,2025-04-22,CUST-00091,50.0,North,Mobile App,Automotive,Seat Covers,55.27,1,5,52.51,Debit Card,Pending,4.4
ORD-004091,2025-06-11,CUST-00528,45.0,South,Website,Beauty,Lip Gloss Set,31.13,1,0,31.13,Debit Card,Completed,1.4
ORD-004092,2025-09-16,CUST-00933,23.0,Central,Mobile App,Clothing,Winter Coat,80.32,3,5,228.91,Debit Card,Completed,
ORD-004093,2026-09-09,CUST-00809,,,Website,Sports,Gym Bag,47.57,1,15,40.43,Crypto,Completed,
ORD-004094,2025-07-19,CUST-00521,23.0,Central,Mobile App,Electronics,Smartwatch,250.17,1,15,212.64,Credit Card,Completed,4.7
ORD-004095,2026-08-15,CUST-00485,35.0,South,Mobile App,Clothing,Winter Coat,241.9,3,25,544.28,PayPal,Returned,4.0
ORD-004096,2025-03-06,CUST-00179,19.0,West,Website,Sports,Yoga Mat,42.3,1,10,38.07,Gift Card,Pending,3.2
ORD-004097,2026-03-13,CUST-00571,31.0,North,Website,Automotive,Dash Cam,118.88,2,15,202.1,Credit Card,Completed,2.1
ORD-004098,2026-07-07,CUST-00930,58.0,Central,Website,Beauty,Lip Gloss Set,18.94,1,0,18.94,PayPal,Pending,4.0
ORD-004099,2024-11-14,CUST-00275,25.0,West,Marketplace,Toys,Doll Set,24.9,1,10,22.41,Credit Card,Completed,3.6
ORD-004100,2024-11-16,CUST-00721,40.0,South,Website,Home & Kitchen,Coffee Maker,98.31,1,0,98.31,PayPal,Returned,1.0
ORD-004101,2025-03-19,CUST-00667,,West,In-Store,Clothing,Winter Coat,158.2,1,5,150.29,PayPal,Completed,
ORD-004102,2025-12-28,CUST-00546,61.0,West,Mobile App,Automotive,Tire Inflator,148.52,1,15,126.24,Crypto,Completed,4.8
ORD-004103,2025-09-16,CUST-00618,,,In-Store,Books,Business Mindset,23.09,3,10,62.34,Credit Card,Returned,
ORD-004104,2025-09-22,CUST-00643,61.0,North,Mobile App,Toys,Remote Car,34.22,2,5,65.02,PayPal,Cancelled,
ORD-004105,2025-06-29,CUST-00889,45.0,Central,Mobile App,Home & Kitchen,Coffee Maker,53.37,1,5,50.7,PayPal,Completed,4.1
ORD-004106,2025-08-01,CUST-00981,38.0,West,Website,Home & Kitchen,Blender,107.16,1,5,101.8,PayPal,Completed,2.7
ORD-004107,2024-11-05,CUST-00437,50.0,West,Website,Toys,Doll Set,45.4,1,15,38.59,Gift Card,Completed,2.6
ORD-004108,2025-07-30,CUST-00180,36.0,East,Website,Automotive,Car Phone Mount,17.56,3,0,52.68,Crypto,Completed,2.0
ORD-004109,2025-10-27,CUST-00272,37.0,Central,Website,Automotive,Car Vacuum,50.03,1,0,50.03,Crypto,Completed,3.8
ORD-004110,2025-04-24,CUST-00218,22.0,South,Mobile App,Beauty,Face Serum,33.78,1,15,28.71,Crypto,Completed,1.4
ORD-004111,2025-02-24,CUST-00548,28.0,West,Marketplace,Clothing,Winter Coat,95.53,3,0,286.59,PayPal,Completed,3.3
ORD-004112,2026-08-09,CUST-00196,47.0,South,Marketplace,Home & Kitchen,Blender,79.58,1,0,-79.58,Debit Card,Completed,3.5
ORD-004113,2025-03-17,CUST-00731,34.0,West,Mobile App,Clothing,Running Shoes,65.27,4,20,208.86,Crypto,Completed,2.5
ORD-004114,2025-05-27,CUST-00450,34.0,North,In-Store,Electronics,Bluetooth Speaker,85.3,1,10,76.77,Debit Card,Completed,2.1
ORD-004115,2025-06-01,CUST-00972,65.0,Central,Mobile App,Books,Business Mindset,33.72,4,5,128.14,Debit Card,Completed,2.6
ORD-004116,2025-11-20,CUST-00393,,,In-Store,Clothing,Winter Coat,251.03,1,15,213.38,PayPal,Completed,
ORD-004117,2025-02-28,CUST-00326,19.0,South,Marketplace,Books,Python Programming,27.71,1,5,26.32,Crypto,Returned,3.6
ORD-004118,2026-06-18,CUST-00430,58.0,North,Website,Beauty,Moisturizer,44.85,1,0,44.85,Crypto,Completed,
ORD-004119,2025-01-28,CUST-00992,28.0,West,Mobile App,Sports,Water Bottle,17.34,1,10,15.61,PayPal,Completed,1.4
ORD-004120,2026-01-07,CUST-00531,40.0,South,Mobile App,Toys,Doll Set,15.58,1,0,15.58,Debit Card,Completed,3.8
ORD-004121,2025-03-04,CUST-00762,21.0,East,Website,Sports,Yoga Mat,18.16,1,0,18.16,Debit Card,Completed,3.8
ORD-004122,2026-06-01,CUST-00080,39.0,North,Marketplace,Home & Kitchen,Knife Set,47.8,1,15,40.63,Debit Card,Returned,4.1
ORD-004123,2026-05-22,CUST-00422,34.0,South,Website,Clothing,Yoga Pants,49.36,2,10,88.85,Credit Card,Completed,
ORD-004124,2025-08-13,CUST-00986,31.0,West,Website,Electronics,Smartwatch,256.4,1,0,256.4,Crypto,Completed,2.1
ORD-004125,2025-06-01,CUST-00990,63.0,West,In-Store,Sports,Jump Rope,5.03,1,10,4.53,Debit Card,Completed,2.1
ORD-004126,2026-09-03,CUST-00966,64.0,West,Website,Toys,Remote Car,52.77,1,10,47.49,Debit Card,Completed,
ORD-004127,2025-10-06,CUST-00234,50.0,East,Marketplace,Clothing,Yoga Pants,64.79,1,25,48.59,Credit Card,Completed,3.7
ORD-004128,2024-11-21,CUST-00675,70.0,East,Mobile App,Beauty,Face Serum,46.53,4,15,158.2,Debit Card,Completed,4.0
ORD-004129,2026-01-18,CUST-00899,33.0,South,Website,Books,Business Mindset,14.03,1,5,13.33,PayPal,Cancelled,4.2
ORD-004130,2024-10-01,CUST-00232,48.0,Central,Website,Electronics,USB-C Hub,71.22,4,25,213.66,PayPal,Completed,3.4
ORD-004131,2025-03-12,CUST-00504,32.0,North,Marketplace,Beauty,Moisturizer,19.07,1,0,19.07,Crypto,Completed,5.0
ORD-004132,2026-04-25,CUST-00246,31.0,Central,Website,Books,Business Mindset,18.91,1,5,17.96,Gift Card,Completed,
ORD-004133,2024-12-17,CUST-00574,70.0,North,Website,Automotive,Seat Covers,95.11,3,5,271.06,PayPal,Completed,4.8
ORD-004134,2025-08-16,CUST-00753,,,Mobile App,Books,Fiction Novel,8.06,3,10,21.76,Crypto,Completed,
ORD-004135,2024-12-25,CUST-00323,57.0,North,Website,Automotive,Seat Covers,42.73,1,5,40.59,Crypto,Completed,3.4
ORD-004136,2025-06-27,CUST-00889,34.0,Central,Mobile App,Electronics,USB-C Hub,36.15,1,20,28.92,Debit Card,Completed,1.7
ORD-004137,2025-06-27,CUST-00066,24.0,Central,Website,Books,Python Programming,17.14,1,0,17.14,Credit Card,Returned,2.9
ORD-004138,2026-08-02,CUST-00081,43.0,North,Marketplace,Books,Cook Book,37.52,2,5,71.29,Debit Card,Returned,1.6
ORD-004139,2025-11-22,CUST-00568,36.0,West,Mobile App,Clothing,Denim Jacket,148.64,2,0,297.28,Credit Card,Completed,1.5
ORD-004140,2025-05-28,CUST-00609,62.0,South,Website,Beauty,Perfume,38.05,1,0,38.05,Debit Card,Completed,1.5
ORD-004141,2026-03-13,CUST-00459,33.0,Central,In-Store,Electronics,Wireless Earbuds,41.38,2,0,82.76,Debit Card,Completed,2.1
ORD-004142,2025-07-15,CUST-00581,42.0,North,Marketplace,Beauty,Face Serum,61.36,4,15,208.62,Debit Card,Completed,3.4
ORD-004143,2025-10-04,CUST-00288,52.0,Central,Website,Clothing,Polo Shirt,65.87,2,0,131.74,Crypto,Returned,4.6
ORD-004144,2025-12-10,CUST-00385,47.0,North,In-Store,Automotive,Tire Inflator,112.96,1,5,107.31,Credit Card,Completed,
ORD-004145,2024-09-26,CUST-00953,39.0,South,Website,Electronics,Bluetooth Speaker,39.12,1,0,39.12,Debit Card,Completed,1.5
ORD-004146,2025-07-16,CUST-00071,69.0,West,Marketplace,Toys,Puzzle 1000pc,37.28,1,0,37.28,Debit Card,Completed,2.2
ORD-004147,2025-12-26,CUST-00744,28.0,South,Mobile App,Automotive,Tire Inflator,144.88,2,0,289.76,Debit Card,Pending,2.1
ORD-004148,2026-01-16,CUST-00543,64.0,South,Website,Home & Kitchen,Coffee Maker,36.63,1,0,36.63,Credit Card,Completed,2.3
ORD-004149,2026-08-30,CUST-00395,70.0,South,Mobile App,Home & Kitchen,Coffee Maker,70.54,1,25,52.91,Credit Card,Completed,2.2
ORD-004150,2026-05-27,CUST-00176,41.0,East,Website,Electronics,Wireless Earbuds,133.98,1,0,133.98,Debit Card,Completed,
ORD-004151,2025-06-16,CUST-00844,35.0,Central,Website,Toys,Puzzle 1000pc,30.91,1,10,27.82,Debit Card,Cancelled,2.4
ORD-004152,2026-01-06,CUST-00194,39.0,South,Mobile App,Toys,Remote Car,43.15,3,10,116.5,Crypto,Completed,1.8
ORD-004153,2025-03-22,CUST-00660,19.0,Central,Website,Books,Data Science Guide,35.58,1,5,33.8,Gift Card,Completed,4.7
ORD-004154,2026-08-01,CUST-00763,29.0,East,Website,Beauty,Moisturizer,49.31,1,10,44.38,Crypto,Completed,3.0
ORD-004155,2026-05-29,CUST-00715,53.0,South,Website,Beauty,Lip Gloss Set,11.9,2,0,23.8,Crypto,Completed,4.6
ORD-004156,2025-12-25,CUST-00306,65.0,West,Mobile App,Toys,Doll Set,89.97,1,10,80.97,PayPal,Completed,2.4
ORD-004157,2025-08-24,CUST-00978,60.0,West,Marketplace,Clothing,Yoga Pants,52.39,2,15,89.06,Credit Card,Completed,3.3
ORD-004158,2025-03-01,CUST-00677,69.0,North,Marketplace,Home & Kitchen,Bed Sheets,63.91,1,20,51.13,PayPal,Returned,2.5
ORD-004159,2024-12-09,CUST-00064,45.0,East,Website,Sports,Yoga Mat,81.31,1,15,69.11,Crypto,Completed,1.3
ORD-004160,2024-12-23,CUST-00027,20.0,Central,Marketplace,Toys,Puzzle 1000pc,38.06,1,10,34.25,Credit Card,Completed,2.2
ORD-004161,2025-01-04,CUST-00862,45.0,East,Marketplace,Books,Data Science Guide,23.59,1,0,23.59,PayPal,Completed,1.6
ORD-004162,2026-07-10,CUST-00144,60.0,West,Mobile App,Beauty,Perfume,111.86,2,15,190.16,PayPal,Pending,1.2
ORD-004163,2025-08-25,CUST-00863,61.0,East,Website,Books,Cook Book,16.21,1,0,16.21,Credit Card,Completed,
ORD-004164,2025-07-22,CUST-00634,28.0,East,Website,Toys,Doll Set,31.11,1,20,24.89,Credit Card,Completed,5.0
ORD-004165,2025-05-28,CUST-00563,28.0,West,Website,Toys,Board Game,34.61,1,0,34.61,Crypto,Completed,2.2
ORD-004166,2026-03-29,CUST-00755,24.0,North,Mobile App,Toys,Remote Car,17.78,2,25,26.67,Credit Card,Completed,3.9
ORD-004167,2026-09-04,CUST-00537,65.0,North,Website,Home & Kitchen,Knife Set,94.97,1,25,71.23,Gift Card,Completed,1.4
ORD-004168,2026-09-18,CUST-00027,21.0,East,Website,Automotive,Seat Covers,67.99,1,10,61.19,Credit Card,Returned,4.1
ORD-004169,2025-01-15,CUST-00750,19.0,East,In-Store,Automotive,Dash Cam,81.79,2,10,147.22,Debit Card,Pending,3.4
ORD-004170,2025-01-18,CUST-00134,22.0,North,Website,Toys,Board Game,12.08,1,0,12.08,Credit Card,Completed,4.9
ORD-004171,2024-11-22,CUST-00091,18.0,East,Marketplace,Electronics,Laptop Stand,58.99,1,0,58.99,Gift Card,Completed,2.5
ORD-004172,2025-12-18,CUST-00119,19.0,East,Website,Toys,Puzzle 1000pc,62.51,1,5,59.38,Gift Card,Completed,2.3
ORD-004173,2024-12-25,CUST-00469,25.0,West,Website,Beauty,Face Serum,57.52,1,0,57.52,Debit Card,Completed,3.2
ORD-004174,2025-05-15,CUST-00727,57.0,West,Website,Clothing,Yoga Pants,28.0,1,0,28.0,Crypto,Returned,4.0
ORD-004175,2025-08-09,CUST-00663,29.0,West,In-Store,Books,Business Mindset,15.13,1,5,14.37,Credit Card,Completed,4.5
ORD-004176,2026-07-17,CUST-00037,27.0,West,Website,Beauty,Perfume,51.86,2,15,88.16,Credit Card,Completed,
ORD-004177,2026-08-10,CUST-00329,65.0,South,Website,Beauty,Face Serum,52.74,1,25,39.55,Credit Card,Completed,4.2
ORD-004178,2026-09-11,CUST-00236,59.0,South,Mobile App,Toys,Doll Set,22.83,1,15,19.41,Credit Card,Completed,3.3
ORD-004179,2026-07-05,CUST-00101,28.0,East,Marketplace,Books,Python Programming,46.37,4,10,166.93,Credit Card,Returned,3.0
ORD-004180,2026-05-07,CUST-00678,63.0,South,Mobile App,Automotive,Car Phone Mount,35.84,1,10,32.26,Crypto,Returned,1.3
ORD-004181,2026-06-07,CUST-00652,45.0,South,Website,Sports,Gym Bag,27.5,1,5,26.12,PayPal,Returned,
ORD-004182,2026-08-06,CUST-00727,23.0,West,Mobile App,Sports,Resistance Bands,24.38,1,10,21.94,Crypto,Returned,3.2
ORD-004183,2025-03-02,CUST-00580,45.0,South,Mobile App,Electronics,Laptop Stand,23.08,1,15,19.62,Crypto,Completed,1.1
ORD-004184,2025-11-07,CUST-00680,26.0,West,Mobile App,Automotive,Tire Inflator,84.29,1,10,75.86,Gift Card,Completed,3.0
ORD-004185,2025-07-15,CUST-00649,47.0,East,Website,Sports,Yoga Mat,39.53,1,15,33.6,Debit Card,Completed,5.0
ORD-004186,2025-03-19,CUST-00811,46.0,West,Website,Home & Kitchen,Air Fryer,110.94,2,10,199.69,Crypto,Completed,
ORD-004187,2024-12-03,CUST-00120,44.0,South,Website,Home & Kitchen,Blender,166.37,6,5,948.31,Crypto,Completed,4.7
ORD-004188,2026-05-08,CUST-00021,59.0,Central,Website,Toys,LEGO Set,88.48,1,20,70.78,Debit Card,Completed,1.7
ORD-004189,2025-01-04,CUST-00422,55.0,North,Marketplace,Automotive,Tire Inflator,65.01,1,0,65.01,Crypto,Completed,1.9
ORD-004190,2026-08-16,CUST-00659,20.0,West,Mobile App,Beauty,Face Serum,43.47,1,15,36.95,PayPal,Completed,1.1
ORD-004191,2026-09-04,CUST-00224,63.0,North,Mobile App,Beauty,Face Serum,57.69,2,0,115.38,Gift Card,Completed,
ORD-004192,2025-11-09,CUST-00913,67.0,West,In-Store,Electronics,Laptop Stand,102.82,1,25,77.11,PayPal,Returned,4.0
ORD-004193,2025-03-11,CUST-00402,20.0,North,Website,Clothing,Denim Jacket,53.76,3,5,153.22,Debit Card,Completed,3.3
ORD-004194,2026-03-15,CUST-00646,51.0,Central,Website,Automotive,Tire Inflator,29.16,1,0,29.16,PayPal,Completed,2.7
ORD-004195,2025-05-27,CUST-00969,25.0,North,Mobile App,Sports,Gym Bag,18.65,1,0,18.65,PayPal,Completed,1.4
ORD-004196,2025-04-15,CUST-00993,24.0,North,Website,Automotive,Tire Inflator,51.61,1,5,49.03,Crypto,Completed,4.0
ORD-004197,2025-11-01,CUST-00881,53.0,South,Marketplace,Beauty,Lip Gloss Set,24.52,3,20,58.85,Gift Card,Completed,2.0
ORD-004198,2026-02-05,CUST-00061,43.0,South,Mobile App,Toys,LEGO Set,60.48,1,20,48.38,PayPal,Completed,2.4
ORD-004199,2025-01-19,CUST-00333,,,Marketplace,Automotive,Seat Covers,56.33,1,15,47.88,Debit Card,Completed,
ORD-004200,2025-02-25,CUST-00531,31.0,North,Website,Books,Fiction Novel,15.52,2,5,29.49,Crypto,Completed,3.9
ORD-004201,2025-10-10,CUST-00004,24.0,South,Mobile App,Automotive,Car Vacuum,26.89,1,0,-26.89,Credit Card,Completed,2.0
ORD-004202,2025-05-29,CUST-00591,43.0,West,Website,Toys,LEGO Set,62.82,1,10,56.54,Gift Card,Completed,1.5
ORD-004203,2025-07-22,CUST-00406,65.0,East,Website,Toys,LEGO Set,70.55,1,5,67.02,Gift Card,Completed,3.4
ORD-004204,2025-08-28,CUST-00129,39.0,South,In-Store,Toys,LEGO Set,57.56,1,10,51.8,Crypto,Completed,
ORD-004205,2026-08-26,CUST-00764,55.0,South,Mobile App,Sports,Yoga Mat,22.62,1,5,21.49,PayPal,Returned,3.9
ORD-004206,2025-07-28,CUST-00393,31.0,Central,Mobile App,Home & Kitchen,Air Fryer,166.97,1,10,150.27,Crypto,Cancelled,3.5
ORD-004207,2026-09-15,CUST-00195,46.0,Central,In-Store,Books,Fiction Novel,14.86,2,0,29.72,Gift Card,Completed,2.2
ORD-004208,2025-02-26,CUST-00262,42.0,South,Marketplace,Toys,LEGO Set,54.51,1,5,51.78,Debit Card,Completed,4.6
ORD-004209,2025-10-01,CUST-00338,24.0,West,Website,Electronics,Bluetooth Speaker,161.1,1,0,161.1,Crypto,Completed,4.0
ORD-004210,2025-07-05,CUST-00014,39.0,South,Website,Books,Business Mindset,17.88,1,10,16.09,Gift Card,Completed,4.7
ORD-004211,2024-11-15,CUST-00675,65.0,North,Website,Home & Kitchen,Coffee Maker,85.08,1,15,72.32,Debit Card,Completed,3.0
ORD-004212,2024-12-13,CUST-00091,50.0,North,Website,Electronics,Bluetooth Speaker,227.37,1,5,216.0,Crypto,Cancelled,3.5
ORD-004213,2026-02-15,CUST-00432,58.0,East,Mobile App,Home & Kitchen,Knife Set,19.73,2,5,37.49,Gift Card,Completed,2.0
ORD-004214,2025-11-25,CUST-00019,65.0,South,Marketplace,Electronics,Laptop Stand,84.12,1,10,75.71,Gift Card,Completed,4.6
ORD-004215,2026-07-26,CUST-00618,26.0,North,Mobile App,Sports,Jump Rope,20.69,1,25,15.52,PayPal,Completed,5.0
ORD-004216,2026-03-25,CUST-00570,47.0,South,Marketplace,Toys,Board Game,43.62,2,0,87.24,PayPal,Completed,2.9
ORD-004217,2025-05-04,CUST-00540,63.0,West,Mobile App,Clothing,Winter Coat,78.49,5,0,392.45,Credit Card,Completed,
ORD-004218,2025-07-09,CUST-00327,40.0,North,Website,Books,Data Science Guide,55.03,1,0,55.03,Gift Card,Completed,4.0
ORD-004219,2025-04-29,CUST-00509,27.0,Central,Mobile App,Sports,Yoga Mat,32.18,2,0,64.36,PayPal,Completed,3.8
ORD-004220,2025-12-17,CUST-00228,21.0,Central,Marketplace,Beauty,Face Serum,75.95,1,20,60.76,Credit Card,Returned,4.3
ORD-004221,2025-03-12,CUST-00888,48.0,East,Website,Electronics,USB-C Hub,36.33,1,5,34.51,Credit Card,Completed,4.0
ORD-004222,2025-11-23,CUST-00464,35.0,South,Website,Toys,LEGO Set,96.1,2,5,182.59,Crypto,Completed,2.0
ORD-004223,2026-02-25,CUST-00445,50.0,South,Website,Clothing,Yoga Pants,41.1,1,0,41.1,PayPal,Completed,3.6
ORD-004224,2025-10-06,CUST-00559,49.0,East,Website,Home & Kitchen,Knife Set,79.43,3,5,226.38,Gift Card,Completed,2.4
ORD-004225,2026-08-04,CUST-00267,37.0,West,Website,Automotive,Dash Cam,46.62,1,5,44.29,Crypto,Completed,3.4
ORD-004226,2025-10-04,CUST-00159,56.0,East,Mobile App,Electronics,Wireless Earbuds,60.65,2,15,103.1,Gift Card,Returned,3.7
ORD-004227,2025-09-16,CUST-00827,37.0,Central,Mobile App,Toys,Remote Car,44.43,5,0,222.15,Crypto,Completed,1.5
ORD-004228,2026-06-16,CUST-00198,44.0,West,Website,Automotive,Car Phone Mount,18.49,2,0,36.98,Credit Card,Completed,4.1
ORD-004229,2025-09-03,CUST-00229,61.0,West,Mobile App,Beauty,Lip Gloss Set,32.4,1,0,32.4,Crypto,Completed,2.0
ORD-004230,2025-09-09,CUST-00650,39.0,Central,Marketplace,Sports,Yoga Mat,24.27,1,5,23.06,Gift Card,Completed,3.5
ORD-004231,2024-10-08,CUST-00174,34.0,South,Mobile App,Books,Cook Book,37.79,1,10,34.01,Gift Card,Completed,
ORD-004232,2026-06-15,CUST-00898,42.0,South,Mobile App,Sports,Jump Rope,17.98,3,5,51.24,Credit Card,Completed,3.6
ORD-004233,2024-10-13,CUST-00524,40.0,Central,Website,Home & Kitchen,Bed Sheets,31.96,1,20,25.57,Debit Card,Cancelled,1.3
ORD-004234,2025-04-16,CUST-00273,33.0,South,Website,Books,Business Mindset,25.7,2,10,46.26,Gift Card,Completed,4.6
ORD-004235,2025-02-13,CUST-00823,52.0,East,Website,Beauty,Perfume,35.31,1,15,30.01,Gift Card,Cancelled,4.3
ORD-004236,2025-03-24,CUST-00395,63.0,Central,Marketplace,Electronics,Laptop Stand,50.75,1,10,45.68,Gift Card,Completed,
ORD-004237,2026-06-30,CUST-00262,46.0,South,Mobile App,Automotive,Tire Inflator,43.96,3,20,105.5,PayPal,Completed,1.4
ORD-004238,2024-10-04,CUST-00088,49.0,East,Marketplace,Automotive,Dash Cam,102.13,1,20,81.7,Credit Card,Returned,1.3
ORD-004239,2025-08-31,CUST-00241,58.0,Central,Marketplace,Books,Cook Book,42.9,3,15,109.39,Debit Card,Completed,
ORD-004240,2025-02-18,CUST-00408,43.0,West,Mobile App,Books,Python Programming,22.7,1,15,19.29,Credit Card,Completed,3.7
ORD-004241,2025-08-21,CUST-00959,29.0,North,Mobile App,Toys,Puzzle 1000pc,36.64,1,5,34.81,Debit Card,Completed,3.5
ORD-004242,2026-09-12,CUST-00912,46.0,Central,Mobile App,Home & Kitchen,Knife Set,56.55,2,10,101.79,Credit Card,Pending,2.6
ORD-004243,2025-08-30,CUST-00472,38.0,Central,Website,Clothing,Yoga Pants,50.94,1,10,45.85,Crypto,Completed,1.8
ORD-004244,2026-01-22,CUST-00027,35.0,Central,Website,Home & Kitchen,Blender,54.41,2,25,81.61,Credit Card,Completed,2.0
ORD-004245,2026-04-15,CUST-00775,29.0,North,In-Store,Home & Kitchen,Knife Set,49.53,1,20,39.62,PayPal,Cancelled,1.7
ORD-004246,2026-08-07,CUST-00087,47.0,West,Website,Clothing,Winter Coat,99.26,1,10,89.33,Gift Card,Pending,1.1
ORD-004247,2025-09-04,CUST-00847,30.0,North,Website,Automotive,Tire Inflator,93.35,1,10,84.02,Crypto,Cancelled,2.0
ORD-004248,2025-08-10,CUST-00331,64.0,North,Marketplace,Books,Cook Book,41.58,6,0,249.48,PayPal,Completed,4.0
ORD-004249,2026-06-02,CUST-00971,55.0,East,Mobile App,Home & Kitchen,Air Fryer,64.63,2,0,129.26,Crypto,Completed,1.3
ORD-004250,2025-05-14,CUST-00483,26.0,North,Website,Beauty,Hair Dryer,74.0,1,15,62.9,Crypto,Completed,3.6
ORD-004251,2026-04-17,CUST-00921,30.0,East,Marketplace,Beauty,Hair Dryer,33.76,3,0,101.28,Debit Card,Completed,4.2
ORD-004252,2024-10-27,CUST-00823,60.0,South,Mobile App,Toys,Puzzle 1000pc,32.18,1,10,28.96,Crypto,Completed,4.3
ORD-004253,2025-04-04,CUST-00120,66.0,North,Mobile App,Sports,Water Bottle,27.4,1,10,-24.66,Debit Card,Completed,4.4
ORD-004254,2025-05-08,CUST-00841,66.0,North,Website,Books,Fiction Novel,9.34,1,0,9.34,Gift Card,Completed,4.5
ORD-004255,2026-03-19,CUST-00458,28.0,East,In-Store,Clothing,Running Shoes,71.31,1,0,71.31,PayPal,Completed,2.9
ORD-004256,2025-05-07,CUST-00492,50.0,South,Marketplace,Electronics,Bluetooth Speaker,91.43,3,0,274.29,Credit Card,Completed,
ORD-004257,2026-03-18,CUST-00775,67.0,Central,Marketplace,Home & Kitchen,Blender,69.83,1,0,69.83,Credit Card,Completed,4.1
ORD-004258,2026-02-14,CUST-00437,33.0,North,Mobile App,Beauty,Hair Dryer,33.28,3,0,99.84,Credit Card,Completed,3.1
ORD-004259,2026-06-08,CUST-00007,62.0,East,Mobile App,Electronics,Laptop Stand,65.01,1,20,52.01,PayPal,Cancelled,1.3
ORD-004260,2025-08-04,CUST-00217,24.0,South,Mobile App,Books,Python Programming,43.7,1,20,34.96,PayPal,Completed,1.4
ORD-004261,2024-11-03,CUST-00647,24.0,Central,Website,Clothing,Yoga Pants,49.79,2,5,94.6,Credit Card,Completed,3.9
ORD-004262,2026-06-06,CUST-00886,62.0,North,Website,Toys,Doll Set,55.57,1,0,55.57,PayPal,Completed,2.3
ORD-004263,2025-01-06,CUST-00588,54.0,East,Mobile App,Home & Kitchen,Air Fryer,131.06,2,15,222.8,Debit Card,Returned,
ORD-004264,2026-01-31,CUST-00110,36.0,North,Website,Electronics,Wireless Earbuds,63.74,1,10,57.37,Debit Card,Pending,3.5
ORD-004265,2025-05-16,CUST-00201,55.0,East,Marketplace,Books,Fiction Novel,11.78,1,10,10.6,Crypto,Completed,
ORD-004266,2026-08-24,CUST-00343,45.0,South,Marketplace,Toys,LEGO Set,95.94,2,5,182.29,Credit Card,Completed,4.1
ORD-004267,2025-07-18,CUST-00560,49.0,Central,Mobile App,Home & Kitchen,Knife Set,77.88,1,25,58.41,Gift Card,Completed,5.0
ORD-004268,2025-03-12,CUST-00718,63.0,East,Website,Electronics,Laptop Stand,38.12,1,10,34.31,Credit Card,Completed,1.8
ORD-004269,2025-06-01,CUST-00654,41.0,West,Marketplace,Sports,Yoga Mat,52.95,1,20,42.36,PayPal,Completed,3.3
ORD-004270,2024-11-25,CUST-00526,19.0,Central,Website,Books,Fiction Novel,12.57,2,0,25.14,Crypto,Returned,2.8
ORD-004271,2025-04-12,CUST-00853,30.0,East,Mobile App,Beauty,Moisturizer,15.52,1,10,13.97,Crypto,Completed,2.0
ORD-004272,2025-10-11,CUST-00812,67.0,Central,Mobile App,Sports,Resistance Bands,30.47,1,0,30.47,Gift Card,Completed,
ORD-004273,2026-05-26,CUST-00733,23.0,Central,Website,Beauty,Lip Gloss Set,20.56,1,0,20.56,Crypto,Completed,1.8
ORD-004274,2025-10-27,CUST-00569,34.0,West,Mobile App,Home & Kitchen,Air Fryer,122.71,1,10,110.44,PayPal,Completed,1.2
ORD-004275,2024-11-08,CUST-00999,35.0,North,Marketplace,Automotive,Car Vacuum,31.05,1,0,31.05,PayPal,Completed,
ORD-004276,2025-10-16,CUST-00104,35.0,South,Marketplace,Electronics,Laptop Stand,30.97,1,0,30.97,Crypto,Completed,1.0
ORD-004277,2025-09-05,CUST-00871,64.0,South,Mobile App,Beauty,Perfume,90.76,1,0,90.76,PayPal,Completed,
ORD-004278,2025-04-17,CUST-00255,24.0,Central,Website,Sports,Water Bottle,10.6,1,5,10.07,PayPal,Returned,2.1
ORD-004279,2024-09-26,CUST-00934,34.0,North,Mobile App,Home & Kitchen,Blender,77.02,1,0,77.02,Debit Card,Completed,
ORD-004280,2025-10-01,CUST-00099,43.0,East,Mobile App,Clothing,Polo Shirt,56.41,2,0,112.82,Debit Card,Completed,1.2
ORD-004281,2026-01-27,CUST-00079,62.0,South,Website,Beauty,Moisturizer,39.84,5,5,189.24,Crypto,Pending,3.1
ORD-004282,2025-11-13,CUST-00213,39.0,South,In-Store,Electronics,Wireless Earbuds,73.71,1,0,73.71,Credit Card,Completed,4.3
ORD-004283,2025-08-17,CUST-00192,37.0,South,Mobile App,Beauty,Lip Gloss Set,26.26,3,20,63.02,Debit Card,Completed,2.2
ORD-004284,2025-04-24,CUST-00518,30.0,North,Marketplace,Sports,Jump Rope,15.61,2,0,31.22,PayPal,Completed,2.3
ORD-004285,2025-06-18,CUST-00630,,East,Website,Electronics,Laptop Stand,65.16,1,5,61.9,Credit Card,Completed,
ORD-004286,2026-05-11,CUST-00503,23.0,South,Mobile App,Automotive,Dash Cam,44.49,1,15,37.82,Credit Card,Pending,2.5
ORD-004287,2025-01-04,CUST-00766,68.0,North,Website,Beauty,Lip Gloss Set,22.84,1,10,20.56,PayPal,Completed,2.4
ORD-004288,2025-08-27,CUST-00642,37.0,East,Website,Beauty,Moisturizer,43.02,1,0,43.02,Credit Card,Completed,
ORD-004289,2025-07-15,CUST-00659,27.0,South,Mobile App,Home & Kitchen,Knife Set,86.26,4,5,327.79,Credit Card,Completed,
ORD-004290,2025-01-06,CUST-00794,37.0,North,Mobile App,Clothing,Polo Shirt,41.65,2,5,79.13,Debit Card,Completed,
ORD-004291,2026-06-27,CUST-00251,21.0,North,Website,Beauty,Lip Gloss Set,22.89,2,0,45.78,Crypto,Completed,1.2
ORD-004292,2026-01-10,CUST-00016,23.0,North,Website,Home & Kitchen,Knife Set,61.59,1,0,61.59,Credit Card,Completed,2.2
ORD-004293,2026-05-07,CUST-00695,26.0,North,In-Store,Sports,Resistance Bands,21.55,1,5,20.47,PayPal,Completed,1.6
ORD-004294,2025-05-14,CUST-00438,57.0,North,Marketplace,Automotive,Tire Inflator,28.48,1,10,25.63,Gift Card,Completed,3.6
ORD-004295,2026-07-21,CUST-00447,68.0,East,Website,Automotive,Dash Cam,82.6,3,10,223.02,Debit Card,Completed,3.8
ORD-004296,2025-01-12,CUST-00718,20.0,West,Marketplace,Sports,Gym Bag,35.79,1,5,34.0,Debit Card,Completed,1.1
ORD-004297,2026-04-02,CUST-00290,24.0,West,Website,Automotive,Car Phone Mount,31.72,1,10,28.55,PayPal,Completed,
ORD-004298,2025-12-28,CUST-00496,64.0,North,Marketplace,Clothing,Denim Jacket,192.27,1,15,163.43,Debit Card,Completed,4.7
ORD-004299,2024-12-13,CUST-00216,22.0,Central,Website,Books,Data Science Guide,67.22,1,20,53.78,PayPal,Completed,
ORD-004300,2026-07-15,CUST-00681,49.0,West,Website,Toys,Puzzle 1000pc,34.32,1,10,30.89,PayPal,Cancelled,2.9
ORD-004301,2025-07-10,CUST-00735,49.0,Central,Website,Clothing,Running Shoes,92.7,1,10,83.43,Credit Card,Returned,
ORD-004302,2025-02-09,CUST-00202,43.0,West,Website,Automotive,Dash Cam,43.15,1,0,43.15,PayPal,Cancelled,1.0
ORD-004303,2026-08-31,CUST-00742,65.0,East,Website,Sports,Resistance Bands,16.31,1,20,13.05,Gift Card,Completed,3.8
ORD-004304,2026-02-25,CUST-00663,59.0,Central,Mobile App,Books,Cook Book,10.49,2,0,20.98,Credit Card,Completed,
ORD-004305,2025-05-05,CUST-00866,64.0,West,Mobile App,Automotive,Car Phone Mount,10.82,1,25,8.12,PayPal,Completed,
ORD-004306,2026-07-02,CUST-00175,45.0,East,Website,Automotive,Seat Covers,79.07,1,10,71.16,Debit Card,Completed,2.6
ORD-004307,2025-10-27,CUST-00805,65.0,West,Website,Electronics,Laptop Stand,46.23,1,15,39.3,Gift Card,Completed,3.1
ORD-004308,2025-04-01,CUST-00457,62.0,West,Website,Automotive,Tire Inflator,63.85,2,0,127.7,Crypto,Completed,2.2
ORD-004309,2024-12-18,CUST-00249,36.0,North,Mobile App,Home & Kitchen,Bed Sheets,133.18,1,10,119.86,Gift Card,Completed,2.3
ORD-004310,2024-12-13,CUST-00786,47.0,East,Website,Clothing,Denim Jacket,179.6,1,0,179.6,Crypto,Completed,1.1
ORD-004311,2026-09-23,CUST-00853,22.0,East,Mobile App,Electronics,USB-C Hub,61.44,1,10,55.3,PayPal,Completed,5.0
ORD-004312,2026-08-11,CUST-00107,29.0,South,Mobile App,Automotive,Dash Cam,51.43,1,20,41.14,PayPal,Completed,
ORD-004313,2025-02-18,CUST-00054,36.0,East,Website,Beauty,Lip Gloss Set,13.78,2,0,27.56,Debit Card,Completed,3.0
ORD-004314,2025-08-19,CUST-00414,26.0,East,In-Store,Beauty,Lip Gloss Set,18.02,2,20,28.83,PayPal,Completed,3.0
ORD-004315,2025-01-10,CUST-00075,28.0,North,Mobile App,Home & Kitchen,Air Fryer,60.11,1,0,60.11,Gift Card,Completed,2.5
ORD-004316,2025-08-12,CUST-00430,21.0,North,Mobile App,Electronics,Wireless Earbuds,121.42,3,10,327.83,Crypto,Pending,2.5
ORD-004317,2026-07-08,CUST-00351,18.0,West,Marketplace,Books,Data Science Guide,56.75,1,15,48.24,Gift Card,Completed,2.5
ORD-004318,2025-01-16,CUST-00398,40.0,North,Mobile App,Toys,Board Game,11.67,3,20,28.01,PayPal,Cancelled,
ORD-004319,2026-08-14,CUST-00271,20.0,North,Website,Home & Kitchen,Coffee Maker,77.63,1,10,69.87,Credit Card,Returned,3.7
ORD-004320,2024-10-02,CUST-00060,47.0,West,Website,Toys,Puzzle 1000pc,25.64,1,0,25.64,Debit Card,Completed,3.8
ORD-004321,2026-07-07,CUST-00812,23.0,South,Marketplace,Beauty,Face Serum,58.94,1,5,55.99,Crypto,Completed,2.4
ORD-004322,2024-09-24,CUST-00034,47.0,West,Marketplace,Sports,Resistance Bands,17.21,1,0,17.21,PayPal,Completed,1.2
ORD-004323,2026-01-12,CUST-00260,64.0,Central,In-Store,Automotive,Dash Cam,40.78,3,10,110.11,Gift Card,Cancelled,3.3
ORD-004324,2026-08-18,CUST-00746,48.0,West,Website,Toys,Puzzle 1000pc,38.11,1,0,38.11,Crypto,Completed,3.8
ORD-004325,2026-04-30,CUST-00529,40.0,North,Website,Automotive,Dash Cam,118.67,1,15,100.87,Credit Card,Returned,
ORD-004326,2026-09-16,CUST-00228,35.0,East,In-Store,Home & Kitchen,Blender,45.39,3,0,136.17,Debit Card,Completed,2.3
ORD-004327,2026-09-17,CUST-00248,20.0,South,Website,Sports,Gym Bag,57.09,1,5,54.24,Gift Card,Completed,2.0
ORD-004328,2025-06-17,CUST-00429,33.0,North,Website,Sports,Yoga Mat,56.68,2,15,96.36,PayPal,Completed,2.9
ORD-004329,2025-04-29,CUST-00124,20.0,East,Mobile App,Books,Fiction Novel,15.05,4,0,60.2,Credit Card,Completed,4.0
ORD-004330,2025-10-08,CUST-00153,65.0,Central,Marketplace,Sports,Jump Rope,16.54,1,0,16.54,PayPal,Completed,
ORD-004331,2025-06-22,CUST-00034,31.0,South,Mobile App,Electronics,Laptop Stand,35.91,2,5,68.23,Crypto,Completed,2.3
ORD-004332,2025-12-15,CUST-00244,69.0,West,Marketplace,Beauty,Lip Gloss Set,47.14,1,15,40.07,PayPal,Completed,2.3
ORD-004333,2026-09-22,CUST-00912,43.0,East,Marketplace,Toys,LEGO Set,44.71,2,15,76.01,Credit Card,Completed,
ORD-004334,2024-12-28,CUST-00191,49.0,West,Mobile App,Beauty,Lip Gloss Set,45.28,1,0,45.28,Credit Card,Completed,
ORD-004335,2025-02-17,CUST-00176,66.0,West,Website,Beauty,Face Serum,20.01,2,10,36.02,Gift Card,Completed,4.8
ORD-004336,2025-08-03,CUST-00947,48.0,East,Website,Home & Kitchen,Coffee Maker,135.64,1,10,122.08,PayPal,Completed,4.2
ORD-004337,2026-01-08,CUST-00497,70.0,South,Website,Toys,LEGO Set,43.22,1,5,41.06,PayPal,Cancelled,4.4
ORD-004338,2026-02-17,CUST-00574,30.0,South,Website,Books,Cook Book,17.82,2,5,33.86,PayPal,Completed,4.3
ORD-004339,2025-11-20,CUST-00116,42.0,East,Marketplace,Automotive,Car Vacuum,40.18,0,20,32.14,Gift Card,Completed,3.1
ORD-004340,2026-03-03,CUST-00379,41.0,West,Website,Electronics,Bluetooth Speaker,114.9,1,5,109.16,Credit Card,Completed,1.6
ORD-004341,2026-01-18,CUST-00834,32.0,North,Website,Electronics,Bluetooth Speaker,40.74,2,5,77.41,Credit Card,Completed,
ORD-004342,2025-08-27,CUST-00222,58.0,West,Website,Automotive,Car Phone Mount,17.95,1,10,16.16,Debit Card,Completed,
ORD-004343,2025-12-05,CUST-00638,26.0,East,Marketplace,Home & Kitchen,Bed Sheets,142.89,5,15,607.28,PayPal,Completed,2.7
ORD-004344,2024-12-12,CUST-00894,50.0,Central,Website,Books,Data Science Guide,84.44,3,15,215.32,PayPal,Completed,4.2
ORD-004345,2026-05-08,CUST-00108,19.0,West,In-Store,Clothing,Winter Coat,198.84,1,10,178.96,Gift Card,Completed,4.3
ORD-004346,2026-08-17,CUST-00404,48.0,South,Mobile App,Electronics,Laptop Stand,26.07,1,0,26.07,PayPal,Completed,1.5
ORD-004347,2025-11-18,CUST-00239,38.0,South,Mobile App,Beauty,Hair Dryer,57.75,1,5,54.86,Crypto,Completed,1.4
ORD-004348,2026-04-11,CUST-00099,46.0,West,Mobile App,Beauty,Moisturizer,18.33,1,0,18.33,Gift Card,Completed,3.3
ORD-004349,2025-01-04,CUST-00405,36.0,East,Marketplace,Sports,Water Bottle,7.43,1,15,6.32,Credit Card,Completed,1.7
ORD-004350,2025-03-03,CUST-00437,54.0,North,In-Store,Beauty,Face Serum,26.79,1,10,24.11,PayPal,Returned,1.6
ORD-004351,2025-07-24,CUST-00491,60.0,North,In-Store,Toys,Puzzle 1000pc,34.47,1,20,27.58,Credit Card,Completed,4.6
ORD-004352,2025-05-14,CUST-00122,21.0,Central,Marketplace,Electronics,USB-C Hub,24.98,1,15,21.23,Gift Card,Completed,4.7
ORD-004353,2026-03-29,CUST-00879,44.0,Central,Website,Toys,Remote Car,36.77,1,10,33.09,Credit Card,Pending,3.9
ORD-004354,2025-04-21,CUST-00595,43.0,North,In-Store,Beauty,Perfume,72.93,1,20,58.34,Gift Card,Completed,3.3
ORD-004355,2026-07-03,CUST-00314,60.0,Central,Marketplace,Electronics,Smartwatch,147.39,2,5,280.04,PayPal,Completed,1.9
ORD-004356,2025-12-13,CUST-00998,49.0,South,Website,Electronics,Laptop Stand,57.34,2,10,103.21,Credit Card,Returned,1.8
ORD-004357,2025-07-02,CUST-00280,59.0,South,Website,Automotive,Tire Inflator,87.65,1,15,74.5,Credit Card,Returned,1.5
ORD-004358,2026-03-03,CUST-00526,24.0,North,Mobile App,Clothing,Winter Coat,178.43,1,0,178.43,Gift Card,Completed,2.8
ORD-004359,2026-03-10,CUST-00606,28.0,East,Mobile App,Automotive,Seat Covers,25.25,2,10,45.45,Gift Card,Completed,1.8
ORD-004360,2026-02-17,CUST-00754,61.0,East,Website,Automotive,Car Phone Mount,6.98,2,5,13.26,Debit Card,Completed,1.8
ORD-004361,2025-01-14,CUST-00080,30.0,Central,Mobile App,Sports,Resistance Bands,8.37,1,5,7.95,Credit Card,Cancelled,4.7
ORD-004362,2025-05-19,CUST-00368,28.0,East,Marketplace,Beauty,Perfume,63.15,1,0,63.15,Debit Card,Completed,3.0
ORD-004363,2026-06-02,CUST-00558,59.0,Central,In-Store,Beauty,Perfume,39.7,1,15,33.75,Debit Card,Completed,1.5
ORD-004364,2025-06-20,CUST-00178,61.0,Central,In-Store,Sports,Water Bottle,28.86,3,10,77.92,PayPal,Completed,2.7
ORD-004365,2024-10-30,CUST-00088,37.0,West,Marketplace,Clothing,Winter Coat,212.13,1,10,190.92,PayPal,Pending,1.8
ORD-004366,2025-05-12,CUST-00206,36.0,South,In-Store,Beauty,Moisturizer,43.05,5,5,204.49,Crypto,Completed,2.9
ORD-004367,2026-08-27,CUST-00012,66.0,East,Website,Toys,LEGO Set,57.33,1,5,54.46,Debit Card,Completed,
ORD-004368,2025-07-21,CUST-00718,33.0,East,Mobile App,Books,Cook Book,29.99,1,0,29.99,Crypto,Completed,2.5
ORD-004369,2025-07-25,CUST-00835,26.0,Central,Website,Clothing,Denim Jacket,56.89,1,15,48.36,Credit Card,Completed,4.1
ORD-004370,2026-04-19,CUST-00280,66.0,North,Mobile App,Toys,Puzzle 1000pc,33.67,1,20,26.94,Debit Card,Completed,
ORD-004371,2025-01-26,CUST-00907,18.0,West,Website,Clothing,Polo Shirt,38.5,1,10,34.65,Gift Card,Completed,4.9
ORD-004372,2025-05-03,CUST-00353,43.0,South,Marketplace,Clothing,Winter Coat,197.56,1,10,177.8,Crypto,Pending,1.0
ORD-004373,2025-11-06,CUST-00555,42.0,East,Website,Clothing,Polo Shirt,26.06,1,15,22.15,Gift Card,Cancelled,
ORD-004374,2025-10-14,CUST-00839,60.0,Central,Mobile App,Automotive,Seat Covers,47.62,1,5,45.24,Gift Card,Completed,2.4
ORD-004375,2025-01-17,CUST-00694,29.0,North,Website,Electronics,Bluetooth Speaker,52.89,2,0,105.78,PayPal,Completed,4.0
ORD-004376,2025-03-01,CUST-00635,40.0,West,Mobile App,Books,Python Programming,38.34,2,0,76.68,Debit Card,Cancelled,1.8
ORD-004377,2026-08-24,CUST-00475,60.0,West,Mobile App,Beauty,Hair Dryer,68.42,1,20,54.74,Gift Card,Completed,3.8
ORD-004378,2024-09-27,CUST-00277,,,Mobile App,Home & Kitchen,Coffee Maker,66.59,5,10,299.66,Crypto,Completed,
ORD-004379,2025-10-14,CUST-00448,56.0,East,Marketplace,Clothing,Polo Shirt,56.71,1,25,42.53,PayPal,Completed,4.9
ORD-004380,2026-02-02,CUST-00582,34.0,Central,Mobile App,Sports,Water Bottle,19.36,1,5,18.39,Gift Card,Completed,
ORD-004381,2026-01-05,CUST-00588,46.0,West,Marketplace,Toys,Remote Car,46.84,1,0,46.84,Gift Card,Completed,2.1
ORD-004382,2026-03-22,CUST-00320,34.0,Central,Marketplace,Books,Fiction Novel,10.47,1,0,10.47,PayPal,Completed,
ORD-004383,2025-02-18,CUST-00399,20.0,South,Website,Sports,Yoga Mat,26.71,1,5,25.37,Debit Card,Completed,3.0
ORD-004384,2026-05-07,CUST-00763,34.0,West,Mobile App,Sports,Yoga Mat,51.91,1,5,49.31,Crypto,Pending,1.8
ORD-004385,2025-04-21,CUST-00834,69.0,South,Website,Automotive,Tire Inflator,48.13,1,15,40.91,Crypto,Returned,2.8
ORD-004386,2024-12-20,CUST-00597,36.0,North,Website,Automotive,Seat Covers,48.0,1,10,43.2,PayPal,Completed,1.4
ORD-004387,2026-07-06,CUST-00234,63.0,East,In-Store,Electronics,USB-C Hub,29.9,1,15,25.41,Crypto,Completed,2.1
ORD-004388,2026-01-17,CUST-00156,62.0,South,Website,Clothing,Polo Shirt,12.07,1,0,12.07,Debit Card,Returned,
ORD-004389,2026-01-03,CUST-00705,46.0,East,Website,Books,Fiction Novel,5.94,1,0,5.94,Credit Card,Completed,3.7
ORD-004390,2025-12-10,CUST-00380,57.0,East,Website,Home & Kitchen,Blender,133.82,2,15,227.49,Crypto,Completed,1.1
ORD-004391,2025-09-12,CUST-00321,31.0,West,In-Store,Automotive,Seat Covers,53.4,2,15,90.78,PayPal,Completed,1.9
ORD-004392,2025-11-05,CUST-00748,30.0,West,Website,Books,Fiction Novel,22.42,2,5,42.6,Gift Card,Cancelled,2.2
ORD-004393,2025-02-13,CUST-00043,65.0,North,Mobile App,Electronics,Bluetooth Speaker,33.06,2,0,66.12,Credit Card,Completed,2.0
ORD-004394,2025-04-21,CUST-00763,49.0,Central,Website,Sports,Gym Bag,18.74,1,5,17.8,PayPal,Cancelled,
ORD-004395,2026-06-29,CUST-00668,47.0,South,In-Store,Automotive,Dash Cam,62.43,2,15,106.13,Credit Card,Pending,4.7
ORD-004396,2024-10-24,CUST-01000,45.0,North,Mobile App,Clothing,Winter Coat,222.59,1,0,222.59,Gift Card,Completed,3.7
ORD-004397,2026-01-02,CUST-00541,69.0,West,Mobile App,Books,Fiction Novel,7.56,1,0,7.56,Gift Card,Completed,
ORD-004398,2026-08-02,CUST-00158,48.0,South,In-Store,Electronics,Bluetooth Speaker,127.28,1,20,101.82,Gift Card,Completed,3.3
ORD-004399,2024-10-03,CUST-00365,60.0,West,Mobile App,Electronics,Smartwatch,372.16,3,10,1004.83,PayPal,Completed,2.2
ORD-004400,2025-11-22,CUST-00358,54.0,East,In-Store,Clothing,Running Shoes,115.0,2,10,207.0,Crypto,Completed,
ORD-004401,2025-05-10,CUST-00161,32.0,South,Mobile App,Toys,Remote Car,34.53,2,0,69.06,PayPal,Pending,
ORD-004402,2026-01-14,CUST-00268,30.0,East,Website,Clothing,Polo Shirt,30.46,3,10,82.24,Credit Card,Completed,
ORD-004403,2025-01-13,CUST-00631,23.0,South,Mobile App,Beauty,Lip Gloss Set,9.42,1,20,7.54,Debit Card,Completed,4.8
ORD-004404,2026-09-02,CUST-00226,31.0,South,In-Store,Electronics,USB-C Hub,59.38,2,5,112.82,Debit Card,Completed,2.3
ORD-004405,2024-11-28,CUST-00709,53.0,East,Mobile App,Sports,Gym Bag,69.54,1,20,55.63,Crypto,Completed,1.7
ORD-004406,2026-08-06,CUST-00187,69.0,North,Website,Beauty,Hair Dryer,50.88,2,5,96.67,Credit Card,Pending,4.6
ORD-004407,2024-09-29,CUST-00870,69.0,East,Mobile App,Beauty,Perfume,54.38,1,5,51.66,Debit Card,Completed,2.5
ORD-004408,2026-05-03,CUST-00175,40.0,North,Marketplace,Automotive,Car Phone Mount,35.28,1,10,31.75,Crypto,Completed,1.2
ORD-004409,2025-05-11,CUST-00588,21.0,North,Website,Sports,Gym Bag,60.22,2,10,108.4,Debit Card,Completed,1.4
ORD-004410,2025-08-14,CUST-00057,46.0,South,In-Store,Books,Cook Book,18.07,2,15,30.72,Gift Card,Completed,4.3
ORD-004411,2024-10-17,CUST-00442,59.0,South,Mobile App,Beauty,Perfume,120.58,1,0,120.58,Credit Card,Completed,4.1
ORD-004412,2025-06-12,CUST-00163,29.0,East,Website,Books,Data Science Guide,43.97,1,15,37.37,Crypto,Completed,3.5
ORD-004413,2025-11-15,CUST-00102,58.0,South,Website,Clothing,Denim Jacket,112.55,1,5,106.92,PayPal,Completed,3.2
ORD-004414,2025-05-31,CUST-00066,55.0,Central,In-Store,Beauty,Lip Gloss Set,30.08,1,5,28.58,Gift Card,Cancelled,3.4
ORD-004415,2026-07-13,CUST-00374,63.0,South,Marketplace,Sports,Water Bottle,10.53,1,0,10.53,Crypto,Returned,4.0
ORD-004416,2025-10-31,CUST-00789,55.0,Central,Website,Home & Kitchen,Knife Set,106.6,2,20,170.56,Crypto,Cancelled,2.7
ORD-004417,2025-09-11,CUST-00005,47.0,East,Website,Beauty,Perfume,86.38,1,5,82.06,Crypto,Cancelled,1.2
ORD-004418,2026-02-20,CUST-00384,44.0,Central,Mobile App,Toys,Board Game,32.22,1,0,32.22,PayPal,Completed,4.4
ORD-004419,2024-10-17,CUST-00269,64.0,West,In-Store,Automotive,Car Phone Mount,21.24,1,0,21.24,Crypto,Completed,
ORD-004420,2025-03-30,CUST-00007,36.0,West,Website,Electronics,Laptop Stand,50.3,1,5,47.78,Debit Card,Completed,
ORD-004421,2026-05-25,CUST-00001,67.0,South,Website,Clothing,Polo Shirt,19.26,3,5,54.89,Gift Card,Completed,1.4
ORD-004422,2025-03-18,CUST-00689,49.0,East,Website,Books,Fiction Novel,6.57,1,10,5.91,Crypto,Pending,1.5
ORD-004423,2025-09-02,CUST-00909,60.0,East,Mobile App,Toys,Remote Car,37.48,3,15,95.57,PayPal,Completed,1.4
ORD-004424,2024-12-19,CUST-00283,32.0,East,Marketplace,Clothing,Denim Jacket,163.52,2,20,261.63,Gift Card,Completed,3.2
ORD-004425,2025-07-11,CUST-00585,55.0,Central,Mobile App,Books,Business Mindset,27.31,1,10,24.58,Gift Card,Completed,1.3
ORD-004426,2025-11-03,CUST-00661,38.0,Central,Marketplace,Beauty,Moisturizer,74.72,1,20,59.78,Debit Card,Completed,3.6
ORD-004427,2025-11-12,CUST-00046,67.0,North,Mobile App,Clothing,Denim Jacket,168.05,2,10,302.49,Crypto,Completed,2.8
ORD-004428,2026-03-03,CUST-00434,21.0,South,Website,Clothing,Running Shoes,37.09,1,20,29.67,Credit Card,Completed,1.4
ORD-004429,2025-07-22,CUST-00330,35.0,Central,Marketplace,Beauty,Face Serum,38.76,1,25,29.07,Credit Card,Completed,3.6
ORD-004430,2025-08-24,CUST-00503,56.0,East,Marketplace,Electronics,Wireless Earbuds,133.69,1,5,127.01,Debit Card,Completed,2.2
ORD-004431,2025-08-24,CUST-00167,58.0,North,Mobile App,Sports,Resistance Bands,12.67,1,15,10.77,PayPal,Returned,1.7
ORD-004432,2025-06-11,CUST-00477,39.0,Central,Mobile App,Toys,Board Game,25.86,1,0,25.86,PayPal,Completed,2.2
ORD-004433,2026-05-17,CUST-00379,55.0,West,Marketplace,Clothing,Winter Coat,79.37,1,0,79.37,Credit Card,Pending,4.3
ORD-004434,2025-04-01,CUST-00095,70.0,West,Mobile App,Toys,LEGO Set,84.17,1,10,75.75,Credit Card,Completed,1.4
ORD-004435,2026-04-19,CUST-00321,21.0,East,Mobile App,Sports,Gym Bag,25.71,1,15,21.85,PayPal,Completed,2.9
ORD-004436,2025-12-27,CUST-00140,34.0,West,Mobile App,Toys,Doll Set,75.38,2,0,150.76,Credit Card,Returned,3.7
ORD-004437,2024-10-21,CUST-00661,70.0,South,Mobile App,Electronics,USB-C Hub,70.75,3,20,169.8,Credit Card,Completed,1.9
ORD-004438,2024-10-07,CUST-00889,,,Website,Clothing,Denim Jacket,52.04,1,10,46.84,Gift Card,Completed,
ORD-004439,2025-09-05,CUST-00902,50.0,South,Mobile App,Automotive,Dash Cam,111.56,1,10,100.4,Crypto,Completed,3.3
ORD-004440,2026-08-19,CUST-00554,53.0,West,Marketplace,Sports,Gym Bag,54.64,2,0,109.28,Gift Card,Completed,
ORD-004441,2026-07-02,CUST-00816,33.0,West,Mobile App,Clothing,Running Shoes,52.08,1,0,52.08,Debit Card,Completed,
ORD-004442,2025-02-26,CUST-00013,44.0,West,Marketplace,Home & Kitchen,Knife Set,17.24,1,20,13.79,Credit Card,Completed,4.1
ORD-004443,2026-06-27,CUST-00833,29.0,Central,Mobile App,Books,Data Science Guide,45.59,2,5,86.62,Gift Card,Completed,
ORD-004444,2025-11-12,CUST-00056,25.0,East,Website,Electronics,Bluetooth Speaker,185.77,2,0,371.54,PayPal,Completed,4.4
ORD-004445,2026-07-05,CUST-00101,66.0,West,Marketplace,Automotive,Car Vacuum,61.76,1,15,52.5,Gift Card,Completed,
ORD-004446,2026-09-11,CUST-00349,36.0,Central,Mobile App,Electronics,Laptop Stand,74.56,1,10,67.1,Credit Card,Completed,1.7
ORD-004447,2024-10-13,CUST-00045,49.0,North,Mobile App,Home & Kitchen,Coffee Maker,69.3,1,0,69.3,Debit Card,Returned,2.0
ORD-004448,2025-01-06,CUST-00912,23.0,North,Marketplace,Sports,Resistance Bands,12.41,1,0,12.41,Crypto,Completed,4.2
ORD-004449,2025-08-31,CUST-00534,39.0,North,Website,Automotive,Dash Cam,64.53,2,20,103.25,Gift Card,Completed,1.3
ORD-004450,2024-11-25,CUST-00632,42.0,West,Mobile App,Home & Kitchen,Blender,151.14,4,10,544.1,PayPal,Completed,
ORD-004451,2025-08-04,CUST-00045,67.0,Central,Website,Automotive,Car Phone Mount,29.02,1,5,27.57,Credit Card,Returned,2.8
ORD-004452,2025-10-26,CUST-00346,64.0,South,Website,Toys,Puzzle 1000pc,21.96,1,10,19.76,Gift Card,Completed,
ORD-004453,2024-12-30,CUST-00246,70.0,East,Website,Beauty,Face Serum,92.77,3,0,278.31,Gift Card,Completed,4.9
ORD-004454,2026-08-25,CUST-00085,64.0,Central,Website,Beauty,Face Serum,55.39,1,15,47.08,Gift Card,Cancelled,2.1
ORD-004455,2026-08-22,CUST-00478,26.0,South,Mobile App,Sports,Gym Bag,41.96,3,5,119.59,Credit Card,Completed,4.3
ORD-004456,2026-07-20,CUST-00583,37.0,East,Mobile App,Clothing,Polo Shirt,55.28,1,5,52.52,PayPal,Returned,4.5
ORD-004457,2026-07-05,CUST-00497,50.0,East,Mobile App,Sports,Water Bottle,20.33,1,15,17.28,PayPal,Completed,1.5
ORD-004458,2025-07-04,CUST-00907,53.0,Central,Mobile App,Toys,Board Game,31.66,1,20,25.33,Credit Card,Completed,2.9
ORD-004459,2025-03-21,CUST-00101,32.0,South,Marketplace,Sports,Resistance Bands,9.83,1,20,7.86,Gift Card,Completed,2.0
ORD-004460,2024-11-20,CUST-00136,28.0,West,Marketplace,Books,Cook Book,37.74,2,20,60.38,PayPal,Completed,2.0
ORD-004461,2024-11-24,CUST-00694,47.0,South,Website,Beauty,Face Serum,81.89,3,20,196.54,Credit Card,Completed,1.7
ORD-004462,2025-01-22,CUST-00614,33.0,West,Website,Home & Kitchen,Air Fryer,85.57,5,20,342.28,Crypto,Completed,4.4
ORD-004463,2025-04-25,CUST-00571,18.0,Central,In-Store,Home & Kitchen,Coffee Maker,86.27,2,20,138.03,Crypto,Completed,1.6
ORD-004464,2025-10-06,CUST-00375,32.0,East,Mobile App,Beauty,Hair Dryer,43.11,3,10,116.4,Gift Card,Cancelled,4.9
ORD-004465,2025-01-15,CUST-00790,63.0,East,Marketplace,Home & Kitchen,Air Fryer,93.69,1,0,93.69,Credit Card,Completed,3.0
ORD-004466,2026-08-18,CUST-00978,53.0,Central,Mobile App,Clothing,Winter Coat,100.82,1,0,100.82,Debit Card,Completed,4.6
ORD-004467,2025-06-27,CUST-00422,30.0,East,Website,Books,Business Mindset,15.78,2,10,28.4,Gift Card,Completed,2.3
ORD-004468,2025-12-08,CUST-00465,21.0,North,Marketplace,Sports,Resistance Bands,25.0,2,10,45.0,Crypto,Completed,
ORD-004469,2026-03-20,CUST-00201,47.0,North,Marketplace,Books,Data Science Guide,23.01,1,0,23.01,Gift Card,Completed,4.9
ORD-004470,2025-05-23,CUST-00301,28.0,South,Website,Books,Python Programming,25.35,2,0,50.7,Gift Card,Completed,4.1
ORD-004471,2026-05-25,CUST-00587,28.0,North,In-Store,Sports,Water Bottle,18.87,2,0,37.74,Credit Card,Cancelled,
ORD-004472,2026-06-06,CUST-00603,50.0,West,In-Store,Beauty,Lip Gloss Set,25.49,3,10,68.82,Credit Card,Completed,1.4
ORD-004473,2025-01-27,CUST-00298,22.0,Central,Website,Home & Kitchen,Bed Sheets,52.32,3,25,117.72,Credit Card,Completed,3.5
ORD-004474,2025-07-02,CUST-00088,45.0,North,In-Store,Beauty,Moisturizer,54.31,2,10,97.76,Gift Card,Completed,2.4
ORD-004475,2024-11-20,CUST-00110,47.0,Central,Website,Toys,Board Game,63.93,2,0,127.86,PayPal,Completed,4.0
ORD-004476,2026-04-14,CUST-00130,20.0,South,Website,Automotive,Tire Inflator,29.02,2,10,52.24,Debit Card,Completed,1.4
ORD-004477,2026-09-07,CUST-00551,59.0,East,Mobile App,Electronics,Smartwatch,204.04,1,5,193.84,PayPal,Completed,4.9
ORD-004478,2024-11-03,CUST-00995,42.0,North,Marketplace,Books,Fiction Novel,16.37,2,15,27.83,Gift Card,Completed,3.0
ORD-004479,2026-01-28,CUST-00607,26.0,North,Mobile App,Books,Python Programming,33.18,1,0,33.18,Debit Card,Completed,2.9
ORD-004480,2026-07-19,CUST-00534,42.0,North,Marketplace,Beauty,Face Serum,26.88,3,10,72.58,Debit Card,Pending,1.2
ORD-004481,2024-10-12,CUST-00393,27.0,West,Mobile App,Home & Kitchen,Coffee Maker,91.17,1,5,86.61,Gift Card,Completed,2.4
ORD-004482,2024-11-27,CUST-00403,56.0,East,In-Store,Home & Kitchen,Knife Set,55.26,1,20,44.21,PayPal,Completed,1.3
ORD-004483,2026-01-26,CUST-00976,36.0,North,Website,Clothing,Yoga Pants,30.47,1,20,24.38,PayPal,Completed,4.7
ORD-004484,2026-06-30,CUST-00262,44.0,West,Mobile App,Home & Kitchen,Coffee Maker,82.92,2,25,124.38,Crypto,Completed,
ORD-004485,2025-08-20,CUST-00451,27.0,Central,Website,Automotive,Tire Inflator,35.17,1,5,33.41,PayPal,Pending,1.7
ORD-004486,2025-12-26,CUST-00801,42.0,West,Website,Sports,Resistance Bands,49.22,1,5,46.76,Debit Card,Completed,3.1
ORD-004487,2025-05-29,CUST-00966,49.0,West,Website,Sports,Resistance Bands,22.02,2,10,39.64,Debit Card,Completed,3.0
ORD-004488,2026-02-17,CUST-00357,23.0,West,Marketplace,Books,Python Programming,12.22,1,0,12.22,Debit Card,Cancelled,2.5
ORD-004489,2024-11-10,CUST-00005,68.0,North,Website,Clothing,Yoga Pants,50.7,2,0,101.4,PayPal,Completed,3.4
ORD-004490,2026-09-20,CUST-00544,50.0,Central,Website,Electronics,Bluetooth Speaker,78.69,1,10,70.82,Gift Card,Completed,2.4
ORD-004491,2025-06-14,CUST-00576,48.0,West,Website,Books,Cook Book,22.09,2,0,44.18,Gift Card,Completed,4.0
ORD-004492,2025-02-13,CUST-00166,51.0,Central,Mobile App,Sports,Resistance Bands,13.31,1,0,13.31,Credit Card,Completed,1.9
ORD-004493,2026-05-10,CUST-00600,46.0,West,Marketplace,Home & Kitchen,Bed Sheets,41.61,1,10,37.45,Gift Card,Completed,4.6
ORD-004494,2026-07-04,CUST-00239,43.0,North,Marketplace,Toys,Puzzle 1000pc,39.84,1,15,33.86,Credit Card,Completed,
ORD-004495,2025-07-22,CUST-00610,,,Website,Automotive,Car Vacuum,56.42,2,20,90.27,Credit Card,Returned,
ORD-004496,2026-01-09,CUST-00732,24.0,Central,Mobile App,Home & Kitchen,Knife Set,37.11,4,0,148.44,Debit Card,Completed,2.8
ORD-004497,2026-05-03,CUST-00638,67.0,East,Marketplace,Electronics,Wireless Earbuds,109.25,1,15,92.86,Crypto,Completed,
ORD-004498,2026-03-24,CUST-00835,22.0,South,Website,Automotive,Seat Covers,43.52,3,5,124.03,Debit Card,Completed,3.5
ORD-004499,2026-02-09,CUST-00989,36.0,North,Mobile App,Sports,Water Bottle,19.36,1,0,19.36,Crypto,Completed,4.9
ORD-004500,2024-10-05,CUST-00544,51.0,North,Website,Clothing,Running Shoes,62.6,1,5,59.47,Debit Card,Completed,4.1
ORD-004501,2025-07-02,CUST-00080,24.0,South,Marketplace,Sports,Yoga Mat,19.1,1,0,19.1,Debit Card,Pending,3.5
ORD-004502,2024-12-13,CUST-00566,44.0,West,Mobile App,Sports,Jump Rope,28.0,1,10,25.2,Debit Card,Completed,1.4
ORD-004503,2025-08-11,CUST-00317,59.0,West,In-Store,Home & Kitchen,Bed Sheets,47.43,1,0,47.43,Credit Card,Completed,3.5
ORD-004504,2024-09-30,CUST-00706,68.0,West,Website,Automotive,Tire Inflator,47.92,2,0,95.84,Gift Card,Completed,3.7
ORD-004505,2026-04-14,CUST-00009,20.0,West,Website,Toys,Puzzle 1000pc,27.9,1,0,27.9,Gift Card,Cancelled,4.2
ORD-004506,2025-09-16,CUST-00007,31.0,South,Marketplace,Electronics,USB-C Hub,21.96,2,0,43.92,Debit Card,Completed,2.6
ORD-004507,2025-11-30,CUST-00125,68.0,North,Marketplace,Electronics,Laptop Stand,39.35,2,15,66.89,Gift Card,Cancelled,3.3
ORD-004508,2025-02-17,CUST-00938,25.0,West,Mobile App,Sports,Gym Bag,16.64,1,15,14.14,Gift Card,Cancelled,1.2
ORD-004509,2025-01-03,CUST-00823,54.0,West,Website,Sports,Gym Bag,24.67,2,0,49.34,Debit Card,Completed,2.5
ORD-004510,2025-10-21,CUST-00940,46.0,Central,In-Store,Toys,Board Game,50.51,1,20,40.41,Gift Card,Completed,
ORD-004511,2024-12-17,CUST-00021,38.0,South,Marketplace,Home & Kitchen,Air Fryer,110.09,1,20,88.07,PayPal,Returned,3.4
ORD-004512,2026-01-04,CUST-00946,38.0,South,In-Store,Beauty,Face Serum,54.83,3,15,139.82,Credit Card,Returned,4.2
ORD-004513,2026-01-18,CUST-00971,34.0,East,Mobile App,Sports,Gym Bag,15.76,1,10,14.18,PayPal,Completed,2.2
ORD-004514,2025-10-21,CUST-00184,25.0,South,Website,Home & Kitchen,Bed Sheets,42.89,1,25,32.17,Crypto,Completed,2.8
ORD-004515,2026-06-06,CUST-00093,51.0,South,Mobile App,Books,Data Science Guide,18.09,1,0,18.09,Debit Card,Completed,
ORD-004516,2024-10-12,CUST-00837,53.0,West,Website,Toys,Puzzle 1000pc,26.3,1,15,22.36,Gift Card,Cancelled,4.0
ORD-004517,2025-11-06,CUST-00045,43.0,East,Mobile App,Electronics,USB-C Hub,85.28,1,10,76.75,Debit Card,Completed,2.5
ORD-004518,2025-10-25,CUST-00648,57.0,South,In-Store,Automotive,Tire Inflator,46.45,2,5,88.25,Gift Card,Returned,2.2
ORD-004519,2024-12-10,CUST-00126,38.0,West,Website,Clothing,Running Shoes,96.9,2,15,164.73,Gift Card,Completed,4.3
ORD-004520,2026-06-28,CUST-00473,50.0,North,Website,Sports,Water Bottle,32.55,1,5,30.92,Crypto,Completed,1.7
ORD-004521,2026-05-02,CUST-00789,38.0,South,Website,Books,Data Science Guide,33.55,1,15,28.52,Debit Card,Returned,2.7
ORD-004522,2026-06-18,CUST-00882,35.0,East,Marketplace,Sports,Gym Bag,51.58,3,0,154.74,PayPal,Pending,2.4
ORD-004523,2025-08-30,CUST-00029,54.0,South,Mobile App,Electronics,Smartwatch,366.67,2,0,733.34,PayPal,Completed,4.0
ORD-004524,2024-10-27,CUST-00567,39.0,South,In-Store,Sports,Water Bottle,35.5,5,0,177.5,Debit Card,Completed,4.2
ORD-004525,2026-02-21,CUST-00829,41.0,South,In-Store,Books,Data Science Guide,20.1,3,5,57.29,Gift Card,Completed,2.7
ORD-004526,2025-01-17,CUST-00153,30.0,North,In-Store,Automotive,Seat Covers,31.3,3,20,75.12,Debit Card,Returned,1.0
ORD-004527,2026-09-07,CUST-00627,37.0,North,In-Store,Books,Cook Book,32.11,1,0,32.11,Crypto,Completed,
ORD-004528,2025-11-23,CUST-00791,57.0,Central,Website,Clothing,Running Shoes,148.24,2,5,281.66,Crypto,Returned,2.4
ORD-004529,2025-09-11,CUST-00559,30.0,West,Marketplace,Sports,Resistance Bands,25.14,1,0,25.14,Crypto,Completed,1.3
ORD-004530,2025-10-15,CUST-00840,59.0,Central,Marketplace,Automotive,Seat Covers,29.12,1,20,23.3,Debit Card,Completed,1.3
ORD-004531,2025-10-05,CUST-00272,18.0,East,Website,Clothing,Running Shoes,46.68,1,10,42.01,Credit Card,Completed,1.6
ORD-004532,2024-12-05,CUST-00458,30.0,West,Mobile App,Toys,Board Game,49.41,2,0,98.82,Gift Card,Completed,1.7
ORD-004533,2026-09-04,CUST-00232,39.0,North,Website,Home & Kitchen,Bed Sheets,73.76,2,5,140.14,Debit Card,Completed,
ORD-004534,2026-09-13,CUST-00882,45.0,West,In-Store,Books,Fiction Novel,15.72,1,20,12.58,PayPal,Completed,4.9
ORD-004535,2026-01-19,CUST-00386,64.0,East,Marketplace,Sports,Resistance Bands,19.43,2,0,38.86,Credit Card,Completed,3.9
ORD-004536,2025-12-03,CUST-00138,36.0,Central,Marketplace,Clothing,Polo Shirt,59.8,1,15,50.83,PayPal,Cancelled,2.4
ORD-004537,2024-11-09,CUST-00300,70.0,West,Marketplace,Automotive,Seat Covers,53.3,1,15,45.3,Debit Card,Returned,2.9
ORD-004538,2025-10-04,CUST-00935,39.0,Central,Mobile App,Home & Kitchen,Knife Set,51.37,1,10,46.23,Gift Card,Completed,4.2
ORD-004539,2026-02-27,CUST-00287,25.0,South,Website,Beauty,Perfume,21.04,1,10,18.94,Credit Card,Completed,3.4
ORD-004540,2025-05-19,CUST-00287,42.0,East,Website,Clothing,Polo Shirt,31.54,2,5,59.93,Credit Card,Completed,3.5
ORD-004541,2026-07-01,CUST-00181,18.0,South,Website,Toys,Remote Car,82.52,1,5,78.39,PayPal,Returned,3.9
ORD-004542,2026-06-18,CUST-00965,47.0,South,Mobile App,Electronics,Smartwatch,295.31,5,15,1255.07,Debit Card,Cancelled,3.8
ORD-004543,2025-03-22,CUST-00162,24.0,East,Website,Automotive,Dash Cam,41.28,1,15,35.09,Crypto,Returned,
ORD-004544,2026-05-30,CUST-00244,58.0,South,Website,Clothing,Running Shoes,68.03,1,0,68.03,Debit Card,Completed,4.3
ORD-004545,2025-11-04,CUST-00594,22.0,East,Website,Home & Kitchen,Air Fryer,139.32,2,5,264.71,Gift Card,Completed,1.3
ORD-004546,2024-12-20,CUST-00221,21.0,East,Marketplace,Books,Business Mindset,61.8,2,20,98.88,Gift Card,Completed,
ORD-004547,2025-10-19,CUST-00179,61.0,East,Mobile App,Beauty,Perfume,86.31,1,15,73.36,Crypto,Completed,2.1
ORD-004548,2025-07-17,CUST-00001,48.0,Central,Mobile App,Books,Python Programming,31.57,1,15,26.83,Gift Card,Completed,3.9
ORD-004549,2024-12-22,CUST-00339,55.0,North,Website,Sports,Resistance Bands,48.0,2,5,91.2,Crypto,Completed,1.2
ORD-004550,2025-02-15,CUST-00631,65.0,Central,Website,Automotive,Seat Covers,17.78,1,5,16.89,Debit Card,Pending,4.9
ORD-004551,2025-12-07,CUST-00299,23.0,North,Mobile App,Toys,Doll Set,53.59,3,20,128.62,Gift Card,Completed,
ORD-004552,2024-10-16,CUST-00555,51.0,East,Website,Clothing,Yoga Pants,48.48,2,10,87.26,Credit Card,Completed,1.5
ORD-004553,2024-11-12,CUST-00011,25.0,South,Marketplace,Electronics,USB-C Hub,72.58,2,10,130.64,Crypto,Completed,2.5
ORD-004554,2026-01-03,CUST-00438,46.0,East,Website,Beauty,Moisturizer,15.06,1,10,13.55,Debit Card,Completed,
ORD-004555,2026-07-21,CUST-00664,19.0,East,Mobile App,Books,Fiction Novel,17.6,1,5,16.72,PayPal,Pending,4.5
ORD-004556,2025-02-03,CUST-00835,36.0,West,Marketplace,Electronics,USB-C Hub,33.99,1,15,28.89,Crypto,Cancelled,
ORD-004557,2026-09-06,CUST-00100,33.0,West,Website,Toys,Board Game,47.23,0,10,42.51,Debit Card,Cancelled,4.1
ORD-004558,2026-08-31,CUST-00362,21.0,West,Mobile App,Toys,Remote Car,22.39,2,5,42.54,Crypto,Completed,
ORD-004559,2024-10-27,CUST-00391,41.0,West,Mobile App,Home & Kitchen,Knife Set,24.04,1,15,20.43,Crypto,Completed,1.1
ORD-004560,2024-12-23,CUST-00526,66.0,Central,Mobile App,Home & Kitchen,Bed Sheets,48.52,2,0,97.04,PayPal,Returned,1.5
ORD-004561,2026-04-27,CUST-00727,54.0,East,Website,Sports,Jump Rope,7.71,1,0,7.71,PayPal,Completed,2.0
ORD-004562,2026-01-21,CUST-00326,22.0,Central,Marketplace,Toys,Doll Set,21.93,4,15,74.56,Crypto,Completed,
ORD-004563,2025-02-15,CUST-00397,58.0,South,Mobile App,Home & Kitchen,Air Fryer,121.05,1,5,115.0,Gift Card,Completed,3.7
ORD-004564,2026-02-06,CUST-00607,57.0,Central,Marketplace,Home & Kitchen,Bed Sheets,19.68,1,0,19.68,Gift Card,Returned,
ORD-004565,2026-06-18,CUST-00003,18.0,North,Marketplace,Automotive,Car Vacuum,26.43,2,5,50.22,Credit Card,Completed,2.7
ORD-004566,2026-06-09,CUST-00730,26.0,West,Mobile App,Clothing,Winter Coat,85.44,1,10,76.9,PayPal,Completed,
ORD-004567,2025-02-12,CUST-00703,43.0,Central,Mobile App,Sports,Gym Bag,38.44,2,5,73.04,Debit Card,Completed,4.9
ORD-004568,2025-10-02,CUST-00971,36.0,West,Website,Toys,Board Game,51.42,1,0,51.42,Debit Card,Completed,4.2
ORD-004569,2025-06-04,CUST-00995,57.0,West,Mobile App,Books,Python Programming,23.38,3,0,70.14,Crypto,Returned,2.4
ORD-004570,2026-05-26,CUST-00096,39.0,Central,Marketplace,Books,Cook Book,24.4,1,5,23.18,PayPal,Completed,3.5
ORD-004571,2025-07-08,CUST-00174,52.0,West,Website,Clothing,Polo Shirt,25.89,1,0,25.89,PayPal,Completed,2.7
ORD-004572,2025-02-17,CUST-00342,55.0,North,Website,Clothing,Denim Jacket,45.12,1,0,45.12,PayPal,Completed,2.2
ORD-004573,2025-06-27,CUST-00662,50.0,East,Mobile App,Toys,Doll Set,38.73,2,5,73.59,PayPal,Completed,1.6
ORD-004574,2025-04-09,CUST-00182,48.0,North,Marketplace,Automotive,Dash Cam,91.48,1,10,82.33,PayPal,Cancelled,4.8
ORD-004575,2026-09-20,CUST-00224,52.0,North,Website,Sports,Yoga Mat,52.72,1,5,50.08,Debit Card,Completed,2.5
ORD-004576,2025-02-27,CUST-00942,49.0,West,Mobile App,Toys,Board Game,27.78,1,10,25.0,Debit Card,Completed,2.2
ORD-004577,2025-09-06,CUST-00763,33.0,South,Mobile App,Clothing,Denim Jacket,67.61,1,0,67.61,Gift Card,Returned,4.1
ORD-004578,2026-04-28,CUST-00470,44.0,South,Mobile App,Sports,Yoga Mat,13.73,4,5,52.17,Gift Card,Pending,
ORD-004579,2025-09-16,CUST-00647,61.0,North,Marketplace,Home & Kitchen,Air Fryer,173.6,1,15,147.56,Gift Card,Completed,2.8
ORD-004580,2025-04-11,CUST-00035,67.0,Central,Website,Automotive,Tire Inflator,40.73,2,15,69.24,Gift Card,Completed,
ORD-004581,2026-05-16,CUST-00924,66.0,North,Website,Clothing,Winter Coat,100.46,1,15,85.39,PayPal,Completed,2.3
ORD-004582,2025-08-03,CUST-00904,60.0,West,Website,Home & Kitchen,Bed Sheets,72.84,1,0,72.84,Debit Card,Returned,1.8
ORD-004583,2024-12-29,CUST-00447,49.0,East,Website,Electronics,USB-C Hub,63.79,1,0,63.79,Gift Card,Cancelled,4.2
ORD-004584,2025-12-25,CUST-00359,55.0,Central,Mobile App,Automotive,Car Vacuum,75.93,2,25,113.9,Crypto,Completed,2.9
ORD-004585,2025-11-26,CUST-00089,57.0,West,In-Store,Automotive,Car Phone Mount,16.86,1,20,13.49,Gift Card,Returned,3.6
ORD-004586,2024-10-14,CUST-00182,52.0,South,Mobile App,Electronics,USB-C Hub,54.39,3,20,130.54,Gift Card,Returned,
ORD-004587,2025-05-22,CUST-00986,51.0,West,Website,Books,Data Science Guide,41.57,3,10,112.24,Crypto,Completed,3.4
ORD-004588,2025-06-25,CUST-00965,38.0,West,In-Store,Sports,Resistance Bands,10.53,2,0,21.06,PayPal,Completed,1.2
ORD-004589,2026-09-04,CUST-00173,69.0,North,Marketplace,Home & Kitchen,Knife Set,26.13,1,0,26.13,Crypto,Completed,
ORD-004590,2025-09-30,CUST-00290,,,Website,Books,Data Science Guide,28.96,1,15,24.62,Crypto,Completed,
ORD-004591,2025-01-06,CUST-00806,51.0,Central,Website,Toys,LEGO Set,69.68,1,10,62.71,Gift Card,Completed,2.3
ORD-004592,2024-12-30,CUST-00712,58.0,Central,Mobile App,Toys,Doll Set,62.21,1,0,62.21,Crypto,Completed,
ORD-004593,2026-05-09,CUST-00769,65.0,North,In-Store,Books,Business Mindset,18.36,2,5,34.88,Debit Card,Pending,
ORD-004594,2026-05-17,CUST-00312,22.0,Central,Marketplace,Books,Fiction Novel,16.79,1,10,15.11,Gift Card,Cancelled,2.5
ORD-004595,2025-06-15,CUST-00591,46.0,North,Website,Home & Kitchen,Air Fryer,64.46,0,15,54.79,Credit Card,Cancelled,4.9
ORD-004596,2024-10-20,CUST-00906,27.0,South,Marketplace,Electronics,Smartwatch,242.37,1,0,242.37,Debit Card,Completed,4.3
ORD-004597,2026-09-15,CUST-00127,66.0,Central,Mobile App,Sports,Yoga Mat,26.75,1,10,24.07,Crypto,Cancelled,4.4
ORD-004598,2026-01-12,CUST-00835,24.0,East,Marketplace,Automotive,Tire Inflator,50.67,3,20,121.61,Gift Card,Completed,
ORD-004599,2026-08-04,CUST-00786,19.0,South,Website,Automotive,Dash Cam,94.53,2,0,189.06,PayPal,Cancelled,4.1
ORD-004600,2026-07-09,CUST-00148,44.0,East,Mobile App,Automotive,Car Vacuum,43.15,3,0,129.45,PayPal,Completed,3.5
ORD-004601,2025-05-08,CUST-00493,52.0,North,Website,Beauty,Face Serum,50.96,1,5,48.41,Crypto,Completed,4.7
ORD-004602,2025-01-22,CUST-00946,47.0,South,Mobile App,Toys,Doll Set,26.94,2,15,45.8,PayPal,Completed,1.4
ORD-004603,2025-12-12,CUST-00991,48.0,South,Marketplace,Clothing,Denim Jacket,80.95,4,10,291.42,Gift Card,Returned,3.9
ORD-004604,2026-06-30,CUST-00176,29.0,West,Mobile App,Electronics,USB-C Hub,51.85,3,0,155.55,Crypto,Completed,2.2
ORD-004605,2026-08-31,CUST-00201,66.0,North,Mobile App,Automotive,Car Vacuum,69.52,1,0,69.52,Credit Card,Completed,3.0
ORD-004606,2026-07-22,CUST-00434,66.0,East,Marketplace,Electronics,USB-C Hub,72.85,1,25,54.64,PayPal,Completed,
ORD-004607,2026-01-04,CUST-00312,29.0,Central,Mobile App,Toys,Doll Set,33.84,1,15,28.76,Crypto,Completed,1.8
ORD-004608,2025-08-27,CUST-00388,61.0,Central,Marketplace,Electronics,Smartwatch,315.51,2,0,631.02,Crypto,Completed,
ORD-004609,2025-05-04,CUST-00756,38.0,West,Mobile App,Books,Cook Book,22.84,2,25,34.26,PayPal,Completed,4.6
ORD-004610,2025-07-11,CUST-00977,26.0,West,Website,Books,Python Programming,37.06,1,0,37.06,Credit Card,Cancelled,
ORD-004611,2025-04-07,CUST-00020,69.0,East,Website,Home & Kitchen,Coffee Maker,60.79,1,5,57.75,Debit Card,Completed,2.0
ORD-004612,2025-10-28,CUST-00323,60.0,East,In-Store,Beauty,Face Serum,59.75,1,15,50.79,Crypto,Completed,3.3
ORD-004613,2025-08-06,CUST-00260,50.0,West,Mobile App,Toys,Puzzle 1000pc,16.96,3,15,43.25,Credit Card,Completed,4.2
ORD-004614,2025-05-23,CUST-00148,47.0,East,Website,Electronics,USB-C Hub,61.28,1,0,61.28,Gift Card,Completed,1.5
ORD-004615,2025-04-18,CUST-00490,50.0,Central,Website,Books,Fiction Novel,15.51,1,5,14.73,Debit Card,Completed,1.8
ORD-004616,2026-03-27,CUST-00568,50.0,Central,Website,Books,Data Science Guide,30.0,1,15,25.5,Crypto,Completed,1.6
ORD-004617,2025-11-06,CUST-00445,20.0,Central,Website,Clothing,Polo Shirt,31.81,3,20,76.34,Crypto,Completed,2.0
ORD-004618,2025-03-06,CUST-00242,55.0,West,Mobile App,Automotive,Car Vacuum,49.35,1,10,44.41,Crypto,Completed,1.5
ORD-004619,2026-02-04,CUST-00937,67.0,Central,Mobile App,Electronics,USB-C Hub,43.61,1,0,43.61,Debit Card,Cancelled,1.7
ORD-004620,2026-08-15,CUST-00737,21.0,South,Mobile App,Beauty,Face Serum,52.47,1,5,49.85,Crypto,Completed,
ORD-004621,2025-10-06,CUST-00455,22.0,Central,Marketplace,Automotive,Tire Inflator,66.91,1,15,56.87,Crypto,Completed,3.4
ORD-004622,2025-10-21,CUST-00449,31.0,East,In-Store,Clothing,Winter Coat,96.49,4,10,347.36,Gift Card,Pending,3.3
ORD-004623,2025-11-12,CUST-00044,63.0,West,Website,Electronics,Laptop Stand,47.91,1,5,45.51,PayPal,Completed,
ORD-004624,2025-07-24,CUST-00710,56.0,West,Mobile App,Books,Data Science Guide,24.78,2,25,37.17,Crypto,Completed,2.1
ORD-004625,2024-11-26,CUST-00403,48.0,North,Website,Clothing,Winter Coat,222.57,2,5,422.88,Gift Card,Completed,4.8
ORD-004626,2024-11-16,CUST-00614,20.0,Central,Website,Home & Kitchen,Knife Set,74.58,3,15,190.18,Debit Card,Returned,3.1
ORD-004627,2026-05-18,CUST-00724,68.0,East,Marketplace,Electronics,USB-C Hub,24.29,1,20,19.43,Gift Card,Completed,3.1
ORD-004628,2026-07-12,CUST-00935,69.0,Central,Mobile App,Electronics,Wireless Earbuds,112.24,1,15,95.4,Gift Card,Completed,2.1
ORD-004629,2025-07-27,CUST-00274,56.0,Central,Website,Beauty,Face Serum,79.58,3,0,238.74,Gift Card,Completed,2.4
ORD-004630,2025-06-03,CUST-00975,63.0,East,Website,Automotive,Seat Covers,42.76,2,15,72.69,Crypto,Returned,2.6
ORD-004631,2026-06-27,CUST-00620,42.0,West,Mobile App,Electronics,USB-C Hub,44.97,1,20,35.98,Debit Card,Completed,2.2
ORD-004632,2025-12-22,CUST-00035,48.0,North,Website,Clothing,Yoga Pants,114.75,1,0,114.75,Credit Card,Completed,4.0
ORD-004633,2026-05-22,CUST-00448,40.0,Central,Website,Toys,Doll Set,36.1,2,20,57.76,Gift Card,Completed,1.4
ORD-004634,2026-03-10,CUST-00011,66.0,North,In-Store,Books,Fiction Novel,11.53,2,10,20.75,Gift Card,Cancelled,
ORD-004635,2026-07-26,CUST-00026,40.0,West,Mobile App,Electronics,USB-C Hub,38.96,1,0,38.96,Gift Card,Completed,2.5
ORD-004636,2025-04-09,CUST-00148,26.0,East,Website,Books,Fiction Novel,19.71,1,0,19.71,PayPal,Pending,1.8
ORD-004637,2025-02-27,CUST-00630,41.0,East,Website,Clothing,Yoga Pants,40.4,2,10,72.72,Credit Card,Completed,3.3
ORD-004638,2025-04-12,CUST-00214,20.0,North,Website,Clothing,Polo Shirt,28.13,1,10,25.32,Credit Card,Completed,3.3
ORD-004639,2024-12-06,CUST-00783,44.0,West,Mobile App,Automotive,Car Phone Mount,32.76,1,10,29.48,Credit Card,Completed,4.3
ORD-004640,2025-01-31,CUST-00497,70.0,East,Website,Clothing,Running Shoes,73.24,1,10,65.92,Gift Card,Completed,
ORD-004641,2025-04-29,CUST-00616,,,Marketplace,Books,Python Programming,33.18,2,10,59.72,Debit Card,Completed,
ORD-004642,2026-08-27,CUST-00241,27.0,North,Marketplace,Toys,Remote Car,50.32,1,25,37.74,Debit Card,Completed,
ORD-004643,2026-06-03,CUST-00886,44.0,North,Mobile App,Clothing,Winter Coat,141.06,1,5,134.01,Debit Card,Completed,1.6
ORD-004644,2024-12-03,CUST-00763,35.0,Central,Mobile App,Electronics,Laptop Stand,101.75,3,10,274.73,PayPal,Completed,1.3
ORD-004645,2026-01-13,CUST-00967,49.0,West,Website,Sports,Yoga Mat,29.22,2,0,58.44,PayPal,Completed,1.7
ORD-004646,2024-10-10,CUST-00543,64.0,West,Website,Electronics,Laptop Stand,42.84,4,5,162.79,Crypto,Completed,4.4
ORD-004647,2025-06-06,CUST-00665,26.0,East,Website,Electronics,Laptop Stand,46.59,1,0,46.59,Crypto,Cancelled,4.4
ORD-004648,2025-12-24,CUST-00384,40.0,West,Mobile App,Books,Business Mindset,21.56,1,5,20.48,Credit Card,Returned,1.1
ORD-004649,2026-08-15,CUST-00713,48.0,West,Mobile App,Electronics,Bluetooth Speaker,133.05,1,10,119.75,Crypto,Completed,4.3
ORD-004650,2025-02-27,CUST-00500,30.0,East,Website,Books,Fiction Novel,6.26,1,10,5.63,Debit Card,Cancelled,1.2
ORD-004651,2024-11-29,CUST-00795,25.0,Central,Marketplace,Beauty,Moisturizer,24.33,1,15,20.68,Crypto,Returned,
ORD-004652,2025-10-12,CUST-00279,23.0,West,Website,Electronics,Smartwatch,259.24,2,20,414.78,PayPal,Completed,1.9
ORD-004653,2024-10-26,CUST-00134,53.0,West,Mobile App,Clothing,Running Shoes,115.58,1,10,104.02,Debit Card,Completed,5.0
ORD-004654,2024-12-13,CUST-00008,28.0,Central,In-Store,Clothing,Denim Jacket,200.98,2,15,341.67,Gift Card,Completed,2.5
ORD-004655,2024-12-03,CUST-00014,46.0,South,Website,Books,Cook Book,48.89,2,15,83.11,Debit Card,Returned,1.7
ORD-004656,2026-05-02,CUST-00414,53.0,Central,Website,Sports,Resistance Bands,30.68,6,5,174.88,Gift Card,Completed,2.3
ORD-004657,2025-08-04,CUST-00570,21.0,Central,Mobile App,Electronics,Wireless Earbuds,53.96,1,5,51.26,Debit Card,Completed,4.3
ORD-004658,2025-01-22,CUST-00705,48.0,East,Mobile App,Clothing,Yoga Pants,26.93,1,10,24.24,Credit Card,Completed,
ORD-004659,2024-10-19,CUST-00281,69.0,Central,In-Store,Automotive,Car Vacuum,75.16,1,15,63.89,Credit Card,Returned,4.9
ORD-004660,2025-01-11,CUST-00806,56.0,North,In-Store,Clothing,Yoga Pants,40.94,1,15,34.8,PayPal,Completed,
ORD-004661,2025-10-20,CUST-00004,52.0,West,In-Store,Beauty,Perfume,43.94,4,0,175.76,Crypto,Returned,2.6
ORD-004662,2025-01-13,CUST-00341,45.0,South,Marketplace,Beauty,Perfume,74.97,1,5,71.22,Crypto,Completed,3.0
ORD-004663,2026-03-06,CUST-00614,32.0,North,Website,Beauty,Hair Dryer,57.24,1,5,54.38,Debit Card,Completed,4.2
ORD-004664,2024-09-26,CUST-00996,59.0,East,Mobile App,Clothing,Polo Shirt,21.99,1,5,20.89,PayPal,Completed,
ORD-004665,2025-09-07,CUST-00562,41.0,Central,Website,Toys,LEGO Set,45.98,2,20,73.57,Debit Card,Completed,1.2
ORD-004666,2024-09-30,CUST-00646,24.0,South,Website,Books,Data Science Guide,20.15,1,5,19.14,Debit Card,Completed,
ORD-004667,2025-11-20,CUST-00487,28.0,South,Website,Automotive,Car Phone Mount,19.39,1,10,17.45,Crypto,Pending,1.8
ORD-004668,2025-02-25,CUST-00766,53.0,North,Mobile App,Home & Kitchen,Coffee Maker,79.55,4,20,254.56,Crypto,Completed,4.5
ORD-004669,2026-05-15,CUST-00683,58.0,Central,In-Store,Home & Kitchen,Coffee Maker,64.39,0,10,57.95,PayPal,Completed,
ORD-004670,2025-10-04,CUST-00315,44.0,West,Website,Beauty,Lip Gloss Set,19.37,1,10,17.43,Crypto,Completed,3.3
ORD-004671,2025-10-29,CUST-00497,36.0,Central,Mobile App,Clothing,Polo Shirt,33.69,2,5,64.01,Credit Card,Completed,2.0
ORD-004672,2025-06-13,CUST-00039,26.0,Central,Website,Sports,Resistance Bands,19.86,1,0,19.86,PayPal,Completed,4.8
ORD-004673,2026-09-08,CUST-00982,45.0,West,Website,Sports,Yoga Mat,30.03,2,0,60.06,Gift Card,Completed,
ORD-004674,2026-07-02,CUST-00684,49.0,West,Website,Clothing,Polo Shirt,18.02,1,15,15.32,Credit Card,Completed,5.0
ORD-004675,2025-06-05,CUST-00391,61.0,Central,Website,Beauty,Moisturizer,15.9,2,15,27.03,Crypto,Pending,
ORD-004676,2024-11-30,CUST-00193,35.0,West,Mobile App,Sports,Yoga Mat,40.02,1,5,38.02,Gift Card,Completed,1.4
ORD-004677,2026-04-28,CUST-00006,37.0,West,Website,Clothing,Polo Shirt,32.14,2,0,64.28,PayPal,Completed,
ORD-004678,2025-10-01,CUST-00287,31.0,Central,Marketplace,Beauty,Face Serum,42.57,3,5,121.32,PayPal,Completed,3.2
ORD-004679,2026-03-30,CUST-00180,33.0,Central,Website,Toys,Doll Set,15.76,2,20,25.22,Credit Card,Returned,3.1
ORD-004680,2026-06-15,CUST-00144,56.0,West,Marketplace,Clothing,Polo Shirt,52.25,1,5,49.64,Debit Card,Completed,
ORD-004681,2025-11-04,CUST-00741,18.0,West,Website,Electronics,USB-C Hub,86.32,1,15,73.37,PayPal,Completed,
ORD-004682,2025-12-30,CUST-00128,21.0,Central,Mobile App,Toys,LEGO Set,71.41,1,15,60.7,Gift Card,Completed,1.9
ORD-004683,2025-04-22,CUST-00245,45.0,South,Marketplace,Electronics,Smartwatch,209.86,3,15,535.14,Crypto,Completed,3.0
ORD-004684,2024-10-24,CUST-00939,31.0,West,Marketplace,Beauty,Face Serum,39.27,1,0,39.27,PayPal,Completed,1.9
ORD-004685,2026-07-07,CUST-00673,31.0,East,Website,Beauty,Moisturizer,23.51,1,15,19.98,Debit Card,Completed,4.0
ORD-004686,2026-03-05,CUST-00099,44.0,South,Mobile App,Automotive,Dash Cam,99.66,2,15,169.42,PayPal,Returned,2.2
ORD-004687,2025-08-28,CUST-00625,38.0,Central,Mobile App,Electronics,USB-C Hub,61.2,1,15,52.02,Crypto,Completed,1.0
ORD-004688,2025-03-22,CUST-00939,45.0,West,Website,Clothing,Yoga Pants,46.19,1,0,46.19,Credit Card,Completed,3.8
ORD-004689,2026-02-15,CUST-00657,44.0,South,Mobile App,Beauty,Lip Gloss Set,11.55,1,0,11.55,PayPal,Cancelled,1.2
ORD-004690,2026-07-17,CUST-00188,57.0,South,Website,Home & Kitchen,Blender,103.91,1,10,93.52,PayPal,Completed,3.4
ORD-004691,2026-09-06,CUST-00587,48.0,East,Website,Books,Fiction Novel,18.04,1,5,17.14,Gift Card,Completed,1.3
ORD-004692,2025-03-24,CUST-00638,50.0,West,Mobile App,Sports,Jump Rope,7.86,1,10,7.07,Crypto,Completed,
ORD-004693,2026-06-19,CUST-00503,18.0,West,Mobile App,Beauty,Lip Gloss Set,15.05,2,0,30.1,Crypto,Completed,
ORD-004694,2025-06-09,CUST-00230,22.0,Central,Mobile App,Clothing,Denim Jacket,55.85,2,0,111.7,Debit Card,Completed,2.0
ORD-004695,2025-07-22,CUST-00812,51.0,East,Website,Sports,Water Bottle,29.3,1,0,29.3,PayPal,Completed,3.3
ORD-004696,2025-07-04,CUST-00206,57.0,Central,Mobile App,Books,Fiction Novel,15.99,1,10,14.39,PayPal,Completed,1.9
ORD-004697,2025-04-02,CUST-00348,68.0,South,In-Store,Books,Business Mindset,26.6,2,20,42.56,PayPal,Completed,4.9
ORD-004698,2025-08-10,CUST-00806,27.0,West,In-Store,Toys,Puzzle 1000pc,38.48,3,0,115.44,Gift Card,Completed,3.9
ORD-004699,2026-04-23,CUST-00799,22.0,East,Mobile App,Sports,Jump Rope,5.55,1,5,5.27,Credit Card,Completed,
ORD-004700,2024-11-21,CUST-00912,24.0,North,Marketplace,Electronics,Smartwatch,448.21,1,0,448.21,Debit Card,Completed,1.4
ORD-004701,2025-11-03,CUST-00157,,,Website,Toys,Doll Set,54.68,1,0,54.68,PayPal,Completed,
ORD-004702,2025-04-01,CUST-00131,20.0,North,Website,Books,Data Science Guide,28.27,1,25,21.2,PayPal,Completed,2.3
ORD-004703,2026-01-17,CUST-00501,23.0,Central,Marketplace,Sports,Water Bottle,7.96,2,10,14.33,Crypto,Completed,4.1
ORD-004704,2026-06-14,CUST-00183,,,Mobile App,Clothing,Yoga Pants,63.08,2,0,126.16,Debit Card,Completed,
ORD-004705,2025-07-10,CUST-00697,20.0,North,Website,Beauty,Perfume,106.45,2,5,202.25,Crypto,Returned,1.8
ORD-004706,2025-07-11,CUST-00181,53.0,South,Marketplace,Beauty,Lip Gloss Set,12.68,1,5,12.05,Credit Card,Completed,1.6
ORD-004707,2026-09-14,CUST-00391,55.0,North,Marketplace,Automotive,Tire Inflator,70.98,3,0,212.94,Debit Card,Completed,4.9
ORD-004708,2026-07-22,CUST-00547,53.0,West,Mobile App,Books,Python Programming,38.63,1,15,32.84,Credit Card,Completed,2.9
ORD-004709,2025-12-19,CUST-00584,59.0,Central,Mobile App,Toys,Puzzle 1000pc,61.22,2,25,91.83,Debit Card,Completed,5.0
ORD-004710,2025-11-09,CUST-00934,62.0,West,Website,Clothing,Winter Coat,168.18,1,25,126.14,Credit Card,Completed,1.3
ORD-004711,2026-04-30,CUST-00345,46.0,North,Mobile App,Electronics,Wireless Earbuds,53.72,1,0,53.72,PayPal,Completed,1.9
ORD-004712,2025-11-05,CUST-00485,45.0,North,Website,Books,Business Mindset,23.04,2,0,46.08,Gift Card,Completed,2.7
ORD-004713,2026-08-11,CUST-00072,66.0,North,Website,Beauty,Hair Dryer,87.5,2,0,175.0,Credit Card,Completed,2.6
ORD-004714,2024-10-09,CUST-00473,30.0,South,Marketplace,Clothing,Yoga Pants,66.04,2,0,132.08,Crypto,Completed,2.2
ORD-004715,2025-03-12,CUST-00068,54.0,North,In-Store,Clothing,Running Shoes,53.75,1,5,51.06,Credit Card,Pending,2.8
ORD-004716,2025-03-03,CUST-00593,51.0,East,Mobile App,Toys,LEGO Set,53.43,1,10,48.09,Gift Card,Completed,2.3
ORD-004717,2026-01-06,CUST-00103,40.0,East,Mobile App,Sports,Resistance Bands,12.37,6,0,74.22,PayPal,Completed,
ORD-004718,2024-12-29,CUST-00780,35.0,North,Marketplace,Toys,LEGO Set,90.91,3,10,245.46,Gift Card,Completed,
ORD-004719,2025-01-11,CUST-00746,36.0,Central,Mobile App,Electronics,Bluetooth Speaker,94.76,2,15,161.09,PayPal,Completed,4.0
ORD-004720,2025-07-16,CUST-00015,56.0,North,Marketplace,Electronics,Laptop Stand,71.73,1,10,64.56,PayPal,Completed,1.6
ORD-004721,2026-06-23,CUST-00911,62.0,South,Website,Toys,Remote Car,67.02,3,0,201.06,Crypto,Completed,
ORD-004722,2026-04-03,CUST-00183,26.0,East,Website,Sports,Resistance Bands,26.33,2,15,44.76,Gift Card,Cancelled,4.4
ORD-004723,2025-12-02,CUST-00290,69.0,East,Website,Sports,Yoga Mat,62.65,1,0,62.65,Debit Card,Cancelled,4.3
ORD-004724,2026-04-07,CUST-00191,53.0,West,Marketplace,Toys,Doll Set,41.32,1,15,35.12,Crypto,Completed,3.3
ORD-004725,2024-11-13,CUST-00788,56.0,West,Website,Clothing,Denim Jacket,75.34,1,15,64.04,PayPal,Cancelled,3.1
ORD-004726,2025-08-10,CUST-00863,24.0,West,Mobile App,Automotive,Car Phone Mount,14.84,1,10,13.36,Credit Card,Completed,2.4
ORD-004727,2025-01-31,CUST-00665,31.0,South,Website,Beauty,Hair Dryer,21.56,1,5,20.48,Crypto,Completed,2.4
ORD-004728,2026-04-28,CUST-00399,47.0,North,Website,Books,Cook Book,27.67,1,0,27.67,Debit Card,Completed,2.4
ORD-004729,2025-02-04,CUST-00142,29.0,North,Mobile App,Home & Kitchen,Knife Set,23.31,4,0,93.24,PayPal,Completed,1.0
ORD-004730,2026-08-16,CUST-00279,24.0,West,Marketplace,Beauty,Lip Gloss Set,24.38,1,15,20.72,Credit Card,Completed,1.3
ORD-004731,2026-04-06,CUST-00625,23.0,East,In-Store,Beauty,Face Serum,47.34,1,10,42.61,PayPal,Completed,2.7
ORD-004732,2024-11-17,CUST-00902,54.0,Central,Website,Beauty,Perfume,142.35,1,0,142.35,Debit Card,Completed,2.2
ORD-004733,2026-07-07,CUST-00656,43.0,East,Website,Clothing,Denim Jacket,54.04,1,15,45.93,Crypto,Completed,
ORD-004734,2025-08-09,CUST-00337,26.0,North,Marketplace,Sports,Jump Rope,18.23,2,15,30.99,PayPal,Completed,4.0
ORD-004735,2026-03-31,CUST-00851,66.0,East,Mobile App,Books,Data Science Guide,40.49,1,10,36.44,PayPal,Completed,3.4
ORD-004736,2025-04-18,CUST-00997,25.0,West,Mobile App,Books,Business Mindset,24.39,2,5,46.34,Gift Card,Completed,2.4
ORD-004737,2026-03-25,CUST-00007,59.0,West,Website,Automotive,Car Phone Mount,31.5,1,5,29.92,Debit Card,Completed,4.1
ORD-004738,2026-02-04,CUST-00268,24.0,West,Mobile App,Clothing,Yoga Pants,25.38,1,0,25.38,Credit Card,Cancelled,2.3
ORD-004739,2025-11-21,CUST-00982,19.0,South,Mobile App,Toys,Remote Car,37.06,1,10,33.35,Gift Card,Completed,
ORD-004740,2025-06-24,CUST-00407,64.0,South,Marketplace,Beauty,Moisturizer,32.12,2,10,57.82,Crypto,Cancelled,
ORD-004741,2024-10-04,CUST-00970,67.0,East,Mobile App,Clothing,Denim Jacket,134.7,2,5,255.93,PayPal,Completed,3.0
ORD-004742,2025-12-29,CUST-00314,18.0,West,Mobile App,Automotive,Car Vacuum,108.5,2,5,206.15,Debit Card,Completed,3.8
ORD-004743,2025-07-08,CUST-00630,18.0,Central,Marketplace,Clothing,Denim Jacket,65.65,1,0,65.65,Gift Card,Pending,4.3
ORD-004744,2026-09-03,CUST-00618,52.0,Central,Website,Home & Kitchen,Bed Sheets,64.89,2,5,123.29,PayPal,Returned,1.4
ORD-004745,2025-01-17,CUST-00433,38.0,North,In-Store,Beauty,Face Serum,26.94,4,5,102.37,Credit Card,Returned,3.3
ORD-004746,2026-01-26,CUST-00902,37.0,South,Marketplace,Home & Kitchen,Bed Sheets,18.83,1,5,17.89,Gift Card,Completed,2.6
ORD-004747,2025-02-18,CUST-00072,46.0,East,Mobile App,Clothing,Running Shoes,55.41,1,5,52.64,Gift Card,Cancelled,2.3
ORD-004748,2026-02-06,CUST-00045,36.0,West,Mobile App,Electronics,Bluetooth Speaker,60.47,1,15,51.4,Debit Card,Completed,4.1
ORD-004749,2025-05-13,CUST-00481,41.0,South,Website,Automotive,Car Phone Mount,11.12,1,0,11.12,Debit Card,Cancelled,3.5
ORD-004750,2025-03-26,CUST-00642,20.0,South,In-Store,Beauty,Face Serum,49.32,1,0,49.32,Credit Card,Completed,
ORD-004751,2026-04-06,CUST-00228,62.0,South,Mobile App,Books,Data Science Guide,26.99,3,10,72.87,Gift Card,Completed,
ORD-004752,2024-12-03,CUST-00597,47.0,West,Marketplace,Clothing,Denim Jacket,157.2,1,25,117.9,Crypto,Cancelled,4.3
ORD-004753,2026-05-01,CUST-00449,29.0,Central,Marketplace,Home & Kitchen,Bed Sheets,54.75,1,5,52.01,Debit Card,Completed,3.9
ORD-004754,2025-06-01,CUST-00777,39.0,West,Website,Home & Kitchen,Blender,100.48,1,15,85.41,PayPal,Completed,3.0
ORD-004755,2026-05-29,CUST-00159,58.0,North,Website,Automotive,Seat Covers,34.08,1,20,27.26,Credit Card,Completed,4.4
ORD-004756,2025-01-05,CUST-00518,18.0,West,Website,Sports,Gym Bag,35.5,1,0,35.5,Debit Card,Returned,1.3
ORD-004757,2025-03-10,CUST-00224,,,Website,Electronics,Bluetooth Speaker,52.99,1,20,42.39,PayPal,Cancelled,
ORD-004758,2025-12-21,CUST-00200,39.0,North,Mobile App,Clothing,Polo Shirt,66.54,3,0,199.62,Credit Card,Pending,2.1
ORD-004759,2025-04-26,CUST-00175,18.0,West,Website,Electronics,Laptop Stand,34.47,1,15,29.3,Gift Card,Completed,3.6
ORD-004760,2025-07-21,CUST-00271,,North,Marketplace,Home & Kitchen,Blender,61.83,2,25,92.75,Crypto,Completed,
ORD-004761,2026-02-14,CUST-00759,26.0,Central,Marketplace,Toys,Remote Car,23.65,1,0,23.65,Credit Card,Pending,2.7
ORD-004762,2025-07-28,CUST-00922,28.0,East,Mobile App,Books,Fiction Novel,10.25,2,5,19.47,PayPal,Completed,2.6
ORD-004763,2025-04-06,CUST-00275,51.0,North,Marketplace,Home & Kitchen,Bed Sheets,68.38,2,5,129.92,Debit Card,Completed,3.1
ORD-004764,2026-05-06,CUST-00505,45.0,Central,Website,Beauty,Face Serum,61.33,2,0,122.66,Credit Card,Completed,2.1
ORD-004765,2025-06-26,CUST-00843,29.0,South,Website,Toys,Doll Set,30.91,1,5,29.36,Gift Card,Completed,4.1
ORD-004766,2024-10-10,CUST-00878,70.0,East,Mobile App,Clothing,Yoga Pants,56.18,1,20,44.94,Credit Card,Completed,4.7
ORD-004767,2025-07-10,CUST-00196,28.0,East,Website,Electronics,Wireless Earbuds,81.4,1,0,81.4,PayPal,Completed,2.6
ORD-004768,2025-03-06,CUST-00551,,,Marketplace,Electronics,Wireless Earbuds,101.97,1,25,76.48,Debit Card,Completed,
ORD-004769,2025-03-10,CUST-00407,47.0,Central,Mobile App,Toys,Puzzle 1000pc,10.7,3,5,30.49,Crypto,Completed,3.2
ORD-004770,2025-08-27,CUST-00204,23.0,Central,Website,Automotive,Car Phone Mount,26.36,2,20,42.18,Crypto,Completed,1.2
ORD-004771,2026-02-18,CUST-00643,25.0,Central,Website,Electronics,Laptop Stand,33.21,1,25,24.91,Gift Card,Completed,
ORD-004772,2024-12-08,CUST-00645,66.0,North,Marketplace,Clothing,Yoga Pants,107.09,1,0,107.09,PayPal,Completed,
ORD-004773,2025-08-05,CUST-00642,66.0,Central,Website,Sports,Water Bottle,18.31,2,5,34.79,PayPal,Completed,3.3
ORD-004774,2026-07-28,CUST-00430,34.0,Central,Marketplace,Electronics,Wireless Earbuds,149.08,1,10,134.17,Gift Card,Completed,1.0
ORD-004775,2025-08-06,CUST-00203,18.0,North,Website,Clothing,Winter Coat,141.89,1,10,127.7,Crypto,Completed,1.3
ORD-004776,2025-05-03,CUST-00570,68.0,East,Marketplace,Toys,LEGO Set,48.67,2,15,82.74,PayPal,Returned,4.6
ORD-004777,2025-12-30,CUST-00317,56.0,Central,In-Store,Electronics,Bluetooth Speaker,152.09,1,0,152.09,Credit Card,Completed,3.3
ORD-004778,2026-01-26,CUST-00263,47.0,North,Website,Home & Kitchen,Coffee Maker,86.58,3,0,259.74,Crypto,Completed,3.0
ORD-004779,2024-12-12,CUST-00420,44.0,South,Mobile App,Home & Kitchen,Air Fryer,273.16,1,15,232.19,Crypto,Completed,3.3
ORD-004780,2026-09-23,CUST-00975,57.0,North,Mobile App,Electronics,Laptop Stand,54.28,1,20,43.42,Debit Card,Cancelled,
ORD-004781,2026-09-03,CUST-00400,24.0,West,In-Store,Electronics,Wireless Earbuds,88.24,1,10,79.42,Gift Card,Cancelled,2.8
ORD-004782,2026-02-19,CUST-00526,41.0,East,Marketplace,Beauty,Hair Dryer,44.33,1,15,37.68,Credit Card,Returned,1.2
ORD-004783,2025-09-29,CUST-00852,61.0,West,Website,Automotive,Car Phone Mount,33.07,1,15,28.11,PayPal,Completed,2.1
ORD-004784,2025-06-12,CUST-00098,49.0,East,Mobile App,Toys,Board Game,30.8,1,5,29.26,Credit Card,Pending,1.6
ORD-004785,2025-01-10,CUST-00710,58.0,East,Mobile App,Electronics,Wireless Earbuds,70.86,8,10,510.19,Gift Card,Completed,2.7
ORD-004786,2026-06-23,CUST-00348,63.0,South,Website,Home & Kitchen,Bed Sheets,36.86,1,15,31.33,Crypto,Completed,
ORD-004787,2024-10-26,CUST-00818,45.0,Central,Mobile App,Books,Data Science Guide,33.93,2,15,57.68,Gift Card,Completed,1.3
ORD-004788,2024-12-12,CUST-00977,31.0,South,Website,Books,Python Programming,69.87,1,0,69.87,Gift Card,Cancelled,3.2
ORD-004789,2024-09-29,CUST-00730,18.0,South,Website,Home & Kitchen,Air Fryer,148.9,1,0,148.9,Gift Card,Completed,1.0
ORD-004790,2026-05-29,CUST-00833,60.0,West,Website,Sports,Yoga Mat,15.42,1,5,14.65,PayPal,Returned,3.6
ORD-004791,2025-01-18,CUST-00348,20.0,West,Website,Electronics,Wireless Earbuds,96.72,1,0,96.72,Credit Card,Completed,3.2
ORD-004792,2026-01-07,CUST-00699,22.0,West,Marketplace,Electronics,Bluetooth Speaker,50.65,1,0,50.65,Gift Card,Completed,2.6
ORD-004793,2026-09-07,CUST-00431,55.0,East,Mobile App,Clothing,Winter Coat,199.55,1,15,169.62,Gift Card,Completed,
ORD-004794,2025-03-21,CUST-00977,38.0,West,Mobile App,Toys,LEGO Set,44.78,1,0,44.78,Crypto,Cancelled,3.8
ORD-004795,2025-11-28,CUST-00585,35.0,East,In-Store,Home & Kitchen,Blender,90.92,1,20,72.74,Debit Card,Completed,2.4
ORD-004796,2026-08-10,CUST-00652,66.0,East,Website,Automotive,Car Vacuum,47.21,1,0,47.21,Debit Card,Completed,4.2
ORD-004797,2024-10-28,CUST-00824,70.0,West,Website,Automotive,Car Phone Mount,22.93,2,15,38.98,PayPal,Completed,2.1
ORD-004798,2025-08-26,CUST-00764,19.0,Central,Mobile App,Clothing,Winter Coat,206.28,1,15,175.34,Crypto,Completed,3.9
ORD-004799,2025-01-13,CUST-00591,37.0,South,Mobile App,Clothing,Denim Jacket,84.29,1,0,84.29,Credit Card,Completed,3.9
ORD-004800,2025-09-21,CUST-00639,60.0,Central,Marketplace,Home & Kitchen,Air Fryer,70.46,2,0,140.92,Debit Card,Completed,1.7
ORD-004801,2026-05-09,CUST-00320,29.0,West,Mobile App,Clothing,Yoga Pants,23.25,2,5,44.17,Debit Card,Returned,4.7
ORD-004802,2025-12-19,CUST-00233,37.0,South,Website,Books,Cook Book,55.29,1,5,52.53,Gift Card,Completed,4.1
ORD-004803,2026-06-11,CUST-00988,56.0,South,Marketplace,Toys,Doll Set,31.32,1,20,25.06,Credit Card,Cancelled,2.2
ORD-004804,2030-01-01 00:00:00,CUST-00822,57.0,South,Website,Toys,Doll Set,60.28,1,5,57.27,Crypto,Completed,
ORD-004805,2026-03-01,CUST-00649,56.0,Central,Marketplace,Clothing,Winter Coat,147.07,1,20,117.66,PayPal,Completed,2.9
ORD-004806,2025-12-27,CUST-00732,21.0,East,Mobile App,Beauty,Face Serum,40.9,1,0,40.9,Debit Card,Completed,1.5
ORD-004807,2026-02-23,CUST-00777,21.0,Central,In-Store,Electronics,Smartwatch,167.05,1,5,158.7,PayPal,Completed,
ORD-004808,2025-11-09,CUST-00872,28.0,West,Mobile App,Sports,Water Bottle,20.02,2,5,38.04,Credit Card,Pending,2.8
ORD-004809,2026-06-22,CUST-00927,53.0,South,Website,Automotive,Seat Covers,53.2,3,15,135.66,Credit Card,Completed,1.7
ORD-004810,2024-10-04,CUST-00471,19.0,North,Website,Books,Fiction Novel,21.9,1,5,20.8,Debit Card,Completed,3.8
ORD-004811,2026-01-23,CUST-00157,47.0,East,Mobile App,Automotive,Dash Cam,28.37,2,15,48.23,Gift Card,Completed,1.9
ORD-004812,2025-11-27,CUST-00947,35.0,East,In-Store,Automotive,Seat Covers,68.03,1,5,64.63,Crypto,Cancelled,4.3
ORD-004813,2024-10-02,CUST-00666,48.0,Central,Mobile App,Clothing,Yoga Pants,55.29,2,0,110.58,Gift Card,Completed,2.8
ORD-004814,2026-01-25,CUST-00693,55.0,West,Mobile App,Sports,Jump Rope,11.83,1,10,10.65,Crypto,Returned,4.1
ORD-004815,2026-05-30,CUST-00272,41.0,West,Mobile App,Home & Kitchen,Knife Set,27.9,1,10,25.11,Debit Card,Returned,3.2
ORD-004816,2024-10-12,CUST-00534,47.0,West,In-Store,Clothing,Polo Shirt,33.62,1,0,33.62,Debit Card,Completed,
ORD-004817,2025-12-06,CUST-00643,46.0,North,Website,Automotive,Car Vacuum,63.46,3,0,190.38,Gift Card,Cancelled,2.8
ORD-004818,2026-04-03,CUST-00080,70.0,North,Website,Toys,Remote Car,46.79,1,10,42.11,Gift Card,Completed,5.0
ORD-004819,2026-08-21,CUST-00429,60.0,North,Marketplace,Home & Kitchen,Bed Sheets,56.62,2,10,101.92,Gift Card,Completed,2.5
ORD-004820,2024-10-15,CUST-00720,27.0,North,Mobile App,Sports,Resistance Bands,42.4,1,5,40.28,PayPal,Completed,2.6
ORD-004821,2025-07-15,CUST-00339,23.0,North,Mobile App,Clothing,Polo Shirt,25.64,1,15,21.79,Crypto,Returned,2.4
ORD-004822,2026-03-23,CUST-00880,57.0,South,Marketplace,Home & Kitchen,Air Fryer,80.82,1,0,80.82,Debit Card,Completed,4.4
ORD-004823,2026-01-05,CUST-00677,69.0,Central,Mobile App,Electronics,Bluetooth Speaker,84.77,1,15,72.05,Credit Card,Cancelled,4.4
ORD-004824,2025-02-13,CUST-00756,70.0,East,Mobile App,Electronics,Wireless Earbuds,63.97,1,15,54.37,Gift Card,Completed,
ORD-004825,2024-10-29,CUST-00397,39.0,East,Website,Beauty,Perfume,101.51,1,0,101.51,Debit Card,Completed,4.6
ORD-004826,2026-09-16,CUST-00464,70.0,South,In-Store,Home & Kitchen,Blender,62.42,1,5,59.3,Credit Card,Completed,1.0
ORD-004827,2026-03-24,CUST-00128,23.0,North,Website,Home & Kitchen,Coffee Maker,100.62,1,5,95.59,Credit Card,Completed,
ORD-004828,2025-06-02,CUST-00784,49.0,Central,Website,Sports,Gym Bag,45.94,2,0,91.88,PayPal,Returned,2.8
ORD-004829,2026-04-26,CUST-00574,,,Website,Books,Business Mindset,26.54,2,0,53.08,Gift Card,Completed,
ORD-004830,2026-08-03,CUST-00426,59.0,West,Mobile App,Clothing,Winter Coat,214.64,1,10,193.18,PayPal,Completed,3.4
ORD-004831,2025-07-22,CUST-00833,35.0,West,Website,Electronics,Bluetooth Speaker,69.54,2,10,125.17,Gift Card,Pending,2.3
ORD-004832,2025-03-17,CUST-00664,51.0,South,Mobile App,Beauty,Lip Gloss Set,10.83,1,0,10.83,Debit Card,Completed,4.4
ORD-004833,2025-07-02,CUST-00744,47.0,North,Mobile App,Sports,Water Bottle,24.39,2,25,36.59,Crypto,Completed,3.3
ORD-004834,2025-12-01,CUST-00865,53.0,West,Website,Books,Python Programming,69.72,2,0,139.44,PayPal,Completed,3.3
ORD-004835,2026-06-11,CUST-00308,68.0,West,In-Store,Automotive,Dash Cam,148.45,1,0,148.45,Debit Card,Completed,3.7
ORD-004836,2025-09-15,CUST-00314,23.0,Central,Website,Home & Kitchen,Air Fryer,134.04,1,0,134.04,Gift Card,Returned,1.4
ORD-004837,2025-02-16,CUST-00076,42.0,East,Mobile App,Home & Kitchen,Coffee Maker,22.47,1,25,16.85,Debit Card,Completed,1.3
ORD-004838,2025-01-20,CUST-00733,52.0,West,Mobile App,Sports,Yoga Mat,20.73,1,15,17.62,Debit Card,Pending,1.0
ORD-004839,2025-06-27,CUST-00056,,,Website,Automotive,Tire Inflator,63.33,3,0,189.99,Debit Card,Pending,
ORD-004840,2024-12-31,CUST-00437,22.0,West,In-Store,Automotive,Car Vacuum,91.76,1,0,91.76,Gift Card,Completed,3.5
ORD-004841,2025-05-22,CUST-00558,33.0,East,Marketplace,Electronics,Smartwatch,126.99,1,25,95.24,Debit Card,Completed,4.6
ORD-004842,2025-08-16,CUST-00080,52.0,Central,Mobile App,Electronics,Laptop Stand,55.14,1,10,49.63,PayPal,Completed,3.5
ORD-004843,2024-11-12,CUST-00140,65.0,North,Website,Home & Kitchen,Coffee Maker,81.34,2,0,162.68,PayPal,Pending,3.1
ORD-004844,2026-03-21,CUST-00274,21.0,North,Website,Home & Kitchen,Coffee Maker,26.01,1,10,23.41,PayPal,Completed,2.8
ORD-004845,2025-04-25,CUST-00749,65.0,South,Marketplace,Automotive,Tire Inflator,74.98,3,15,191.2,PayPal,Completed,2.4
ORD-004846,2025-08-07,CUST-00072,69.0,North,Website,Automotive,Seat Covers,67.52,2,25,101.28,Credit Card,Completed,5.0
ORD-004847,2026-03-13,CUST-00306,32.0,South,Website,Automotive,Dash Cam,42.31,1,0,42.31,PayPal,Completed,2.7
ORD-004848,2026-01-07,CUST-00219,40.0,North,Marketplace,Sports,Jump Rope,9.05,1,5,8.6,Gift Card,Completed,3.2
ORD-004849,2025-05-12,CUST-00712,27.0,West,Website,Automotive,Dash Cam,73.42,1,10,66.08,Debit Card,Completed,
ORD-004850,2024-09-26,CUST-00178,53.0,South,Mobile App,Toys,Board Game,21.25,2,15,36.12,Crypto,Returned,3.1
ORD-004851,2025-06-20,CUST-00957,55.0,East,Mobile App,Electronics,USB-C Hub,32.47,1,25,24.35,Crypto,Completed,4.3
ORD-004852,2024-11-28,CUST-00646,55.0,East,Website,Electronics,Wireless Earbuds,136.92,7,5,910.52,Debit Card,Completed,
ORD-004853,2025-03-10,CUST-00883,20.0,North,Marketplace,Beauty,Face Serum,24.26,2,20,38.82,Gift Card,Completed,4.8
ORD-004854,2026-02-06,CUST-00242,42.0,South,Marketplace,Home & Kitchen,Coffee Maker,29.47,1,0,29.47,Credit Card,Completed,3.9
ORD-004855,2025-12-29,CUST-00435,36.0,West,Website,Electronics,Bluetooth Speaker,161.11,3,0,483.33,Crypto,Completed,4.5
ORD-004856,2026-09-22,CUST-00845,30.0,East,Marketplace,Automotive,Car Vacuum,27.61,6,15,140.81,Gift Card,Completed,4.6
ORD-004857,2025-10-27,CUST-00413,29.0,Central,Mobile App,Electronics,USB-C Hub,45.03,2,0,90.06,Gift Card,Completed,4.1
ORD-004858,2025-11-09,CUST-00850,30.0,East,Website,Automotive,Dash Cam,69.32,2,0,138.64,PayPal,Cancelled,2.6
ORD-004859,2025-11-20,CUST-00956,56.0,East,Website,Home & Kitchen,Bed Sheets,98.8,1,25,74.1,PayPal,Cancelled,4.8
ORD-004860,2025-12-08,CUST-00550,34.0,West,Website,Sports,Water Bottle,31.43,1,0,31.43,Crypto,Completed,3.9
ORD-004861,2025-03-12,CUST-00170,62.0,Central,Website,Toys,Doll Set,46.62,1,0,46.62,Credit Card,Completed,1.1
ORD-004862,2025-01-16,CUST-00270,66.0,South,Mobile App,Clothing,Denim Jacket,76.72,1,25,57.54,PayPal,Completed,
ORD-004863,2025-05-04,CUST-00982,67.0,South,Website,Automotive,Dash Cam,86.26,1,0,86.26,Gift Card,Completed,2.7
ORD-004864,2025-12-28,CUST-00241,,East,Website,Home & Kitchen,Coffee Maker,215.22,1,0,215.22,Credit Card,Completed,
ORD-004865,2024-11-11,CUST-00835,25.0,West,Website,Toys,Board Game,43.51,1,25,32.63,Credit Card,Completed,3.4
ORD-004866,2026-04-09,CUST-00623,36.0,South,Mobile App,Toys,Remote Car,49.85,1,0,49.85,Debit Card,Pending,3.3
ORD-004867,2025-03-27,CUST-00692,58.0,West,In-Store,Electronics,Smartwatch,173.94,1,10,156.55,Debit Card,Completed,3.8
ORD-004868,2025-05-12,CUST-00493,62.0,East,Mobile App,Beauty,Hair Dryer,25.73,1,0,25.73,PayPal,Completed,
ORD-004869,2026-03-10,CUST-00754,,Central,Website,Books,Python Programming,26.25,1,15,22.31,Debit Card,Completed,
ORD-004870,2025-08-07,CUST-00017,61.0,North,Mobile App,Sports,Jump Rope,13.04,1,10,11.74,Gift Card,Completed,3.9
ORD-004871,2025-03-09,CUST-00631,22.0,South,Website,Sports,Yoga Mat,31.77,10,5,301.81,Crypto,Completed,2.8
ORD-004872,2025-09-16,CUST-00499,68.0,North,Website,Automotive,Tire Inflator,45.1,3,15,115.01,Crypto,Completed,2.4
ORD-004873,2025-07-02,CUST-00081,44.0,North,Mobile App,Automotive,Car Phone Mount,16.29,1,10,14.66,Crypto,Completed,2.9
ORD-004874,2025-10-28,CUST-00518,24.0,West,Mobile App,Electronics,USB-C Hub,60.24,1,5,57.23,Crypto,Completed,2.5
ORD-004875,2025-11-04,CUST-00885,53.0,North,Marketplace,Clothing,Winter Coat,145.3,1,10,130.77,Crypto,Completed,1.9
ORD-004876,2025-10-22,CUST-00203,58.0,West,Website,Books,Python Programming,39.03,1,5,37.08,PayPal,Completed,1.5
ORD-004877,2026-02-17,CUST-00123,60.0,West,Website,Toys,Doll Set,14.59,1,10,13.13,Crypto,Completed,4.6
ORD-004878,2026-03-21,CUST-00684,54.0,South,Website,Sports,Gym Bag,54.38,2,20,87.01,Crypto,Returned,4.6
ORD-004879,2025-06-18,CUST-00247,67.0,North,Website,Home & Kitchen,Knife Set,81.9,1,10,73.71,PayPal,Completed,3.8
ORD-004880,2024-10-03,CUST-00252,51.0,East,Marketplace,Automotive,Seat Covers,56.51,2,25,84.77,Gift Card,Completed,1.2
ORD-004881,2026-05-08,CUST-00560,28.0,South,In-Store,Beauty,Moisturizer,25.26,2,10,45.47,Gift Card,Returned,2.8
ORD-004882,2025-09-17,CUST-00049,53.0,West,Mobile App,Automotive,Tire Inflator,62.15,3,0,186.45,Debit Card,Completed,1.3
ORD-004883,2025-02-01,CUST-00998,21.0,West,Mobile App,Clothing,Polo Shirt,29.12,1,0,29.12,Credit Card,Completed,1.2
ORD-004884,2026-04-26,CUST-00328,35.0,West,Marketplace,Automotive,Dash Cam,74.84,2,5,142.2,PayPal,Completed,
ORD-004885,2025-11-10,CUST-00016,25.0,North,Website,Electronics,Wireless Earbuds,166.71,2,0,333.42,Credit Card,Returned,1.7
ORD-004886,2026-09-12,CUST-00009,24.0,North,Website,Sports,Gym Bag,46.97,1,0,46.97,Debit Card,Returned,3.3
ORD-004887,2025-04-06,CUST-00595,46.0,South,Mobile App,Beauty,Hair Dryer,76.36,1,20,61.09,Crypto,Cancelled,2.0
ORD-004888,2026-07-23,CUST-00749,52.0,East,Mobile App,Toys,Board Game,29.29,4,0,117.16,Gift Card,Cancelled,
ORD-004889,2025-01-15,CUST-00636,36.0,West,Website,Books,Data Science Guide,36.22,1,20,28.98,Credit Card,Cancelled,3.4
ORD-004890,2024-10-03,CUST-00624,65.0,North,Marketplace,Automotive,Car Phone Mount,30.91,2,10,55.64,Debit Card,Completed,1.5
ORD-004891,2024-12-16,CUST-00548,55.0,Central,Website,Toys,Board Game,51.01,1,10,45.91,Credit Card,Completed,3.7
ORD-004892,2025-02-01,CUST-00581,50.0,South,Marketplace,Clothing,Polo Shirt,31.09,1,10,27.98,Crypto,Cancelled,3.7
ORD-004893,2025-03-04,CUST-00811,38.0,East,In-Store,Toys,Puzzle 1000pc,17.55,1,20,14.04,Crypto,Completed,2.8
ORD-004894,2026-02-07,CUST-00682,26.0,Central,Website,Automotive,Tire Inflator,39.23,1,0,39.23,Crypto,Completed,2.6
ORD-004895,2025-01-06,CUST-00923,60.0,South,Mobile App,Books,Data Science Guide,32.81,1,0,32.81,PayPal,Completed,1.4
ORD-004896,2026-05-27,CUST-00836,41.0,East,Mobile App,Home & Kitchen,Bed Sheets,51.68,1,10,46.51,Crypto,Completed,4.6
ORD-004897,2025-02-08,CUST-00369,33.0,South,Website,Sports,Jump Rope,3.28,1,15,2.79,Crypto,Pending,1.5
ORD-004898,2025-10-02,CUST-00450,28.0,Central,Mobile App,Books,Python Programming,41.07,1,10,36.96,Gift Card,Completed,
ORD-004899,2024-10-27,CUST-00796,70.0,West,Website,Home & Kitchen,Blender,99.89,2,5,189.79,Debit Card,Completed,1.9
ORD-004900,2026-02-06,CUST-00071,23.0,Central,Marketplace,Electronics,USB-C Hub,32.45,2,10,58.41,Credit Card,Completed,3.6
ORD-004901,2025-01-18,CUST-00640,52.0,North,Mobile App,Beauty,Perfume,35.17,1,5,33.41,Crypto,Completed,1.0
ORD-004902,2026-06-01,CUST-00115,55.0,West,Marketplace,Sports,Gym Bag,57.13,1,5,54.27,Debit Card,Completed,2.3
ORD-004903,2025-09-15,CUST-00851,67.0,North,In-Store,Toys,Remote Car,33.6,1,5,31.92,PayPal,Completed,3.5
ORD-004904,2026-08-16,CUST-00622,24.0,West,Website,Toys,Puzzle 1000pc,17.0,1,0,17.0,Crypto,Completed,2.0
ORD-004905,2025-10-26,CUST-00694,35.0,Central,Website,Beauty,Lip Gloss Set,22.66,2,0,45.32,Crypto,Completed,
ORD-004906,2025-02-24,CUST-00734,60.0,North,Mobile App,Beauty,Hair Dryer,44.15,2,10,79.47,Credit Card,Cancelled,3.2
ORD-004907,2026-01-01,CUST-00569,24.0,Central,Mobile App,Electronics,Smartwatch,105.52,1,0,105.52,Credit Card,Completed,2.2
ORD-004908,2026-06-30,CUST-01000,40.0,West,Marketplace,Clothing,Polo Shirt,25.71,1,0,25.71,PayPal,Cancelled,4.3
ORD-004909,2026-07-27,CUST-00188,68.0,South,Marketplace,Beauty,Perfume,62.46,1,15,53.09,PayPal,Completed,
ORD-004910,2025-05-15,CUST-00416,37.0,South,Website,Sports,Gym Bag,21.92,1,10,19.73,Debit Card,Completed,2.6
ORD-004911,2026-03-08,CUST-00302,22.0,East,Website,Toys,Board Game,12.61,1,5,11.98,Debit Card,Cancelled,3.6
ORD-004912,2026-04-02,CUST-00473,61.0,North,Marketplace,Clothing,Polo Shirt,26.75,3,5,76.24,Crypto,Completed,3.5
ORD-004913,2025-05-17,CUST-00867,35.0,South,Website,Automotive,Tire Inflator,58.96,2,0,117.92,PayPal,Returned,
ORD-004914,2026-09-05,CUST-00841,40.0,East,Website,Toys,Board Game,43.54,1,0,43.54,Credit Card,Completed,1.8
ORD-004915,2026-02-23,CUST-00388,24.0,South,Mobile App,Clothing,Winter Coat,82.64,1,20,66.11,Gift Card,Completed,2.6
ORD-004916,2024-09-27,CUST-00036,67.0,East,Mobile App,Books,Data Science Guide,49.35,1,0,49.35,Gift Card,Completed,4.1
ORD-004917,2025-03-10,CUST-00484,41.0,North,Marketplace,Sports,Resistance Bands,31.18,3,0,93.54,Gift Card,Completed,3.6
ORD-004918,2025-06-28,CUST-00217,26.0,South,Mobile App,Electronics,Bluetooth Speaker,45.93,1,5,43.63,Debit Card,Completed,4.2
ORD-004919,2025-02-13,CUST-00566,28.0,West,Website,Beauty,Hair Dryer,64.84,3,0,194.52,Credit Card,Completed,4.6
ORD-004920,2026-08-23,CUST-00788,25.0,South,Website,Sports,Gym Bag,57.16,3,0,171.48,Credit Card,Completed,4.0
ORD-004921,2025-02-03,CUST-00425,63.0,West,Mobile App,Books,Fiction Novel,7.08,4,5,26.9,Crypto,Completed,
ORD-004922,2025-07-27,CUST-00098,54.0,West,Website,Toys,LEGO Set,64.95,1,15,55.21,Debit Card,Completed,3.8
ORD-004923,2025-11-12,CUST-00085,,East,Website,Clothing,Denim Jacket,139.35,2,5,264.76,Crypto,Completed,
ORD-004924,2025-03-02,CUST-00649,68.0,North,Marketplace,Home & Kitchen,Knife Set,78.82,3,10,212.81,Credit Card,Completed,
ORD-004925,2025-08-11,CUST-00564,59.0,South,Mobile App,Automotive,Tire Inflator,36.3,2,15,61.71,Gift Card,Completed,
ORD-004926,2024-12-27,CUST-00833,45.0,North,Mobile App,Home & Kitchen,Knife Set,68.54,1,10,61.69,Crypto,Completed,1.8
ORD-004927,2026-02-17,CUST-00734,30.0,South,Website,Sports,Jump Rope,11.81,1,0,11.81,Debit Card,Pending,4.4
ORD-004928,2026-07-17,CUST-00765,51.0,North,Website,Automotive,Car Vacuum,59.06,1,5,56.11,PayPal,Completed,1.5
ORD-004929,2026-07-20,CUST-00008,35.0,East,Website,Automotive,Car Vacuum,35.71,1,5,33.92,PayPal,Completed,2.2
ORD-004930,2024-12-28,CUST-00307,33.0,North,Website,Sports,Yoga Mat,24.25,1,5,23.04,PayPal,Completed,1.7
ORD-004931,2026-05-16,CUST-00551,18.0,South,Website,Home & Kitchen,Knife Set,39.52,3,0,118.56,PayPal,Completed,2.5
ORD-004932,2024-10-10,CUST-00506,45.0,South,Marketplace,Automotive,Tire Inflator,57.5,1,15,48.88,Credit Card,Completed,1.1
ORD-004933,2025-03-14,CUST-00107,46.0,West,In-Store,Toys,Remote Car,32.62,4,15,110.91,Debit Card,Completed,
ORD-004934,2026-04-03,CUST-00949,40.0,West,Website,Clothing,Yoga Pants,47.29,3,0,141.87,Gift Card,Completed,2.7
ORD-004935,2025-07-26,CUST-00695,53.0,South,Website,Home & Kitchen,Blender,114.53,1,10,103.08,Crypto,Completed,4.4
ORD-004936,2025-12-31,CUST-00657,20.0,Central,Marketplace,Electronics,Bluetooth Speaker,88.31,2,15,150.13,Gift Card,Completed,1.7
ORD-004937,2024-10-15,CUST-00663,54.0,Central,Website,Home & Kitchen,Knife Set,37.57,1,0,37.57,Debit Card,Completed,2.0
ORD-004938,2025-04-12,CUST-00887,68.0,Central,Website,Clothing,Denim Jacket,41.84,3,0,125.52,Gift Card,Completed,1.1
ORD-004939,2026-02-21,CUST-00818,51.0,South,Marketplace,Home & Kitchen,Coffee Maker,56.88,2,10,102.38,Crypto,Completed,4.3
ORD-004940,2024-11-02,CUST-00757,29.0,East,In-Store,Books,Business Mindset,44.31,1,10,39.88,Debit Card,Completed,
ORD-004941,2024-10-08,CUST-00665,49.0,West,Mobile App,Home & Kitchen,Knife Set,26.33,2,0,52.66,Credit Card,Completed,3.1
ORD-004942,2026-09-06,CUST-00336,55.0,South,Website,Clothing,Yoga Pants,26.09,1,5,24.79,Credit Card,Completed,3.2
ORD-004943,2026-02-02,CUST-00555,50.0,East,Website,Beauty,Hair Dryer,24.13,1,10,21.72,PayPal,Completed,3.6
ORD-004944,2025-09-06,CUST-00587,25.0,Central,Mobile App,Toys,Puzzle 1000pc,37.0,1,0,37.0,Crypto,Pending,2.1
ORD-004945,2026-04-02,CUST-00920,48.0,North,Website,Clothing,Polo Shirt,16.96,4,25,50.88,PayPal,Returned,3.0
ORD-004946,2024-10-03,CUST-00796,51.0,North,Marketplace,Home & Kitchen,Knife Set,76.0,3,15,193.8,Debit Card,Completed,3.0
ORD-004947,2025-12-20,CUST-00578,37.0,West,Mobile App,Books,Business Mindset,53.25,1,10,47.93,Crypto,Completed,
ORD-004948,2024-10-11,CUST-00690,68.0,Central,In-Store,Home & Kitchen,Blender,103.0,1,20,82.4,Gift Card,Completed,2.9
ORD-004949,2025-02-26,CUST-00053,59.0,North,Mobile App,Sports,Jump Rope,9.8,1,10,8.82,Credit Card,Completed,
ORD-004950,2025-04-25,CUST-00835,30.0,South,In-Store,Electronics,Smartwatch,177.61,2,0,355.22,Gift Card,Completed,2.9
ORD-004951,2024-10-26,CUST-00089,25.0,East,Website,Sports,Yoga Mat,63.9,1,15,54.31,Gift Card,Completed,2.0
ORD-004952,2025-07-04,CUST-00113,62.0,North,Website,Sports,Resistance Bands,27.57,3,0,82.71,Debit Card,Returned,1.4
ORD-004953,2025-09-27,CUST-00118,31.0,Central,Website,Beauty,Hair Dryer,42.05,2,15,71.48,Crypto,Completed,1.5
ORD-004954,2025-11-13,CUST-00562,66.0,North,Website,Books,Cook Book,44.56,2,5,84.66,Credit Card,Completed,2.1
ORD-004955,2025-06-07,CUST-00120,35.0,North,Website,Electronics,Wireless Earbuds,105.68,2,0,211.36,Crypto,Completed,2.1
ORD-004956,2024-10-12,CUST-00989,50.0,Central,Marketplace,Books,Data Science Guide,35.45,1,15,30.13,PayPal,Completed,3.5
ORD-004957,2026-06-25,CUST-00339,43.0,East,Website,Clothing,Winter Coat,162.81,1,10,146.53,Crypto,Completed,4.5
ORD-004958,2025-02-05,CUST-00263,21.0,Central,In-Store,Electronics,Smartwatch,116.95,3,10,315.77,Debit Card,Completed,3.5
ORD-004959,2026-06-09,CUST-00006,52.0,West,Mobile App,Electronics,Bluetooth Speaker,136.02,1,0,136.02,Crypto,Completed,
ORD-004960,2024-10-11,CUST-00196,36.0,North,Website,Books,Data Science Guide,57.83,2,25,86.75,Gift Card,Pending,4.2
ORD-004961,2026-06-01,CUST-00003,19.0,East,Mobile App,Electronics,Smartwatch,311.28,1,5,295.72,Gift Card,Completed,2.7
ORD-004962,2026-08-11,CUST-00590,69.0,North,Mobile App,Clothing,Running Shoes,70.04,1,0,70.04,Crypto,Completed,
ORD-004963,2025-03-15,CUST-00554,63.0,West,Website,Beauty,Hair Dryer,29.73,1,15,25.27,Crypto,Completed,3.8
ORD-004964,2025-03-14,CUST-00889,47.0,West,Website,Books,Fiction Novel,8.96,1,10,8.06,PayPal,Completed,2.0
ORD-004965,2025-11-17,CUST-00562,53.0,Central,Marketplace,Clothing,Denim Jacket,143.47,1,5,136.3,Credit Card,Completed,3.5
ORD-004966,2025-01-17,CUST-00476,47.0,North,Mobile App,Toys,Remote Car,21.39,1,0,21.39,Debit Card,Completed,3.1
ORD-004967,2025-06-27,CUST-00335,57.0,East,In-Store,Toys,Remote Car,34.97,1,15,29.72,Gift Card,Completed,3.9
ORD-004968,2026-04-25,CUST-00101,37.0,East,Marketplace,Clothing,Denim Jacket,91.55,3,5,260.92,Gift Card,Completed,4.4
ORD-004969,2025-10-04,CUST-00717,44.0,North,Website,Home & Kitchen,Knife Set,56.23,1,5,53.42,Debit Card,Returned,2.8
ORD-004970,2025-10-23,CUST-00306,56.0,East,Mobile App,Beauty,Lip Gloss Set,13.54,3,5,38.59,Crypto,Completed,2.4
ORD-004971,2026-09-12,CUST-00631,62.0,North,In-Store,Toys,LEGO Set,41.87,4,20,133.98,Credit Card,Pending,2.1
ORD-004972,2024-12-21,CUST-00319,40.0,Central,Mobile App,Electronics,Laptop Stand,66.71,1,10,60.04,PayPal,Completed,
ORD-004973,2026-08-06,CUST-00837,49.0,South,Marketplace,Books,Fiction Novel,23.36,1,10,21.02,Credit Card,Completed,4.0
ORD-004974,2025-04-22,CUST-00187,55.0,North,In-Store,Beauty,Moisturizer,45.14,1,10,40.63,Debit Card,Completed,2.3
ORD-004975,2025-08-23,CUST-00803,46.0,Central,Website,Automotive,Car Phone Mount,22.13,1,20,17.7,Debit Card,Completed,4.2
ORD-004976,2025-03-30,CUST-00817,26.0,Central,Mobile App,Books,Cook Book,16.75,1,0,16.75,Gift Card,Completed,
ORD-004977,2026-08-04,CUST-00426,18.0,South,Website,Home & Kitchen,Bed Sheets,32.78,3,15,83.59,Gift Card,Completed,4.6
ORD-004978,2026-08-18,CUST-00178,45.0,West,Website,Clothing,Polo Shirt,59.88,1,25,44.91,Gift Card,Completed,1.5
ORD-004979,2026-06-12,CUST-00961,53.0,South,Marketplace,Clothing,Denim Jacket,73.51,2,15,124.97,Credit Card,Completed,4.9
ORD-004980,2025-03-14,CUST-00136,64.0,North,Website,Home & Kitchen,Coffee Maker,43.42,1,15,36.91,PayPal,Cancelled,1.2
ORD-004981,2026-09-15,CUST-00465,22.0,North,Mobile App,Toys,Puzzle 1000pc,30.93,1,0,30.93,PayPal,Completed,
ORD-004982,2025-03-03,CUST-00332,67.0,West,Website,Beauty,Lip Gloss Set,13.9,2,10,25.02,Gift Card,Cancelled,3.7
ORD-004983,2026-01-04,CUST-00244,55.0,West,Website,Sports,Gym Bag,46.68,1,15,39.68,Debit Card,Completed,3.8
ORD-004984,2025-01-10,CUST-00770,26.0,North,Website,Toys,Board Game,20.69,1,10,18.62,Debit Card,Completed,1.2
ORD-004985,2024-10-08,CUST-00731,62.0,Central,Website,Home & Kitchen,Air Fryer,132.84,2,25,199.26,Credit Card,Completed,5.0
ORD-004986,2026-02-22,CUST-00844,52.0,North,Marketplace,Beauty,Perfume,48.13,4,25,144.39,PayPal,Completed,
ORD-004987,2025-08-13,CUST-00080,63.0,West,Mobile App,Books,Data Science Guide,28.74,1,20,22.99,Credit Card,Completed,5.0
ORD-004988,2026-02-09,CUST-00755,24.0,West,In-Store,Beauty,Perfume,71.14,1,20,56.91,Crypto,Completed,2.8
ORD-004989,2025-12-24,CUST-00234,46.0,East,In-Store,Clothing,Polo Shirt,32.84,1,0,32.84,Crypto,Completed,
ORD-004990,2024-12-31,CUST-00634,36.0,South,Website,Beauty,Lip Gloss Set,29.78,6,20,142.94,Credit Card,Completed,
ORD-004991,2026-04-18,CUST-00094,65.0,West,In-Store,Home & Kitchen,Coffee Maker,49.06,1,25,36.8,PayPal,Completed,3.9
ORD-004992,2025-03-17,CUST-00463,57.0,South,In-Store,Beauty,Face Serum,54.93,2,10,98.87,Credit Card,Completed,
ORD-004993,2026-08-27,CUST-00813,69.0,Central,In-Store,Home & Kitchen,Bed Sheets,73.88,1,0,73.88,Gift Card,Completed,
ORD-004994,2024-12-18,CUST-00650,33.0,North,Marketplace,Automotive,Tire Inflator,118.62,2,0,237.24,Credit Card,Completed,3.8
ORD-004995,2026-03-29,CUST-00118,39.0,North,In-Store,Clothing,Running Shoes,36.98,1,10,33.28,PayPal,Completed,
ORD-004996,2026-05-26,CUST-00397,30.0,West,Mobile App,Home & Kitchen,Air Fryer,93.23,1,5,88.57,Crypto,Completed,
ORD-004997,2024-10-19,CUST-00139,56.0,West,Marketplace,Beauty,Moisturizer,39.87,2,10,71.77,Gift Card,Completed,1.7
ORD-004998,2025-05-01,CUST-00315,67.0,East,Mobile App,Electronics,Smartwatch,181.04,10,0,1810.4,Gift Card,Cancelled,
ORD-004999,2026-07-17,CUST-00366,56.0,West,Mobile App,Toys,Doll Set,59.22,2,15,100.67,Crypto,Completed,2.4
ORD-005000,2025-10-04,CUST-00242,55.0,North,Website,Home & Kitchen,Blender,91.5,1,0,91.5,PayPal,Completed,2.8
ORD-002176,2025-01-21,CUST-00047,22.0,Central,Mobile App,Books,Business Mindset,18.86,5,0,94.3,PayPal,Completed,
ORD-003157,2025-02-02,CUST-00241,51.0,South,Website,Beauty,Hair Dryer,36.41,1,0,36.41,PayPal,Returned,4.6
ORD-000338,2026-01-01,CUST-00019,23.0,North,Mobile App,Beauty,Face Serum,55.19,1,15,46.91,Credit Card,Completed,
ORD-000445,2026-08-11,CUST-00658,39.0,East,Website,Automotive,Car Vacuum,60.98,1,0,60.98,Gift Card,Completed,4.7
ORD-002335,2030-01-01 00:00:00,CUST-00696,,,Website,Books,Business Mindset,21.08,2,10,37.94,Credit Card,Completed,
ORD-002652,2025-11-09,CUST-00859,30.0,South,Marketplace,Home & Kitchen,Blender,97.03,4,25,291.09,Credit Card,Cancelled,3.1
ORD-000604,2025-08-14,CUST-00305,55.0,Central,Mobile App,Clothing,Winter Coat,116.39,3,0,349.17,Debit Card,Completed,3.9
ORD-002867,2025-02-25,CUST-00097,69.0,Central,Website,Home & Kitchen,Knife Set,55.15,1,20,44.12,PayPal,Completed,4.7
ORD-001931,2026-06-17,CUST-00386,68.0,Central,Website,Toys,Puzzle 1000pc,17.14,1,20,13.71,Credit Card,Cancelled,3.3
ORD-003726,2026-01-15,CUST-00795,41.0,East,Website,Automotive,Car Phone Mount,18.9,2,0,37.8,Debit Card,Completed,1.7
